酒蔵,酒蔵の歴史,ブランド,銘柄の歴史,シリーズ,主要銘柄,商品名,分類,甘辛目安,日本酒度,精米歩合,アルコール度数,飲み方,おすすめの飲み方,使用米,容量,参考価格,流通区分,備考,出典URL
今田酒造本店,1868（明治元）年創業。1910年に「富久長」を商標登録し、1950年に株式会社化。1997年に香港・米国への輸出を始め、2000年に今田美穂が杜氏、2017年に代表取締役へ就任し、八反草など地域性の高い酒造りを発展させている。,富久長,【ブランド史】今田酒造本店の主銘柄で、1910年に商標登録。戦後の法人化、1997年の海外輸出開始を経て、現在は広島在来の酒米「八反草」や瀬戸内の食文化を軸に、CLASSICS・INNOVATION・SEASONALなど複数のラインを展開している。 【商品史】2026年 IWC2026 Junmai部門 大会推奨メダル、2026年 フランス KURA MASTER 純米酒部門 プラチナの実績が商品ページに記録されている。2026-09-06時点で公式商品ページに現行品として掲載され、純米、使用米 国産米、精米歩合 60% / 70%の設計で展開されている。,,○,海風土 Seafood 純米,純米,不明,,60% / 70%,13度,冷酒 / 冷やして,10〜15℃程度に冷やして、米の旨味と酸のふくらみを引き出すのがおすすめ。冷やし過ぎると香りや旨味が閉じやすいため、少しずつ温度が上がる変化も楽しむとよい。,国産米,"720ml / 1,800ml","1,980～3,850円",一般流通,公式オンラインショップで在庫あり,https://fukucho.jp/products/seafood
今田酒造本店,1868（明治元）年創業。1910年に「富久長」を商標登録し、1950年に株式会社化。1997年に香港・米国への輸出を始め、2000年に今田美穂が杜氏、2017年に代表取締役へ就任し、八反草など地域性の高い酒造りを発展させている。,富久長,【ブランド史】今田酒造本店の主銘柄で、1910年に商標登録。戦後の法人化、1997年の海外輸出開始を経て、現在は広島在来の酒米「八反草」や瀬戸内の食文化を軸に、CLASSICS・INNOVATION・SEASONALなど複数のラインを展開している。 【商品史】定番の辛口純米を継続的に改良し、2021BYからはよりすっきりしたキレを目指して原料米の一部に原形精米（真吟）を導入。2026年SAKE COMPETITIONでBRONZEを受賞している。,,○,辛口純米,純米,辛口,,60% / 65%,15度,冷酒 / 常温 / 燗酒,冷酒では輪郭をすっきりと、40℃前後のぬる燗から燗酒では米の旨味と酸のふくらみを引き出す飲み方がおすすめ。食事に合わせるなら冷酒と燗の両方を試し、好みの温度帯を探すとよい。,東広島市産山田錦 / 兵庫県特A地区山田錦 / 広島県産米,"720ml / 1,800ml","1,980～3,300円",一般流通,公式オンラインショップで在庫あり / 二次DBでも存在確認,https://fukucho.jp/products/karakuchi
今田酒造本店,1868（明治元）年創業。1910年に「富久長」を商標登録し、1950年に株式会社化。1997年に香港・米国への輸出を始め、2000年に今田美穂が杜氏、2017年に代表取締役へ就任し、八反草など地域性の高い酒造りを発展させている。,富久長,【ブランド史】今田酒造本店の主銘柄で、1910年に商標登録。戦後の法人化、1997年の海外輸出開始を経て、現在は広島在来の酒米「八反草」や瀬戸内の食文化を軸に、CLASSICS・INNOVATION・SEASONALなど複数のラインを展開している。 【商品史】今田酒造本店が復活栽培した広島在来の酒米「八反草」を伝統の吟醸造りで醸すフラッグシップ。2021年CINVE、2022年Kura Master、2026年BANGKOK SAKE CHALLENGEなど国内外で受賞を重ねている。,,○,八反草 純米吟醸,純米吟醸,不明,,50% / 60%,15度,冷酒,10〜15℃程度の冷酒を起点に、吟醸香と軽快な旨味のバランスを活かすのがおすすめ。,八反草（契約栽培）,"720ml / 1,800ml","2,200～4,290円",一般流通,公式オンラインショップで在庫あり / 二次DBでも存在確認,https://fukucho.jp/products/hattanso-junmaiginjo
今田酒造本店,1868（明治元）年創業。1910年に「富久長」を商標登録し、1950年に株式会社化。1997年に香港・米国への輸出を始め、2000年に今田美穂が杜氏、2017年に代表取締役へ就任し、八反草など地域性の高い酒造りを発展させている。,富久長,【ブランド史】今田酒造本店の主銘柄で、1910年に商標登録。戦後の法人化、1997年の海外輸出開始を経て、現在は広島在来の酒米「八反草」や瀬戸内の食文化を軸に、CLASSICS・INNOVATION・SEASONALなど複数のラインを展開している。 【商品史】発売以来約30年続く純米吟醸のロングセラー。杜氏・今田美穂と同じ字を使いながら「びほ」と読み、軽やかな食中酒を志向する商品として長く展開されている。,,○,純米吟醸 美穂 Biho,純米吟醸,不明,,50% / 60%,15度,冷酒,10〜15℃程度の冷酒を起点に、吟醸香と軽快な旨味のバランスを活かすのがおすすめ。,東広島市産山田錦 / 兵庫県特A地区山田錦 / 広島県産米,"720ml / 1,800ml","2,090～3,960円",一般流通,公式オンラインショップで在庫あり,https://fukucho.jp/products/biho
今田酒造本店,1868（明治元）年創業。1910年に「富久長」を商標登録し、1950年に株式会社化。1997年に香港・米国への輸出を始め、2000年に今田美穂が杜氏、2017年に代表取締役へ就任し、八反草など地域性の高い酒造りを発展させている。,富久長,【ブランド史】今田酒造本店の主銘柄で、1910年に商標登録。戦後の法人化、1997年の海外輸出開始を経て、現在は広島在来の酒米「八反草」や瀬戸内の食文化を軸に、CLASSICS・INNOVATION・SEASONALなど複数のラインを展開している。 【商品史】復活栽培した八反草を用い、袋吊りで自然に滴る最初の雫だけを集める希少な純米大吟醸。名は世阿弥が説いた芸の最高位「妙花風」に由来し、年間生産約90本と案内されている。,,○,八反草 純米大吟醸 妙花風,純米大吟醸,不明,,40%,16度,冷酒,10〜15℃程度の冷酒を起点に、繊細な香りと上品な旨味を活かすのがおすすめ。,八反草（特別栽培米）,720ml,"13,200円",一般流通,公式オンラインショップで在庫あり,https://fukucho.jp/products/daiginjo_myokafu
今田酒造本店,1868（明治元）年創業。1910年に「富久長」を商標登録し、1950年に株式会社化。1997年に香港・米国への輸出を始め、2000年に今田美穂が杜氏、2017年に代表取締役へ就任し、八反草など地域性の高い酒造りを発展させている。,FUKUCHO LEGACY,【ブランド史】先代杜氏が残した1989年醸造の大吟醸雫酒を長期冷蔵熟成し、現代の富久長の仕込みへつなぐシリーズ。LEGACY I・IIは、その熟成酒を仕込み水の代わりに使う貴醸酒として、過去の技術と現在の造りを結びつけている。 【商品史】1989年から冷蔵熟成してきたコンテスト用大吟醸雫酒を、三段仕込みの留添えで仕込み水の代わりに使う貴醸酒。先代杜氏の広島吟醸造りを現代の富久長へつなぐために生まれたLEGACYシリーズの第一系統である。,,,FUKUCHO LEGACY I,その他,不明,,,,冷酒 / 常温,冷酒または常温で、長期熟成由来の複雑さと貴醸酒の甘やかさをゆっくり味わうのがおすすめ。冷やし過ぎず、小ぶりのワイングラスなどで少量ずつ温度変化を追うと余韻を感じやすい。,兵庫県特A地区山田錦,500ml,"33,000円",一般流通,公式オンラインショップで在庫あり,https://fukucho.jp/products/legacy1
今田酒造本店,1868（明治元）年創業。1910年に「富久長」を商標登録し、1950年に株式会社化。1997年に香港・米国への輸出を始め、2000年に今田美穂が杜氏、2017年に代表取締役へ就任し、八反草など地域性の高い酒造りを発展させている。,FUKUCHO LEGACY,【ブランド史】先代杜氏が残した1989年醸造の大吟醸雫酒を長期冷蔵熟成し、現代の富久長の仕込みへつなぐシリーズ。LEGACY I・IIは、その熟成酒を仕込み水の代わりに使う貴醸酒として、過去の技術と現在の造りを結びつけている。 【商品史】1989年醸造の長期熟成大吟醸雫酒を仕込みに用いるLEGACYの考え方を継ぎ、黄麹と白麹を併用して甘味と酸味を組み合わせた第二系統。過去の酒を原料として現代の醸造へ接続するシリーズである。,,,FUKUCHO LEGACY II,その他,不明,,,,冷酒 / 常温,冷酒または常温で、熟成酒の複雑味と白麹由来の酸味のバランスを楽しむのがおすすめ。食事と合わせる場合は冷酒から始め、少し温度が上がった状態で甘味と酸のまとまりを比べるとよい。,兵庫県特A地区山田錦,500ml,"33,000円",一般流通,公式オンラインショップで在庫あり,https://fukucho.jp/products/legacy2
今田酒造本店,1868（明治元）年創業。1910年に「富久長」を商標登録し、1950年に株式会社化。1997年に香港・米国への輸出を始め、2000年に今田美穂が杜氏、2017年に代表取締役へ就任し、八反草など地域性の高い酒造りを発展させている。,富久長,【ブランド史】今田酒造本店の主銘柄で、1910年に商標登録。戦後の法人化、1997年の海外輸出開始を経て、現在は広島在来の酒米「八反草」や瀬戸内の食文化を軸に、CLASSICS・INNOVATION・SEASONALなど複数のラインを展開している。 【商品史】広島の軟水醸造法と東広島のサタケの精米技術を結び直す企画から生まれた商品。玄米に近い形で磨く原形精米（真吟）を採用し、120年以上前の広島吟醸の技術史を現代の精米技術で再解釈している。,,,八反草 サタケシリーズ GENKEI,その他,不明,,,,冷酒,10〜15℃程度に冷やして、香味のまとまりを引き出すのがおすすめ。冷やし過ぎると香りや旨味が閉じやすいため、少しずつ温度が上がる変化も楽しむとよい。,広島県安芸高田市産八反草（契約栽培）,720ml,"2,200円",一般流通,公式オンラインショップで在庫あり,https://fukucho.jp/products/hattansogenkei
今田酒造本店,1868（明治元）年創業。1910年に「富久長」を商標登録し、1950年に株式会社化。1997年に香港・米国への輸出を始め、2000年に今田美穂が杜氏、2017年に代表取締役へ就任し、八反草など地域性の高い酒造りを発展させている。,富久長,【ブランド史】今田酒造本店の主銘柄で、1910年に商標登録。戦後の法人化、1997年の海外輸出開始を経て、現在は広島在来の酒米「八反草」や瀬戸内の食文化を軸に、CLASSICS・INNOVATION・SEASONALなど複数のラインを展開している。 【商品史】広島の軟水醸造法とサタケの精米技術を組み合わせるシリーズで、薄く磨く扁平精米（真吟）を採用。GENKEIと対になる商品として、精米形状の違いを酒質へ反映する現代的な実験ラインである。,,,八反草 サタケシリーズ HENPEI,その他,不明,,,,冷酒,10〜15℃程度に冷やして、香味のまとまりを引き出すのがおすすめ。冷やし過ぎると香りや旨味が閉じやすいため、少しずつ温度が上がる変化も楽しむとよい。,広島県安芸高田市産八反草（契約栽培）,720ml,"2,200円",一般流通,公式オンラインショップで在庫あり,https://fukucho.jp/products/hattansohenpei
今田酒造本店,1868（明治元）年創業。1910年に「富久長」を商標登録し、1950年に株式会社化。1997年に香港・米国への輸出を始め、2000年に今田美穂が杜氏、2017年に代表取締役へ就任し、八反草など地域性の高い酒造りを発展させている。,富久長,【ブランド史】今田酒造本店の主銘柄で、1910年に商標登録。戦後の法人化、1997年の海外輸出開始を経て、現在は広島在来の酒米「八反草」や瀬戸内の食文化を軸に、CLASSICS・INNOVATION・SEASONALなど複数のラインを展開している。 【商品史】2022BYから生酛由来の選抜乳酸菌を使う設計へ発展した。生酛という仕立てで通常品と区別される。原形精米（真吟）を商品設計に取り入れている。,,,八反草 純米 ハイブリッド生酛 特別栽培米R3,純米,不明,,,,冷酒 / 常温 / 燗酒,冷酒では輪郭をすっきりと、40℃前後のぬる燗から燗酒では米の旨味と酸のふくらみを引き出す飲み方がおすすめ。食事に合わせるなら冷酒と燗の両方を試し、好みの温度帯を探すとよい。,八反草（契約栽培）,720ml,"2,420円",一般流通,公式オンラインショップで在庫あり,https://fukucho.jp/products/hybridkimoto-r3-2021by
今田酒造本店,1868（明治元）年創業。1910年に「富久長」を商標登録し、1950年に株式会社化。1997年に香港・米国への輸出を始め、2000年に今田美穂が杜氏、2017年に代表取締役へ就任し、八反草など地域性の高い酒造りを発展させている。,富久長,【ブランド史】今田酒造本店の主銘柄で、1910年に商標登録。戦後の法人化、1997年の海外輸出開始を経て、現在は広島在来の酒米「八反草」や瀬戸内の食文化を軸に、CLASSICS・INNOVATION・SEASONALなど複数のラインを展開している。 【商品史】2022BYから生酛由来の選抜乳酸菌を使う設計へ発展した。生酛という仕立てで通常品と区別される。原形精米（真吟）を商品設計に取り入れている。,,,八反草 純米 ハイブリッド生酛 特別栽培米R4,純米,不明,,,,冷酒 / 常温 / 燗酒,冷酒では輪郭をすっきりと、40℃前後のぬる燗から燗酒では米の旨味と酸のふくらみを引き出す飲み方がおすすめ。食事に合わせるなら冷酒と燗の両方を試し、好みの温度帯を探すとよい。,八反草（契約栽培）,720ml,"2,420円",一般流通,公式オンラインショップで在庫あり,https://fukucho.jp/products/hybridkimoto-r4-2022by
今田酒造本店,1868（明治元）年創業。1910年に「富久長」を商標登録し、1950年に株式会社化。1997年に香港・米国への輸出を始め、2000年に今田美穂が杜氏、2017年に代表取締役へ就任し、八反草など地域性の高い酒造りを発展させている。,富久長,【ブランド史】今田酒造本店の主銘柄で、1910年に商標登録。戦後の法人化、1997年の海外輸出開始を経て、現在は広島在来の酒米「八反草」や瀬戸内の食文化を軸に、CLASSICS・INNOVATION・SEASONALなど複数のラインを展開している。 【商品史】低精米では溶けにくい八反草に、蒸米工程の工夫・真吟精米・広島令和一号酵母を組み合わせて開発された新しい辛口純米。2025年4月10日に新商品として発売され、2026年IWC Junmai部門でシルバーを受賞した。,,,八反草 純米 軟水仕込 辛口,純米,辛口,,60% / 65%,14度,冷酒 / 常温,10〜15℃程度に冷やして、米の旨味と酸のふくらみを引き出すのがおすすめ。冷やし過ぎると香りや旨味が閉じやすいため、少しずつ温度が上がる変化も楽しむとよい。,八反草（契約栽培）,"720ml / 1,800ml","1,980～3,520円",一般流通,公式オンラインショップで在庫あり,https://fukucho.jp/products/hattansojunmai
今田酒造本店,1868（明治元）年創業。1910年に「富久長」を商標登録し、1950年に株式会社化。1997年に香港・米国への輸出を始め、2000年に今田美穂が杜氏、2017年に代表取締役へ就任し、八反草など地域性の高い酒造りを発展させている。,富久長,【ブランド史】今田酒造本店の主銘柄で、1910年に商標登録。戦後の法人化、1997年の海外輸出開始を経て、現在は広島在来の酒米「八反草」や瀬戸内の食文化を軸に、CLASSICS・INNOVATION・SEASONALなど複数のラインを展開している。 【商品史】季節商品として展開される。ひやおろしという仕立てで通常品と区別される。2026-09-06時点で公式商品ページに現行品として掲載され、純米、使用米 広島県東広島市産山田錦 / 兵庫県特A地区山田錦 / 広島県産米の設計で展開されている。,,,秋櫻〈コスモス〉 純米 ひやおろし,純米,不明,,,,冷酒 / 常温,10〜15℃程度に冷やして、熟成でまとまった旨味を引き出すのがおすすめ。冷やし過ぎると香りや旨味が閉じやすいため、少しずつ温度が上がる変化も楽しむとよい。,広島県東広島市産山田錦 / 兵庫県特A地区山田錦 / 広島県産米,"720ml / 1,800ml","1,870～3,850円",季節商品,公式オンラインショップで在庫あり / 二次DBでも存在確認,https://fukucho.jp/products/cosmos
今田酒造本店,1868（明治元）年創業。1910年に「富久長」を商標登録し、1950年に株式会社化。1997年に香港・米国への輸出を始め、2000年に今田美穂が杜氏、2017年に代表取締役へ就任し、八反草など地域性の高い酒造りを発展させている。,富久長,【ブランド史】今田酒造本店の主銘柄で、1910年に商標登録。戦後の法人化、1997年の海外輸出開始を経て、現在は広島在来の酒米「八反草」や瀬戸内の食文化を軸に、CLASSICS・INNOVATION・SEASONALなど複数のラインを展開している。 【商品史】1980年代に先代が開発して以来、30年以上にわたり改良を続けてきた富久長のロングセラー。瓶内発酵の泡とにごりを両立させ、現在は耐圧瓶・瓶火入れで安定流通させる設計へ発展している。,,,純米にごり スパークリング 白美 HAKUBI,純米,不明,,,,冷酒 / 常温,まずは5〜10℃程度までしっかり冷やし、発泡感やにごりの口当たりを活かすのがおすすめ。温度が上がり過ぎないうちに飲み、原酒で強く感じる場合に「ロック」の記載がある商品は大きめの氷を一つ加えると飲みやすい。,広島県東広島市産山田錦 / 兵庫県特A地区山田錦 / 広島県産米,500ml,"1,870円",一般流通,公式オンラインショップで在庫あり,https://fukucho.jp/products/hakubi
今田酒造本店,1868（明治元）年創業。1910年に「富久長」を商標登録し、1950年に株式会社化。1997年に香港・米国への輸出を始め、2000年に今田美穂が杜氏、2017年に代表取締役へ就任し、八反草など地域性の高い酒造りを発展させている。,富久長,【ブランド史】今田酒造本店の主銘柄で、1910年に商標登録。戦後の法人化、1997年の海外輸出開始を経て、現在は広島在来の酒米「八反草」や瀬戸内の食文化を軸に、CLASSICS・INNOVATION・SEASONALなど複数のラインを展開している。 【商品史】2013年、富久長が高温糖化と伝統的な生酛系酒母を組み合わせた「ハイブリッド酒母」を開発。その技術を復活栽培した八反草へ適用し、複雑味を引き出す商品へ発展させた。,,,八反草 純米吟醸 ハイブリッド生酛,純米吟醸,不明,,,,冷酒 / 常温,10〜15℃程度の冷酒を起点に、吟醸香と軽快な旨味のバランスを活かすのがおすすめ。常温も適温に含まれるため、グラスの中で少し温度を上げて香りと旨味の変化を比べるとよい。,広島県安芸高田市産八反草（契約栽培）,"720ml / 1,800ml","2,200～4,290円",一般流通,公式オンラインショップで在庫あり,https://fukucho.jp/products/hybridkimoto-junmaiginjo
今田酒造本店,1868（明治元）年創業。1910年に「富久長」を商標登録し、1950年に株式会社化。1997年に香港・米国への輸出を始め、2000年に今田美穂が杜氏、2017年に代表取締役へ就任し、八反草など地域性の高い酒造りを発展させている。,富久長,【ブランド史】今田酒造本店の主銘柄で、1910年に商標登録。戦後の法人化、1997年の海外輸出開始を経て、現在は広島在来の酒米「八反草」や瀬戸内の食文化を軸に、CLASSICS・INNOVATION・SEASONALなど複数のラインを展開している。 【商品史】今田美穂が杜氏になって初めて挑戦した思い入れのある銘柄。「純米吟醸でも造りは純米大吟醸と同じくらい極める」という考えで設計され、富久長の顔として長く親しまれてきた。,,,山田錦 純米吟醸,純米吟醸,不明,,,,冷酒,10〜15℃程度の冷酒を起点に、吟醸香と軽快な旨味のバランスを活かすのがおすすめ。,広島県東広島市産山田錦 / 兵庫県特A地区山田錦,"720ml / 1,800ml","2,200～4,290円",一般流通,公式オンラインショップで在庫あり / 二次DBでも存在確認,https://fukucho.jp/products/yamadanishiki-junmaiginjo
今田酒造本店,1868（明治元）年創業。1910年に「富久長」を商標登録し、1950年に株式会社化。1997年に香港・米国への輸出を始め、2000年に今田美穂が杜氏、2017年に代表取締役へ就任し、八反草など地域性の高い酒造りを発展させている。,富久長,【ブランド史】今田酒造本店の主銘柄で、1910年に商標登録。戦後の法人化、1997年の海外輸出開始を経て、現在は広島在来の酒米「八反草」や瀬戸内の食文化を軸に、CLASSICS・INNOVATION・SEASONALなど複数のラインを展開している。 【商品史】「秋櫻」をコスモスの和名から取った秋季商品で、瓶火入れ後ひと夏熟成させて出荷する。純米吟醸版は30年以上にわたり愛されてきた富久長の秋酒ロングセラーである。,,,秋櫻〈コスモス〉 純米吟醸 ひやおろし,純米吟醸,不明,,,,冷酒,10〜15℃程度の冷酒を起点に、熟成でまとまった旨味を引き出すのがおすすめ。,広島県東広島市産山田錦 / 兵庫県特A地区山田錦 / 広島県産米,"720ml / 1,800ml","1,870～3,850円",季節商品,公式オンラインショップで在庫あり / 二次DBでも存在確認,https://fukucho.jp/products/cosmos-junmaiginjo
今田酒造本店,1868（明治元）年創業。1910年に「富久長」を商標登録し、1950年に株式会社化。1997年に香港・米国への輸出を始め、2000年に今田美穂が杜氏、2017年に代表取締役へ就任し、八反草など地域性の高い酒造りを発展させている。,富久長,【ブランド史】今田酒造本店の主銘柄で、1910年に商標登録。戦後の法人化、1997年の海外輸出開始を経て、現在は広島在来の酒米「八反草」や瀬戸内の食文化を軸に、CLASSICS・INNOVATION・SEASONALなど複数のラインを展開している。 【商品史】復活栽培した八反草を減農薬・減肥料で育て、純米大吟醸として仕立てる少量生産品。年間生産は約1200本と案内され、2026年SAKE COMPETITIONでSILVERを受賞した。,,,八反草 純米大吟醸,純米大吟醸,不明,,40%,15度,冷酒,10〜15℃程度の冷酒を起点に、繊細な香りと上品な旨味を活かすのがおすすめ。,八反草（特別栽培米）,720ml,"3,850円",一般流通,公式オンラインショップで在庫あり,https://fukucho.jp/products/daiginjo
今田酒造本店,1868（明治元）年創業。1910年に「富久長」を商標登録し、1950年に株式会社化。1997年に香港・米国への輸出を始め、2000年に今田美穂が杜氏、2017年に代表取締役へ就任し、八反草など地域性の高い酒造りを発展させている。,富久長,【ブランド史】今田酒造本店の主銘柄で、1910年に商標登録。戦後の法人化、1997年の海外輸出開始を経て、現在は広島在来の酒米「八反草」や瀬戸内の食文化を軸に、CLASSICS・INNOVATION・SEASONALなど複数のラインを展開している。 【商品史】八反草純米大吟醸の搾り始めに流れ出る「あらばしり」部分を瓶詰めする限定商品。年間生産約300本とされ、同じ純米大吟醸の中でも初期搾汁だけを分けた派生品として展開されている。,,,八反草 純米大吟醸 はしり,純米大吟醸,不明,,,,冷酒,10〜15℃程度の冷酒を起点に、繊細な香りと上品な旨味を活かすのがおすすめ。,八反草（特別栽培米）,720ml,"6,600円",一般流通,公式オンラインショップで在庫あり,https://fukucho.jp/products/daiginjo_hashiri
柄酒造,1848（嘉永元）年、安芸津で槌屋忠左衛門が柄本家酒造場を創業し、創業銘柄「於多福」を醸し始めた。1907年の第1回全国清酒品評会では「於多福」が優等一位。現在は9代目蔵元・杜氏へ技術と蔵をつなぎ、伝統銘柄と新しい酒を並行して展開している。,於多福,【ブランド史】1848（嘉永元）年の創業時から続く柄酒造の銘柄。1907年の第1回全国清酒品評会で優等一位を受賞し、安芸津の地酒として受け継がれてきた。広島県酒造組合の紹介では、創業家の船「於多福丸」と「米を福ととらえる思い」が名の背景とされる。 【商品史】2026-09-06時点で公式商品ページに現行品として掲載され、大吟醸、使用米 千本錦、精米歩合 40%の設計で展開されている。,,○,於多福 大吟醸,大吟醸,不明,,40%,16.5度,冷酒 / 常温,10〜15℃程度の冷酒を起点に、繊細な香りと上品な旨味を活かすのがおすすめ。常温も適温に含まれるため、グラスの中で少し温度を上げて香りと旨味の変化を比べるとよい。,千本錦,"720ml / 1,800ml","3,080～6,160円",一般流通,公式オンラインショップで販売確認 / 二次DBでも存在確認,https://www.tsukasyuzou.jp/products/於多福-大吟醸-1800ml
柄酒造,1848（嘉永元）年、安芸津で槌屋忠左衛門が柄本家酒造場を創業し、創業銘柄「於多福」を醸し始めた。1907年の第1回全国清酒品評会では「於多福」が優等一位。現在は9代目蔵元・杜氏へ技術と蔵をつなぎ、伝統銘柄と新しい酒を並行して展開している。,9代目於多福,【ブランド史】9代目蔵元・杜氏の柄総一郎が担う現行ラインで、創業銘柄「於多福」の名を継ぎながら、新しい設計の酒を展開するシリーズ。2026年には素数をテーマにした「protos.」や季節酒「つきあかり」などを発売している。 【商品史】2026-09-06時点で公式商品ページに現行品として掲載され、純米、使用米 八反錦、精米歩合 60%の設計で展開されている。,,○,9代目於多福 純米 火入れ,純米,不明,,60%,15度,冷酒 / 常温,蔵元表示どおり冷酒を第一候補にし、10〜15℃程度で米の旨味とすっきりした辛口の輪郭を楽しむのがおすすめ。常温でもまとまりが出るため、普段の食中酒なら冷酒から常温への変化も試しやすい。,八反錦,"720ml / 1,800ml","1,760～3,300円",一般流通,公式オンラインショップで販売確認,https://www.tsukasyuzou.jp/products/火入れ-9代目於多福-純米
柄酒造,1848（嘉永元）年、安芸津で槌屋忠左衛門が柄本家酒造場を創業し、創業銘柄「於多福」を醸し始めた。1907年の第1回全国清酒品評会では「於多福」が優等一位。現在は9代目蔵元・杜氏へ技術と蔵をつなぎ、伝統銘柄と新しい酒を並行して展開している。,9代目於多福,【ブランド史】9代目蔵元・杜氏の柄総一郎が担う現行ラインで、創業銘柄「於多福」の名を継ぎながら、新しい設計の酒を展開するシリーズ。2026年には素数をテーマにした「protos.」や季節酒「つきあかり」などを発売している。 【商品史】2026-09-06時点で公式商品ページに現行品として掲載され、純米吟醸、使用米 八反錦、精米歩合 50%の設計で展開されている。,,○,9代目於多福 純米吟醸 火入れ,純米吟醸,不明,,50%,15度,冷酒 / 常温,蔵元が冷酒を最も推しているため、10〜15℃程度に冷やして香りと辛口のバランスを楽しむのがおすすめ。冷やし過ぎず、グラスの中で常温に近づく変化も追うと旨味が分かりやすい。,八反錦,"720ml / 1,800ml","2,200～3,740円",一般流通,公式オンラインショップで販売確認,https://www.tsukasyuzou.jp/products/火入れ-9代目於多福-純米吟醸
柄酒造,1848（嘉永元）年、安芸津で槌屋忠左衛門が柄本家酒造場を創業し、創業銘柄「於多福」を醸し始めた。1907年の第1回全国清酒品評会では「於多福」が優等一位。現在は9代目蔵元・杜氏へ技術と蔵をつなぎ、伝統銘柄と新しい酒を並行して展開している。,於多福,【ブランド史】1848（嘉永元）年の創業時から続く柄酒造の銘柄。1907年の第1回全国清酒品評会で優等一位を受賞し、安芸津の地酒として受け継がれてきた。広島県酒造組合の紹介では、創業家の船「於多福丸」と「米を福ととらえる思い」が名の背景とされる。 【商品史】2026-09-06時点で公式商品ページに現行品として掲載され、純米吟醸、使用米 八反錦、精米歩合 60％の設計で展開されている。,,○,於多福 純米吟醸,純米吟醸,不明,,60％,15.5度,冷酒 / 冷やして / 常温,10〜15℃程度の冷酒を起点に、吟醸香と軽快な旨味のバランスを活かすのがおすすめ。常温も適温に含まれるため、グラスの中で少し温度を上げて香りと旨味の変化を比べるとよい。,八反錦,"720ml / 1,800ml","1,980～3,740円",一般流通,公式オンラインショップで販売確認 / 二次DBでも存在確認,https://www.tsukasyuzou.jp/products/於多福-純米吟醸-1800ml
柄酒造,1848（嘉永元）年、安芸津で槌屋忠左衛門が柄本家酒造場を創業し、創業銘柄「於多福」を醸し始めた。1907年の第1回全国清酒品評会では「於多福」が優等一位。現在は9代目蔵元・杜氏へ技術と蔵をつなぎ、伝統銘柄と新しい酒を並行して展開している。,9代目於多福,【ブランド史】9代目蔵元・杜氏の柄総一郎が担う現行ラインで、創業銘柄「於多福」の名を継ぎながら、新しい設計の酒を展開するシリーズ。2026年には素数をテーマにした「protos.」や季節酒「つきあかり」などを発売している。 【商品史】2026-09-06時点で公式商品ページに現行品として掲載され、純米大吟醸、使用米 千本錦、精米歩合 40%の設計で展開されている。,,○,9代目於多福 純米大吟醸 火入れ,純米大吟醸,不明,,40%,15度,冷酒 / 常温,香りを活かすため、10〜15℃程度の冷酒が第一候補。冷やし過ぎずにゆっくり飲み、常温へ近づくにつれて香りと米の旨味が広がる変化を楽しむのがおすすめ。,千本錦,"720ml / 1,800ml","3,080～6,160円",一般流通,公式オンラインショップで販売確認,https://www.tsukasyuzou.jp/products/火入れ-9代目於多福-純米大吟醸-720ml-1800ml
柄酒造,1848（嘉永元）年、安芸津で槌屋忠左衛門が柄本家酒造場を創業し、創業銘柄「於多福」を醸し始めた。1907年の第1回全国清酒品評会では「於多福」が優等一位。現在は9代目蔵元・杜氏へ技術と蔵をつなぎ、伝統銘柄と新しい酒を並行して展開している。,9代目於多福,【ブランド史】9代目蔵元・杜氏の柄総一郎が担う現行ラインで、創業銘柄「於多福」の名を継ぎながら、新しい設計の酒を展開するシリーズ。2026年には素数をテーマにした「protos.」や季節酒「つきあかり」などを発売している。 【商品史】9代目蔵元・杜氏が数学の「素数」をテーマにスペックを設計した9代目於多福シリーズの商品で、火入れ720mlは2026年7月22日に発売開始。伝統銘柄に新しい発想を重ねる現行ラインを象徴する一本である。,,,9代目於多福 protos. 火入れ,その他,不明,,７１%,１３度,冷酒 / 常温,10〜15℃程度に冷やして、香味のまとまりを引き出すのがおすすめ。冷やし過ぎると香りや旨味が閉じやすいため、少しずつ温度が上がる変化も楽しむとよい。,八反錦,720ml,"1,980円",一般流通,公式オンラインショップで販売確認,https://www.tsukasyuzou.jp/products/9代目於多福-protos-720ml-火入れ
柄酒造,1848（嘉永元）年、安芸津で槌屋忠左衛門が柄本家酒造場を創業し、創業銘柄「於多福」を醸し始めた。1907年の第1回全国清酒品評会では「於多福」が優等一位。現在は9代目蔵元・杜氏へ技術と蔵をつなぎ、伝統銘柄と新しい酒を並行して展開している。,於多福,【ブランド史】1848（嘉永元）年の創業時から続く柄酒造の銘柄。1907年の第1回全国清酒品評会で優等一位を受賞し、安芸津の地酒として受け継がれてきた。広島県酒造組合の紹介では、創業家の船「於多福丸」と「米を福ととらえる思い」が名の背景とされる。 【商品史】2026-09-06時点で公式商品ページに現行品として掲載され、使用米 千本錦、精米歩合 40％の設計で展開されている。,,,於多福 一番取り,その他,不明,,40％,16.5度,冷酒,10〜15℃程度に冷やして、香味のまとまりを引き出すのがおすすめ。冷やし過ぎると香りや旨味が閉じやすいため、少しずつ温度が上がる変化も楽しむとよい。,千本錦,720ml,"6,600円",一般流通,公式オンラインショップで販売確認,https://www.tsukasyuzou.jp/products/関西一-一番取り-720ml
柄酒造,1848（嘉永元）年、安芸津で槌屋忠左衛門が柄本家酒造場を創業し、創業銘柄「於多福」を醸し始めた。1907年の第1回全国清酒品評会では「於多福」が優等一位。現在は9代目蔵元・杜氏へ技術と蔵をつなぎ、伝統銘柄と新しい酒を並行して展開している。,於多福,【ブランド史】1848（嘉永元）年の創業時から続く柄酒造の銘柄。1907年の第1回全国清酒品評会で優等一位を受賞し、安芸津の地酒として受け継がれてきた。広島県酒造組合の紹介では、創業家の船「於多福丸」と「米を福ととらえる思い」が名の背景とされる。 【商品史】2026-09-06時点で公式商品ページに現行品として掲載され、本醸造、使用米 八反錦、精米歩合 65％の設計で展開されている。,,,於多福 本醸造,本醸造,不明,,65％,15.5度,冷酒 / 常温 / 熱燗,冷酒では輪郭をすっきりと、40℃前後のぬる燗から燗酒では日常酒らしいキレと旨味を引き出す飲み方がおすすめ。食事に合わせるなら冷酒と燗の両方を試し、好みの温度帯を探すとよい。,八反錦,720ml,"1,320円",一般流通,公式オンラインショップで販売確認,https://www.tsukasyuzou.jp/products/関西一-本醸造-720ml
柄酒造,1848（嘉永元）年、安芸津で槌屋忠左衛門が柄本家酒造場を創業し、創業銘柄「於多福」を醸し始めた。1907年の第1回全国清酒品評会では「於多福」が優等一位。現在は9代目蔵元・杜氏へ技術と蔵をつなぎ、伝統銘柄と新しい酒を並行して展開している。,9代目於多福,【ブランド史】9代目蔵元・杜氏の柄総一郎が担う現行ラインで、創業銘柄「於多福」の名を継ぎながら、新しい設計の酒を展開するシリーズ。2026年には素数をテーマにした「protos.」や季節酒「つきあかり」などを発売している。 【商品史】2026-09-06時点で公式商品ページに現行品として掲載され、特別純米、使用米 八反錦の設計で展開されている。,,,9代目於多福 特別純米 火入れ,特別純米,不明,,,15度,冷酒 / 常温,ラインナップ中でも特に辛口のため、まず10〜15℃程度の冷酒でシャープな後口を楽しむのがおすすめ。常温でも飲めるので、食中では温度を少し戻しながら米の旨味とのバランスを見るとよい。,八反錦,"720ml / 1,800ml","1,980～3,740円",一般流通,公式オンラインショップで販売確認,https://www.tsukasyuzou.jp/products/火入れ-9代目於多福-特別純米
柄酒造,1848（嘉永元）年、安芸津で槌屋忠左衛門が柄本家酒造場を創業し、創業銘柄「於多福」を醸し始めた。1907年の第1回全国清酒品評会では「於多福」が優等一位。現在は9代目蔵元・杜氏へ技術と蔵をつなぎ、伝統銘柄と新しい酒を並行して展開している。,9代目於多福,【ブランド史】9代目蔵元・杜氏の柄総一郎が担う現行ラインで、創業銘柄「於多福」の名を継ぎながら、新しい設計の酒を展開するシリーズ。2026年には素数をテーマにした「protos.」や季節酒「つきあかり」などを発売している。 【商品史】9代目於多福の季節商品として2026年9月3日に発売開始された純米酒。9代目蔵元・杜氏による新しい於多福ラインの2026年秋商品として加わった。,,,9代目於多福 純米 つきあかり,純米,不明,,60%,15度,冷酒 / 常温,10〜15℃程度に冷やして、米の旨味と酸のふくらみを引き出すのがおすすめ。冷やし過ぎると香りや旨味が閉じやすいため、少しずつ温度が上がる変化も楽しむとよい。,山田錦,720ml,"2,090円",季節商品,公式オンラインショップで販売確認,https://www.tsukasyuzou.jp/products/9代目於多福-つきあかり-720ml
柄酒造,1848（嘉永元）年、安芸津で槌屋忠左衛門が柄本家酒造場を創業し、創業銘柄「於多福」を醸し始めた。1907年の第1回全国清酒品評会では「於多福」が優等一位。現在は9代目蔵元・杜氏へ技術と蔵をつなぎ、伝統銘柄と新しい酒を並行して展開している。,於多福,【ブランド史】1848（嘉永元）年の創業時から続く柄酒造の銘柄。1907年の第1回全国清酒品評会で優等一位を受賞し、安芸津の地酒として受け継がれてきた。広島県酒造組合の紹介では、創業家の船「於多福丸」と「米を福ととらえる思い」が名の背景とされる。 【商品史】2026-09-06時点で公式商品ページに現行品として掲載され、純米、使用米 八反錦、精米歩合 60％の設計で展開されている。,,,於多福 純米,純米,不明,,60％,15.5度,冷酒 / 常温 / 熱燗,冷酒では輪郭をすっきりと、40℃前後のぬる燗から燗酒では米の旨味と酸のふくらみを引き出す飲み方がおすすめ。食事に合わせるなら冷酒と燗の両方を試し、好みの温度帯を探すとよい。,八反錦,"720ml / 1,800ml","1,760～3,300円",一般流通,公式オンラインショップで販売確認 / 二次DBでも存在確認,https://www.tsukasyuzou.jp/products/於多福-純米-1800ml
柄酒造,1848（嘉永元）年、安芸津で槌屋忠左衛門が柄本家酒造場を創業し、創業銘柄「於多福」を醸し始めた。1907年の第1回全国清酒品評会では「於多福」が優等一位。現在は9代目蔵元・杜氏へ技術と蔵をつなぎ、伝統銘柄と新しい酒を並行して展開している。,9代目於多福,【ブランド史】9代目蔵元・杜氏の柄総一郎が担う現行ラインで、創業銘柄「於多福」の名を継ぎながら、新しい設計の酒を展開するシリーズ。2026年には素数をテーマにした「protos.」や季節酒「つきあかり」などを発売している。 【商品史】2026-09-06時点で公式商品ページに現行品として掲載され、純米吟醸、使用米 雄町、精米歩合 50%の設計で展開されている。,,,9代目於多福 純米吟醸 すずかぜ,純米吟醸,不明,,50%,15度,冷酒 / 常温 / ロック,10〜15℃程度の冷酒を起点に、吟醸香と軽快な旨味のバランスを活かすのがおすすめ。常温も適温に含まれるため、グラスの中で少し温度を上げて香りと旨味の変化を比べるとよい。,雄町,720ml,"2,200円",季節商品,公式オンラインショップで販売確認,https://www.tsukasyuzou.jp/products/9代目於多福-すずかぜ-720ml
金光酒造,1880（明治13）年創業。創業期から「桜吹雪」などを醸し、上位酒だった「桜吹雪」を主力化した。1994年に自動化を進めた後、2003年に社員蔵人による手造りへ回帰して新ブランド「賀茂金秀」を開始。2025年に株式会社金光酒造へ組織変更した。,賀茂金秀,【ブランド史】1994年の自動化を経て、個性ある酒造りへ戻るため2003年に社員蔵人による手造りへ転換した際に立ち上げたブランド。考えを共有する酒販店との直取引から全国出荷を始め、現在の金光酒造の中心銘柄となった。 【商品史】2026-09-06時点で公式商品ページに現行品として掲載され、特別純米、使用米 赤磐雄町 / 八反錦、精米歩合 50% / 60%の設計で展開されている。,,○,賀茂金秀 特別純米,特別純米,やや辛口,3.0,50% / 60%,16度,冷酒 / 燗酒（45～50℃）,冷酒では輪郭をすっきりと、40℃前後のぬる燗から燗酒では米の旨味と酸のふくらみを引き出す飲み方がおすすめ。食事に合わせるなら冷酒と燗の両方を試し、好みの温度帯を探すとよい。,赤磐雄町 / 八反錦,"720ml / 1,800ml","1,870～3,388円",一般流通,公式定番ラインナップ掲載 / 二次DBでも存在確認,https://www.kamokin.com/line_up/regular.html
金光酒造,1880（明治13）年創業。創業期から「桜吹雪」などを醸し、上位酒だった「桜吹雪」を主力化した。1994年に自動化を進めた後、2003年に社員蔵人による手造りへ回帰して新ブランド「賀茂金秀」を開始。2025年に株式会社金光酒造へ組織変更した。,賀茂金秀,【ブランド史】1994年の自動化を経て、個性ある酒造りへ戻るため2003年に社員蔵人による手造りへ転換した際に立ち上げたブランド。考えを共有する酒販店との直取引から全国出荷を始め、現在の金光酒造の中心銘柄となった。 【商品史】2026-09-06時点で現行の流通・商品ページに現行品として掲載され、特別純米、使用米 赤磐雄町 / 八反錦、精米歩合 50% / 60%の設計で展開されている。,,○,賀茂金秀 特別純米13,特別純米,中口,-1.0,50% / 60%,13度,冷酒（5～15℃前後）,10〜15℃程度に冷やして、米の旨味と酸のふくらみを引き出すのがおすすめ。冷やし過ぎると香りや旨味が閉じやすいため、少しずつ温度が上がる変化も楽しむとよい。,赤磐雄町 / 八反錦,"720ml / 1,800ml","1,925～3,465円",一般流通,日本酒造組合中央会系JSP蔵元ページの代表商品,https://j-s-p.or.jp/kuramoto/kanemitsu
金光酒造,1880（明治13）年創業。創業期から「桜吹雪」などを醸し、上位酒だった「桜吹雪」を主力化した。1994年に自動化を進めた後、2003年に社員蔵人による手造りへ回帰して新ブランド「賀茂金秀」を開始。2025年に株式会社金光酒造へ組織変更した。,賀茂金秀,【ブランド史】1994年の自動化を経て、個性ある酒造りへ戻るため2003年に社員蔵人による手造りへ転換した際に立ち上げたブランド。考えを共有する酒販店との直取引から全国出荷を始め、現在の金光酒造の中心銘柄となった。 【商品史】2026-09-06時点で公式商品ページに現行品として掲載され、特別純米、使用米 赤磐雄町 / 八反錦、精米歩合 50% / 60%の設計で展開されている。,,○,賀茂金秀 辛口特別純米,特別純米,辛口,8.0,50% / 60%,16度,冷酒（10～15℃前後）,10〜15℃程度に冷やして、米の旨味と酸のふくらみを引き出すのがおすすめ。冷やし過ぎると香りや旨味が閉じやすいため、少しずつ温度が上がる変化も楽しむとよい。,赤磐雄町 / 八反錦,"720ml / 1,800ml","1,870～3,388円",一般流通,公式定番ラインナップ掲載 / 二次DBでも存在確認,https://www.kamokin.com/line_up/regular.html
金光酒造,1880（明治13）年創業。創業期から「桜吹雪」などを醸し、上位酒だった「桜吹雪」を主力化した。1994年に自動化を進めた後、2003年に社員蔵人による手造りへ回帰して新ブランド「賀茂金秀」を開始。2025年に株式会社金光酒造へ組織変更した。,賀茂金秀,【ブランド史】1994年の自動化を経て、個性ある酒造りへ戻るため2003年に社員蔵人による手造りへ転換した際に立ち上げたブランド。考えを共有する酒販店との直取引から全国出荷を始め、現在の金光酒造の中心銘柄となった。 【商品史】2026-09-06時点で公式商品ページに現行品として掲載され、純米吟醸、使用米 麹米：赤磐雄町 / 掛米：雄町、精米歩合 50%の設計で展開されている。,,○,賀茂金秀 純米吟醸 雄町,純米吟醸,やや辛口,2.0,50%,16度,冷酒（10～15℃前後）,10〜15℃程度の冷酒を起点に、吟醸香と軽快な旨味のバランスを活かすのがおすすめ。,麹米：赤磐雄町 / 掛米：雄町,"720ml / 1,800ml","2,200～3,960円",一般流通,公式定番ラインナップ掲載 / 日本酒造組合中央会系JSP蔵元ページの代表商品 / 二次DBでも存在確認,https://www.kamokin.com/line_up/regular.html
金光酒造,1880（明治13）年創業。創業期から「桜吹雪」などを醸し、上位酒だった「桜吹雪」を主力化した。1994年に自動化を進めた後、2003年に社員蔵人による手造りへ回帰して新ブランド「賀茂金秀」を開始。2025年に株式会社金光酒造へ組織変更した。,賀茂金秀,【ブランド史】1994年の自動化を経て、個性ある酒造りへ戻るため2003年に社員蔵人による手造りへ転換した際に立ち上げたブランド。考えを共有する酒販店との直取引から全国出荷を始め、現在の金光酒造の中心銘柄となった。 【商品史】2026-09-06時点で公式商品ページに現行品として掲載され、純米大吟醸、使用米 東条産山田錦、精米歩合 35%の設計で展開されている。,,○,賀茂金秀 純米大吟醸35,純米大吟醸,中口,1.0,35%,16度,冷酒（10～15℃前後）,10〜15℃程度の冷酒を起点に、繊細な香りと上品な旨味を活かすのがおすすめ。,東条産山田錦,"720ml / 1,800ml","6,930～11,000円",一般流通,公式定番ラインナップ掲載 / 日本酒造組合中央会系JSP蔵元ページの代表商品,https://www.kamokin.com/line_up/regular.html
金光酒造,1880（明治13）年創業。創業期から「桜吹雪」などを醸し、上位酒だった「桜吹雪」を主力化した。1994年に自動化を進めた後、2003年に社員蔵人による手造りへ回帰して新ブランド「賀茂金秀」を開始。2025年に株式会社金光酒造へ組織変更した。,賀茂金秀,【ブランド史】1994年の自動化を経て、個性ある酒造りへ戻るため2003年に社員蔵人による手造りへ転換した際に立ち上げたブランド。考えを共有する酒販店との直取引から全国出荷を始め、現在の金光酒造の中心銘柄となった。 【商品史】2026-09-06時点で公式商品ページに現行品として掲載され、純米大吟醸、使用米 千本錦、精米歩合 40%の設計で展開されている。,,○,賀茂金秀 純米大吟醸40,純米大吟醸,中口,1.0,40%,16度,冷酒（10～15℃前後）,10〜15℃程度の冷酒を起点に、繊細な香りと上品な旨味を活かすのがおすすめ。,千本錦,"720ml / 1,800ml","3,300～6,160円",一般流通,公式定番ラインナップ掲載 / 二次DBでも存在確認,https://www.kamokin.com/line_up/regular.html
金光酒造,1880（明治13）年創業。創業期から「桜吹雪」などを醸し、上位酒だった「桜吹雪」を主力化した。1994年に自動化を進めた後、2003年に社員蔵人による手造りへ回帰して新ブランド「賀茂金秀」を開始。2025年に株式会社金光酒造へ組織変更した。,賀茂金秀,【ブランド史】1994年の自動化を経て、個性ある酒造りへ戻るため2003年に社員蔵人による手造りへ転換した際に立ち上げたブランド。考えを共有する酒販店との直取引から全国出荷を始め、現在の金光酒造の中心銘柄となった。 【商品史】蔵人・下川氏が自ら育てた米を使う限定酒として、毎年1月中旬から販売される季節商品。造り手が原料米の栽培にも関わる企画を賀茂金秀の限定ラインとして継続している。,,,賀茂金秀 SUITOH,その他,不明,,60%,16度,要確認,公開情報で明確な推奨温度を確認できないため酒質からの目安。10〜15℃程度の冷酒から常温を起点に、香味のまとまりを引き出す飲み方がおすすめ。少量ずつ温度を変え、香り・甘味・酸味・キレのバランスが最も整うところを探すとよい。,蔵人下川栽培 雄町,"720ml / 1,800ml","2,090～3,740円",季節商品,公式限定商品一覧・発売時期 1月中旬,https://www.kamokin.com/line_up/Limited/limited.html
金光酒造,1880（明治13）年創業。創業期から「桜吹雪」などを醸し、上位酒だった「桜吹雪」を主力化した。1994年に自動化を進めた後、2003年に社員蔵人による手造りへ回帰して新ブランド「賀茂金秀」を開始。2025年に株式会社金光酒造へ組織変更した。,賀茂金秀,【ブランド史】1994年の自動化を経て、個性ある酒造りへ戻るため2003年に社員蔵人による手造りへ転換した際に立ち上げたブランド。考えを共有する酒販店との直取引から全国出荷を始め、現在の金光酒造の中心銘柄となった。 【商品史】雄町を60%まで磨き、リンゴ酸を多く生み出す酵母を使って酸を主役に設計した限定酒。毎年7月下旬から販売される夏後半の季節商品として展開されている。,,,賀茂金秀 麗酸 雄町60,その他,不明,,60%,15度,要確認,公開情報で明確な推奨温度を確認できないため酒質からの目安。10〜15℃程度の冷酒から常温を起点に、香味のまとまりを引き出す飲み方がおすすめ。少量ずつ温度を変え、香り・甘味・酸味・キレのバランスが最も整うところを探すとよい。,雄町,720ml,"2,035円",季節商品,公式限定商品一覧・発売時期 7月下旬,https://www.kamokin.com/line_up/Limited/limited.html
金光酒造,1880（明治13）年創業。創業期から「桜吹雪」などを醸し、上位酒だった「桜吹雪」を主力化した。1994年に自動化を進めた後、2003年に社員蔵人による手造りへ回帰して新ブランド「賀茂金秀」を開始。2025年に株式会社金光酒造へ組織変更した。,桜吹雪,【ブランド史】1880年の創業当時から使われた銘柄の一つで、当時の上位酒だった「桜吹雪」を主力ブランドとして育てた。2003年に「賀茂金秀」が始まった後も、季節商品などで銘柄が受け継がれている。 【商品史】創業期から続く「桜吹雪」銘柄を現代の季節酒として受け継ぐ特別純米のうすにごり生。毎年2月中旬から販売される春向け限定商品として展開されている。,,,桜吹雪 特別純米うすにごり生,特別純米,不明,,50% / 60%,16度,要確認,公開情報で明確な推奨温度を確認できないため酒質からの目安。よく冷やした5〜10℃程度の冷酒を起点に、発泡感やにごりの口当たりを活かす飲み方がおすすめ。少量ずつ温度を変え、香り・甘味・酸味・キレのバランスが最も整うところを探すとよい。,,"720ml / 1,800ml","2,035～3,630円",季節商品,公式限定商品一覧・発売時期 2月中旬,https://www.kamokin.com/line_up/Limited/limited.html
金光酒造,1880（明治13）年創業。創業期から「桜吹雪」などを醸し、上位酒だった「桜吹雪」を主力化した。1994年に自動化を進めた後、2003年に社員蔵人による手造りへ回帰して新ブランド「賀茂金秀」を開始。2025年に株式会社金光酒造へ組織変更した。,賀茂金秀,【ブランド史】1994年の自動化を経て、個性ある酒造りへ戻るため2003年に社員蔵人による手造りへ転換した際に立ち上げたブランド。考えを共有する酒販店との直取引から全国出荷を始め、現在の金光酒造の中心銘柄となった。 【商品史】定番の特別純米をひと夏熟成させた秋季派生商品として展開される「秋あがり」。新酒期の商品とは別に、熟成による丸みを秋に味わう季節ラインである。,,,賀茂金秀 特別純米 秋あがり,特別純米,不明,,50% / 60%,16度,要確認,公開情報で明確な推奨温度を確認できないため酒質からの目安。常温から40℃前後のぬる燗を起点に、熟成でまとまった旨味を引き出す飲み方がおすすめ。少量ずつ温度を変え、香り・甘味・酸味・キレのバランスが最も整うところを探すとよい。,,"720ml / 1,800ml","1,958～3,476円",季節商品,公式限定商品一覧・発売時期 9月上旬,https://www.kamokin.com/line_up/Limited/limited.html
金光酒造,1880（明治13）年創業。創業期から「桜吹雪」などを醸し、上位酒だった「桜吹雪」を主力化した。1994年に自動化を進めた後、2003年に社員蔵人による手造りへ回帰して新ブランド「賀茂金秀」を開始。2025年に株式会社金光酒造へ組織変更した。,賀茂金秀,【ブランド史】1994年の自動化を経て、個性ある酒造りへ戻るため2003年に社員蔵人による手造りへ転換した際に立ち上げたブランド。考えを共有する酒販店との直取引から全国出荷を始め、現在の金光酒造の中心銘柄となった。 【商品史】燗酒での飲用を主目的に設計した季節限定の純米酒。冷酒中心の商品とは別に、秋冬の温度帯で旨味を引き出すラインとして賀茂金秀の季節商品群を構成している。,,,賀茂金秀 純米 お燗酒,純米,不明,,60% / 65%,15度,要確認,公開情報で明確な推奨温度を確認できないため酒質からの目安。40〜50℃程度の燗酒を起点に、米の旨味と酸のふくらみを引き出す飲み方がおすすめ。少量ずつ温度を変え、香り・甘味・酸味・キレのバランスが最も整うところを探すとよい。,,"1,800ml","2,948円",季節商品,公式限定商品一覧・発売時期 10月中旬,https://www.kamokin.com/line_up/Limited/limited.html
金光酒造,1880（明治13）年創業。創業期から「桜吹雪」などを醸し、上位酒だった「桜吹雪」を主力化した。1994年に自動化を進めた後、2003年に社員蔵人による手造りへ回帰して新ブランド「賀茂金秀」を開始。2025年に株式会社金光酒造へ組織変更した。,賀茂金秀,【ブランド史】1994年の自動化を経て、個性ある酒造りへ戻るため2003年に社員蔵人による手造りへ転換した際に立ち上げたブランド。考えを共有する酒販店との直取引から全国出荷を始め、現在の金光酒造の中心銘柄となった。 【商品史】その酒造年度で最初に搾る純米新酒として位置づけられ、毎年11月下旬から販売されるしぼりたて生酒。賀茂金秀の新酒シーズンを告げる限定商品である。,,,賀茂金秀 純米しぼりたて生,純米,不明,,60%,16度,要確認,公開情報で明確な推奨温度を確認できないため酒質からの目安。よく冷やした5〜10℃程度の冷酒を起点に、フレッシュさを活かす飲み方がおすすめ。少量ずつ温度を変え、香り・甘味・酸味・キレのバランスが最も整うところを探すとよい。,八反錦,"720ml / 1,800ml","1,843～3,245円",季節商品,公式限定商品一覧・発売時期 11月下旬,https://www.kamokin.com/line_up/Limited/limited.html
金光酒造,1880（明治13）年創業。創業期から「桜吹雪」などを醸し、上位酒だった「桜吹雪」を主力化した。1994年に自動化を進めた後、2003年に社員蔵人による手造りへ回帰して新ブランド「賀茂金秀」を開始。2025年に株式会社金光酒造へ組織変更した。,賀茂金秀,【ブランド史】1994年の自動化を経て、個性ある酒造りへ戻るため2003年に社員蔵人による手造りへ転換した際に立ち上げたブランド。考えを共有する酒販店との直取引から全国出荷を始め、現在の金光酒造の中心銘柄となった。 【商品史】夏向けの辛口純米として季節限定で展開される商品。賀茂金秀の定番辛口系を暑い時期の飲用に合わせた軽快な夏酒として現行ラインに組み込まれている。,,,賀茂金秀 辛口夏純,純米,不明,,60%,15度,要確認,公開情報で明確な推奨温度を確認できないため酒質からの目安。よく冷やした5〜10℃程度の冷酒を起点に、米の旨味と酸のふくらみを引き出す飲み方がおすすめ。少量ずつ温度を変え、香り・甘味・酸味・キレのバランスが最も整うところを探すとよい。,八反錦,"720ml / 1,800ml","1,870～3,300円",季節商品,公式限定商品一覧・発売時期 5月中旬,https://www.kamokin.com/line_up/Limited/limited.html
金光酒造,1880（明治13）年創業。創業期から「桜吹雪」などを醸し、上位酒だった「桜吹雪」を主力化した。1994年に自動化を進めた後、2003年に社員蔵人による手造りへ回帰して新ブランド「賀茂金秀」を開始。2025年に株式会社金光酒造へ組織変更した。,賀茂金秀,【ブランド史】1994年の自動化を経て、個性ある酒造りへ戻るため2003年に社員蔵人による手造りへ転換した際に立ち上げたブランド。考えを共有する酒販店との直取引から全国出荷を始め、現在の金光酒造の中心銘柄となった。 【商品史】酒米・愛山を使う限定純米吟醸として毎年10月中旬から販売される秋季商品。定番の雄町純米吟醸とは異なる酒米の個性を季節限定で表現するラインである。,,,賀茂金秀 純米吟醸 愛山,純米吟醸,不明,,55%,16度,要確認,公開情報で明確な推奨温度を確認できないため酒質からの目安。10〜15℃程度の冷酒を起点に、吟醸香と軽快な旨味のバランスを活かす飲み方がおすすめ。少量ずつ温度を変え、香り・甘味・酸味・キレのバランスが最も整うところを探すとよい。,愛山,"720ml / 1,800ml","2,420～4,565円",季節商品,公式限定商品一覧・発売時期 10月中旬,https://www.kamokin.com/line_up/Limited/limited.html
