酒蔵,ブランド,区分,公式URL
賀茂鶴酒造,賀茂鶴,主ブランド,https://www.kamotsuru.jp/
賀茂鶴酒造,酒中在心,販路限定主要シリーズ,https://shop.kamotsuru.jp/SHOP/346441/346696/list.html
白牡丹酒造,白牡丹,主ブランド,https://www.hakubotan.co.jp/products/
白牡丹酒造,藝陽男山,別ブランド・生酛系,https://www.hakubotan.co.jp/products/
西條鶴醸造,西條鶴,主ブランド,https://saijotsuru.co.jp/
亀齢酒造,亀齢,主ブランド,https://kireikireikirei.jimdofree.com/
亀齢酒造,亀齢萬年,主要シリーズブランド,https://kireikireikirei.jimdofree.com/
福美人酒造,福美人,主ブランド,https://www.fukubijin.co.jp/product.html
賀茂泉酒造,賀茂泉,主ブランド,https://www.kamoizumi.co.jp/sake/index.php
賀茂泉酒造,ROCK HOPPER,現行生原酒シリーズ,https://www.kamoizumi.co.jp/sake/index.php
賀茂泉酒造,COKUN,低アルコール系ブランド,https://www.kamoizumi.co.jp/sake/index.php
山陽鶴酒造,山陽鶴,主ブランド,https://sanyotsuru.jp/
金光酒造,賀茂金秀,主ブランド,https://www.kamokin.com/line_up/regular.html
金光酒造,桜吹雪,別ブランド,https://www.kamokin.com/line_up/Limited/limited.html
今田酒造本店,富久長,主ブランド,https://fukucho.jp/
今田酒造本店,FUKUCHO LEGACY,海外・革新系シリーズ,https://fukucho.jp/collections/all
柄酒造,9代目於多福,現行中心ブランド,https://www.tsukasyuzou.jp/collections/all
柄酒造,於多福,従来主ブランド,https://www.tsukasyuzou.jp/collections/all
