酒蔵,商品名,容量ml,JAN,商品コード,価格円税込,販売状態,在庫状態,販売チャネル,業務卸可否,輸出可否,要冷蔵,確認日,主出典ID,出典種別,URL,出典数,代替URL,備考
亀齢酒造,【お試し価格・20％OFF】亀齢萬年 山田錦 生酒 1.8L【製造年月2026年2月】,1800,,,2640,販売中,不明,通常/不明,未確認,未確認,要冷蔵,2026-09-05,CSKU_F353D054B4B4,retailer_current,https://www.hiroshimasake.com/product/15,1,,現行酒販店ECで流通確認。蔵元の業務卸可否は未確認
亀齢酒造,【お試し価格・20％OFF】亀齢萬年 山田錦 生酒 720ml【製造年月2026年2月】,720,,,1408,販売中,不明,通常/不明,未確認,未確認,要冷蔵,2026-09-05,CSKU_599757CE396B,retailer_current,https://www.hiroshimasake.com/product/563,1,,現行酒販店ECで流通確認。蔵元の業務卸可否は未確認
亀齢酒造,【お試し価格・20％OFF】亀齢萬年 山田錦おりがらみ 生酒 1.8L【製造年月2026年1月】,1800,,,2640,販売中,不明,通常/不明,未確認,未確認,要冷蔵,2026-09-05,CSKU_CAD6CD4DAA46,retailer_current,https://www.hiroshimasake.com/product/564,1,,現行酒販店ECで流通確認。蔵元の業務卸可否は未確認
亀齢酒造,【お試し価格・20％OFF】亀齢萬年 山田錦おりがらみ 生酒 720ml【製造年月2026年1月】,720,,,1408,販売中,不明,通常/不明,未確認,未確認,要冷蔵,2026-09-05,CSKU_9042B9E520CD,retailer_current,https://www.hiroshimasake.com/product/565,1,,現行酒販店ECで流通確認。蔵元の業務卸可否は未確認
亀齢酒造,【期間限定お試し価格・20％OFF】亀齢 純米吟醸 原形精米 migaki 無濾過生酒 1.8L【製造年月2026年3月】,1800,,,2904,販売中,不明,通常/不明,未確認,未確認,要冷蔵,2026-09-05,CSKU_323367067E1B,retailer_current,https://www.hiroshimasake.com/product/550,1,,現行酒販店ECで流通確認。蔵元の業務卸可否は未確認
亀齢酒造,【期間限定お試し価格・20％OFF】亀齢 純米吟醸 原形精米 migaki 無濾過生酒 720ml【製造年月2026年3月】,720,,,1760,販売中,不明,通常/不明,未確認,未確認,要冷蔵,2026-09-05,CSKU_51BAEAE76CDF,retailer_current,https://www.hiroshimasake.com/product/549,1,,現行酒販店ECで流通確認。蔵元の業務卸可否は未確認
亀齢酒造,亀齢 大吟醸 創720ml,720,,,3300,販売中,不明,通常/不明,未確認,未確認,不明,2026-09-05,CSKU_387BFDB0E86F,retailer_current,https://www.hiroshimasake.com/product/17,1,,現行酒販店ECで流通確認。蔵元の業務卸可否は未確認
亀齢酒造,亀齢 無濾過 五段仕込純米酒 八九(はちく) 生酒 1.8L,1800,,,2860,販売中,不明,通常/不明,未確認,未確認,要冷蔵,2026-09-05,CSKU_075A8B7295D1,retailer_current,https://www.hiroshimasake.com/product/182,1,,現行酒販店ECで流通確認。蔵元の業務卸可否は未確認
亀齢酒造,亀齢 無濾過 五段仕込純米酒 八九(はちく) 生酒 720ml,720,,,1650,販売中,不明,通常/不明,未確認,未確認,要冷蔵,2026-09-05,CSKU_33AFF07D0CE9,retailer_current,https://www.hiroshimasake.com/product/415,1,,現行酒販店ECで流通確認。蔵元の業務卸可否は未確認
亀齢酒造,亀齢 純米吟醸 原形精米 migaki 萌えいぶき 生酒 1.8L【製造年月2026年5月】,1800,,,3520,販売中,不明,通常/不明,未確認,未確認,要冷蔵,2026-09-05,CSKU_5FDA6DB43B09,retailer_current,https://www.hiroshimasake.com/product/581,1,,現行酒販店ECで流通確認。蔵元の業務卸可否は未確認
亀齢酒造,亀齢 純米吟醸 原形精米 migaki 萌えいぶき 生酒 720ml【製造年月2026年5月】,720,,,1815,販売中,不明,通常/不明,未確認,未確認,要冷蔵,2026-09-05,CSKU_AAA719A295D4,retailer_current,https://www.hiroshimasake.com/product/580,1,,現行酒販店ECで流通確認。蔵元の業務卸可否は未確認
亀齢酒造,亀齢 辛口純米 八拾 生酒720ml【製造年月：2025年12月】,720,,,1430,販売中,不明,通常/不明,未確認,未確認,要冷蔵,2026-09-05,CSKU_0B69B98A00B0,retailer_current,https://www.hiroshimasake.com/product/247,1,,現行酒販店ECで流通確認。蔵元の業務卸可否は未確認
亀齢酒造,亀齢 辛口純米 八拾(生酒) 【製造年月：2025年12月】1.8L,1800,,,2500,販売中,不明,通常/不明,未確認,未確認,要冷蔵,2026-09-05,CSKU_30E18331357E,retailer_current,https://www.hiroshimasake.com/product/96,1,,現行酒販店ECで流通確認。蔵元の業務卸可否は未確認
亀齢酒造,亀齢 辛口純米 八拾1.8L,1800,,,2500,販売中,在庫あり,通常/不明,未確認,未確認,不明,2026-09-05,CSKU_BD7E73A7AF42,retailer_current,https://www.hiroshimasake.com/product/37,1,,現行酒販店ECで流通確認。蔵元の業務卸可否は未確認
亀齢酒造,亀齢 辛口純米 八拾720ml,720,,,1430,販売中,不明,通常/不明,未確認,未確認,不明,2026-09-05,CSKU_95EA505B7CD8,retailer_current,https://www.hiroshimasake.com/product/52,1,,現行酒販店ECで流通確認。蔵元の業務卸可否は未確認
亀齢酒造,亀齢萬年 純米大吟醸原酒五拾 生酒 720ml【製造年月2026年4月】,720,,,2200,不明,売切,通常/不明,未確認,未確認,要冷蔵,2026-09-05,CSKU_9DA9B42881EF,retailer_current,https://www.hiroshimasake.com/product/553,1,,現行酒販店ECで流通確認。蔵元の業務卸可否は未確認
亀齢酒造,亀齢萬年 純米大吟醸原酒五拾 生酒1.8L【製造年月2026年4月】,1800,,,3960,販売中,不明,通常/不明,未確認,未確認,要冷蔵,2026-09-05,CSKU_9AABB0C4D005,retailer_current,https://www.hiroshimasake.com/product/552,1,,現行酒販店ECで流通確認。蔵元の業務卸可否は未確認
亀齢酒造,亀齢萬年 純米大吟醸原酒五拾 袋吊りおりがらみ 生酒 720ml【製造年月2026年4月】,720,,,2420,不明,売切,通常/不明,未確認,未確認,要冷蔵,2026-09-05,CSKU_3296FAEC85E5,retailer_current,https://www.hiroshimasake.com/product/577,1,,現行酒販店ECで流通確認。蔵元の業務卸可否は未確認
亀齢酒造,亀齢萬年 純米大吟醸原酒五拾 袋吊りおりがらみ 生酒1.8L【製造年月2026年4月】,1800,,,4400,販売中,不明,通常/不明,未確認,未確認,要冷蔵,2026-09-05,CSKU_C25B0748E0EB,retailer_current,https://www.hiroshimasake.com/product/412,1,,現行酒販店ECで流通確認。蔵元の業務卸可否は未確認
今田酒造本店,FUKUCHO LEGACY I 500ml,500,,,33000,販売中,在庫あり,通常/不明,未確認,未確認,不明,2026-09-05,CSKU_AC4892B4E3D2,official_ec_api,https://fukucho.jp/products/legacy1,1,,公式Shopify商品APIで販売可能
今田酒造本店,FUKUCHO LEGACY II 500ml,500,,,33000,販売中,在庫あり,通常/不明,未確認,未確認,不明,2026-09-05,CSKU_317C4D11594E,official_ec_api,https://fukucho.jp/products/legacy2,1,,公式Shopify商品APIで販売可能
今田酒造本店,Fukucho “Forgotten Fortune” Junmai Sake 720ml,720,,,0,不明,売切,海外限定,未確認,確認済み,不明,2026-09-05,CSKU_525B0514A4F2,official_ec_api,https://fukucho.jp/products/forgottenfortune,1,,公式Shopify掲載だが当該バリアント在庫なし / アメリカ限定
今田酒造本店,Fukucho “Moon on the Water” Junmai Ginjo Sake 720ml,720,,,0,不明,売切,海外限定,未確認,確認済み,不明,2026-09-05,CSKU_93D730E67267,official_ec_api,https://fukucho.jp/products/moononthewater,1,,公式Shopify掲載だが当該バリアント在庫なし / アメリカ限定
今田酒造本店,Fukucho “Seaside” Junmai Sparkling Sake 500ml,500,,,0,不明,売切,海外限定,未確認,確認済み,不明,2026-09-05,CSKU_E69849A28856,official_ec_api,https://fukucho.jp/products/seasidesparkling,1,,公式Shopify掲載だが当該バリアント在庫なし / アメリカ限定
今田酒造本店,富久長 Bon Time Style:B 500ml,500,,,1650,不明,売切,通常/不明,未確認,未確認,不明,2026-09-05,CSKU_D9C3CD3B7176,official_ec_api,https://fukucho.jp/products/bon-time-style-b,1,,公式Shopify掲載だが当該バリアント在庫なし
今田酒造本店,富久長 Bon Time Style:B Sparkling 500ml,500,,,1980,不明,売切,通常/不明,未確認,未確認,不明,2026-09-05,CSKU_E12319A0E6D6,official_ec_api,https://fukucho.jp/products/bon-time-style-b-sparkling,1,,公式Shopify掲載だが当該バリアント在庫なし
今田酒造本店,富久長 八反草 サタケシリーズ GENKEI 720ml,720,,,2200,販売中,在庫あり,通常/不明,未確認,未確認,不明,2026-09-05,CSKU_957DFB5A95AA,official_ec_api,https://fukucho.jp/products/hattansogenkei,1,,公式Shopify商品APIで販売可能
今田酒造本店,富久長 八反草 サタケシリーズ GENKEI 生酒 720ml,720,,,2200,不明,売切,通常/不明,未確認,未確認,要冷蔵,2026-09-05,CSKU_08896F0D3B68,official_ec_api,https://fukucho.jp/products/富久長-八反草-サタケシリーズ-genkei-生酒,1,,公式Shopify掲載だが当該バリアント在庫なし
今田酒造本店,富久長 八反草 サタケシリーズ HENPEI 720ml,720,,,2200,販売中,在庫あり,通常/不明,未確認,未確認,不明,2026-09-05,CSKU_C8EBE4290D2F,official_ec_api,https://fukucho.jp/products/hattansohenpei,1,,公式Shopify商品APIで販売可能
今田酒造本店,富久長 八反草 サタケシリーズ HENPEI 生酒 720ml,720,,,2200,不明,売切,通常/不明,未確認,未確認,要冷蔵,2026-09-05,CSKU_D29A406E997C,official_ec_api,https://fukucho.jp/products/富久長-八反草-サタケシリーズ-henpei-生酒,1,,公式Shopify掲載だが当該バリアント在庫なし
今田酒造本店,富久長 八反草 純米 ハイブリッド生酛 特別栽培米R3 720ml,720,,,2420,販売中,在庫あり,通常/不明,未確認,未確認,不明,2026-09-05,CSKU_032FD30A6629,official_ec_api,https://fukucho.jp/products/hybridkimoto-r3-2021by,1,,公式Shopify商品APIで販売可能
今田酒造本店,富久長 八反草 純米 ハイブリッド生酛 特別栽培米R4 720ml,720,,,2420,販売中,在庫あり,通常/不明,未確認,未確認,不明,2026-09-05,CSKU_CC477F3911EF,official_ec_api,https://fukucho.jp/products/hybridkimoto-r4-2022by,1,,公式Shopify商品APIで販売可能
今田酒造本店,富久長 八反草 純米 初しぼり 生酒 1800ml,1800,,,3300,不明,売切,季節限定,未確認,未確認,要冷蔵,2026-09-05,CSKU_3D65DAC05FF1,official_ec_api,https://fukucho.jp/products/富久長-純米-初しぼり-八反草-生酒,1,,公式Shopify掲載だが当該バリアント在庫なし
今田酒造本店,富久長 八反草 純米 初しぼり 生酒 720ml,720,,,1980,不明,売切,季節限定,未確認,未確認,要冷蔵,2026-09-05,CSKU_3D65DAC05FF1,official_ec_api,https://fukucho.jp/products/富久長-純米-初しぼり-八反草-生酒,1,,公式Shopify掲載だが当該バリアント在庫なし
今田酒造本店,富久長 八反草 純米 軟水仕込 辛口 1800ml,1800,,,3520,不明,売切,通常/不明,未確認,未確認,不明,2026-09-05,CSKU_DA8C4396CD39,official_ec_api,https://fukucho.jp/products/hattansojunmai,1,,公式Shopify掲載だが当該バリアント在庫なし
今田酒造本店,富久長 八反草 純米 軟水仕込 辛口 720ml,720,,,1980,販売中,在庫あり,通常/不明,未確認,未確認,不明,2026-09-05,CSKU_DA8C4396CD39,official_ec_api,https://fukucho.jp/products/hattansojunmai,1,,公式Shopify商品APIで販売可能
今田酒造本店,富久長 八反草 純米 軟水仕込 辛口 直汲み 生酒 1800ml,1800,,,3520,不明,売切,季節限定,未確認,未確認,要冷蔵,2026-09-05,CSKU_312B83F3C524,official_ec_api,https://fukucho.jp/products/hattanso-junmai-nama,1,,公式Shopify掲載だが当該バリアント在庫なし
今田酒造本店,富久長 八反草 純米 軟水仕込 辛口 直汲み 生酒 720ml,720,,,1980,不明,売切,季節限定,未確認,未確認,要冷蔵,2026-09-05,CSKU_312B83F3C524,official_ec_api,https://fukucho.jp/products/hattanso-junmai-nama,1,,公式Shopify掲載だが当該バリアント在庫なし
今田酒造本店,富久長 八反草 純米吟醸 1800ml,1800,,,4290,販売中,在庫あり,通常/不明,未確認,未確認,不明,2026-09-05,CSKU_78B40716F6AF,official_ec_api,https://fukucho.jp/products/hattanso-junmaiginjo,1,,公式Shopify商品APIで販売可能
今田酒造本店,富久長 八反草 純米吟醸 720ml,720,,,2200,不明,売切,通常/不明,未確認,未確認,不明,2026-09-05,CSKU_78B40716F6AF,official_ec_api,https://fukucho.jp/products/hattanso-junmaiginjo,1,,公式Shopify掲載だが当該バリアント在庫なし
今田酒造本店,富久長 八反草 純米吟醸 ハイブリッド生酛 720ml,720,,,2420,販売中,在庫あり,通常/不明,未確認,未確認,不明,2026-09-05,CSKU_2FE7D2297D9D,official_ec_api,https://fukucho.jp/products/hybridkimoto-junmaiginjo,1,,公式Shopify商品APIで販売可能
今田酒造本店,富久長 八反草 純米吟醸 直汲み 生酒 1800ml,1800,,,4290,不明,売切,季節限定,未確認,未確認,要冷蔵,2026-09-05,CSKU_E8749D3C8AB5,official_ec_api,https://fukucho.jp/products/hattanso-junmaiginjo-nama,1,,公式Shopify掲載だが当該バリアント在庫なし
今田酒造本店,富久長 八反草 純米吟醸 直汲み 生酒 720ml,720,,,2200,不明,売切,季節限定,未確認,未確認,要冷蔵,2026-09-05,CSKU_E8749D3C8AB5,official_ec_api,https://fukucho.jp/products/hattanso-junmaiginjo-nama,1,,公式Shopify掲載だが当該バリアント在庫なし
今田酒造本店,富久長 八反草 純米大吟醸 【特別栽培米】 720ml 化粧箱入り,720,,,3850,販売中,在庫あり,通常/不明,未確認,未確認,不明,2026-09-05,CSKU_17CD444F6B56,official_ec_api,https://fukucho.jp/products/daiginjo,1,,公式Shopify商品APIで販売可能
今田酒造本店,富久長 八反草 純米大吟醸 はしり 【特別栽培米】 720ml 化粧箱入り,720,,,6600,販売中,在庫あり,通常/不明,未確認,未確認,不明,2026-09-05,CSKU_BDDE988F8B69,official_ec_api,https://fukucho.jp/products/daiginjo_hashiri,1,,公式Shopify商品APIで販売可能
今田酒造本店,富久長 八反草 純米大吟醸 妙花風 【特別栽培米】 720ml 化粧箱入り,720,,,13200,販売中,在庫あり,通常/不明,未確認,未確認,不明,2026-09-05,CSKU_6AD588369567,official_ec_api,https://fukucho.jp/products/daiginjo_myokafu,1,,公式Shopify商品APIで販売可能
今田酒造本店,富久長 八反草 純米大吟醸 正花風 【JAL搭載限定ラベル】 720ml,720,,,2970,不明,売切,通常/不明,未確認,未確認,不明,2026-09-05,CSKU_F48B1D01B925,official_ec_api,https://fukucho.jp/products/shokafu,1,,公式Shopify掲載だが当該バリアント在庫なし
今田酒造本店,富久長 八反錦 純米 初しぼり 生酒 1800ml,1800,,,3300,不明,売切,季節限定,未確認,未確認,要冷蔵,2026-09-05,CSKU_74E43234125D,official_ec_api,https://fukucho.jp/products/hatsushibori,1,,公式Shopify掲載だが当該バリアント在庫なし
今田酒造本店,富久長 八反錦 純米 初しぼり 生酒 720ml,720,,,1870,不明,売切,季節限定,未確認,未確認,要冷蔵,2026-09-05,CSKU_74E43234125D,official_ec_api,https://fukucho.jp/products/hatsushibori,1,,公式Shopify掲載だが当該バリアント在庫なし
今田酒造本店,富久長 寿〈ことほぎ〉 純米 しぼりたて 生酒 1800ml,1800,,,3630,不明,売切,季節限定,未確認,未確認,要冷蔵,2026-09-05,CSKU_94FD9459690B,official_ec_api,https://fukucho.jp/products/kotohogi,1,,公式Shopify掲載だが当該バリアント在庫なし
今田酒造本店,富久長 寿〈ことほぎ〉 純米 しぼりたて 生酒 720ml,720,,,1980,不明,売切,季節限定,未確認,未確認,要冷蔵,2026-09-05,CSKU_94FD9459690B,official_ec_api,https://fukucho.jp/products/kotohogi,1,,公式Shopify掲載だが当該バリアント在庫なし
今田酒造本店,富久長 山田錦 純米吟醸 1800ml,1800,,,4290,販売中,在庫あり,通常/不明,未確認,未確認,不明,2026-09-05,CSKU_D33901FD8775,official_ec_api,https://fukucho.jp/products/yamadanishiki-junmaiginjo,1,,公式Shopify商品APIで販売可能
今田酒造本店,富久長 山田錦 純米吟醸 720ml,720,,,2200,不明,売切,通常/不明,未確認,未確認,不明,2026-09-05,CSKU_D33901FD8775,official_ec_api,https://fukucho.jp/products/yamadanishiki-junmaiginjo,1,,公式Shopify掲載だが当該バリアント在庫なし
今田酒造本店,富久長 山田錦 純米吟醸 直汲み 生酒 1800ml,1800,,,4290,不明,売切,季節限定,未確認,未確認,要冷蔵,2026-09-05,CSKU_8E192D40ADDE,official_ec_api,https://fukucho.jp/products/yamadanishiki-junmaiginjo-nama,1,,公式Shopify掲載だが当該バリアント在庫なし
今田酒造本店,富久長 山田錦 純米吟醸 直汲み 生酒 720ml,720,,,2200,不明,売切,季節限定,未確認,未確認,要冷蔵,2026-09-05,CSKU_8E192D40ADDE,official_ec_api,https://fukucho.jp/products/yamadanishiki-junmaiginjo-nama,1,,公式Shopify掲載だが当該バリアント在庫なし
今田酒造本店,富久長 海風土 Seafood 純米 1800ml,1800,,,3850,販売中,在庫あり,通常/不明,未確認,未確認,不明,2026-09-05,CSKU_1CF65CFA1A2F,official_ec_api,https://fukucho.jp/products/seafood,1,,公式Shopify商品APIで販売可能
今田酒造本店,富久長 海風土 Seafood 純米 720ml,720,,,1980,販売中,在庫あり,通常/不明,未確認,未確認,不明,2026-09-05,CSKU_1CF65CFA1A2F,official_ec_api,https://fukucho.jp/products/seafood,1,,公式Shopify商品APIで販売可能
今田酒造本店,富久長 海風土 Seafood 純米 うすにごり 720ml,720,,,1870,不明,売切,季節限定,未確認,未確認,不明,2026-09-05,CSKU_8A9F7D08300D,official_ec_api,https://fukucho.jp/products/seafood-usunigori,1,,公式Shopify掲載だが当該バリアント在庫なし
今田酒造本店,富久長 海風土 Seafood 純米スパークリング 500ml,500,,,1870,不明,売切,通常/不明,未確認,未確認,不明,2026-09-05,CSKU_32BBF76BEF7D,official_ec_api,https://fukucho.jp/products/seafood-sparkling,1,,公式Shopify掲載だが当該バリアント在庫なし
今田酒造本店,富久長 秋櫻〈コスモス〉 純米 ひやおろし 1800ml,1800,,,3300,販売中,在庫あり,季節限定,未確認,未確認,不明,2026-09-05,CSKU_B85E00DAB5E2,official_ec_api,https://fukucho.jp/products/cosmos,1,,公式Shopify商品APIで販売可能
今田酒造本店,富久長 秋櫻〈コスモス〉 純米 ひやおろし 720ml,720,,,1870,販売中,在庫あり,季節限定,未確認,未確認,不明,2026-09-05,CSKU_B85E00DAB5E2,official_ec_api,https://fukucho.jp/products/cosmos,1,,公式Shopify商品APIで販売可能
今田酒造本店,富久長 秋櫻〈コスモス〉 純米吟醸 ひやおろし 1800ml,1800,,,3850,販売中,在庫あり,季節限定,未確認,未確認,不明,2026-09-05,CSKU_6F072BE48003,official_ec_api,https://fukucho.jp/products/cosmos-junmaiginjo,1,,公式Shopify商品APIで販売可能
今田酒造本店,富久長 秋櫻〈コスモス〉 純米吟醸 ひやおろし 720ml,720,,,2090,販売中,在庫あり,季節限定,未確認,未確認,不明,2026-09-05,CSKU_6F072BE48003,official_ec_api,https://fukucho.jp/products/cosmos-junmaiginjo,1,,公式Shopify商品APIで販売可能
今田酒造本店,富久長 純米にごり スパークリング 白美 HAKUBI 500ml,500,,,1870,販売中,在庫あり,通常/不明,未確認,未確認,不明,2026-09-05,CSKU_4DE7A8242C89,official_ec_api,https://fukucho.jp/products/hakubi,1,,公式Shopify商品APIで販売可能
今田酒造本店,富久長 純米吟醸 春 うすにごり 生酒 1800ml,1800,,,3960,不明,売切,季節限定,未確認,未確認,要冷蔵,2026-09-05,CSKU_B778D2B6F20A,official_ec_api,https://fukucho.jp/products/usunigori,1,,公式Shopify掲載だが当該バリアント在庫なし
今田酒造本店,富久長 純米吟醸 春 うすにごり 生酒 720ml,720,,,2090,不明,売切,季節限定,未確認,未確認,要冷蔵,2026-09-05,CSKU_B778D2B6F20A,official_ec_api,https://fukucho.jp/products/usunigori,1,,公式Shopify掲載だが当該バリアント在庫なし
今田酒造本店,富久長 純米吟醸 美穂 Biho 1800ml,1800,,,3960,販売中,在庫あり,通常/不明,未確認,未確認,不明,2026-09-05,CSKU_C555FBF888B0,official_ec_api,https://fukucho.jp/products/biho,1,,公式Shopify商品APIで販売可能
今田酒造本店,富久長 純米吟醸 美穂 Biho 720ml,720,,,2090,販売中,在庫あり,通常/不明,未確認,未確認,不明,2026-09-05,CSKU_C555FBF888B0,official_ec_api,https://fukucho.jp/products/biho,1,,公式Shopify商品APIで販売可能
今田酒造本店,富久長 純米吟醸 美穂 Biho 生酒 1800ml,1800,,,3960,不明,売切,季節限定,未確認,未確認,要冷蔵,2026-09-05,CSKU_7416ED35F806,official_ec_api,https://fukucho.jp/products/biho-nama,1,,公式Shopify掲載だが当該バリアント在庫なし
今田酒造本店,富久長 純米吟醸 美穂 Biho 生酒 720ml,720,,,2090,不明,売切,季節限定,未確認,未確認,要冷蔵,2026-09-05,CSKU_7416ED35F806,official_ec_api,https://fukucho.jp/products/biho-nama,1,,公式Shopify掲載だが当該バリアント在庫なし
今田酒造本店,富久長 辛口純米 1800ml,1800,,,3300,販売中,在庫あり,通常/不明,未確認,未確認,不明,2026-09-05,CSKU_3C6616E01E64,official_ec_api,https://fukucho.jp/products/karakuchi,1,,公式Shopify商品APIで販売可能
今田酒造本店,富久長 辛口純米 720ml,720,,,1980,販売中,在庫あり,通常/不明,未確認,未確認,不明,2026-09-05,CSKU_3C6616E01E64,official_ec_api,https://fukucho.jp/products/karakuchi,1,,公式Shopify商品APIで販売可能
今田酒造本店,富久長 辛口純米 夏 1800ml,1800,,,3300,不明,売切,季節限定,未確認,未確認,不明,2026-09-05,CSKU_E9E11BF5562E,official_ec_api,https://fukucho.jp/products/karakuchi-summer,1,,公式Shopify掲載だが当該バリアント在庫なし
今田酒造本店,富久長 辛口純米 夏 720ml,720,,,1980,不明,売切,季節限定,未確認,未確認,不明,2026-09-05,CSKU_E9E11BF5562E,official_ec_api,https://fukucho.jp/products/karakuchi-summer,1,,公式Shopify掲載だが当該バリアント在庫なし
今田酒造本店,富久長 辛口純米 直汲み 生酒 1800ml,1800,,,3300,不明,売切,季節限定,未確認,未確認,要冷蔵,2026-09-05,CSKU_A24B54BCC978,official_ec_api,https://fukucho.jp/products/karakuchi-nama,1,,公式Shopify掲載だが当該バリアント在庫なし
今田酒造本店,富久長 辛口純米 直汲み 生酒 720ml,720,,,1980,不明,売切,季節限定,未確認,未確認,要冷蔵,2026-09-05,CSKU_A24B54BCC978,official_ec_api,https://fukucho.jp/products/karakuchi-nama,1,,公式Shopify掲載だが当該バリアント在庫なし
柄酒造,9代目於多福 protos. 720ml 火入れ,720,,0,1980,販売中,在庫あり,通常/不明,未確認,未確認,要冷蔵,2026-09-05,CSKU_D84ED2F8370A,official_ec_api,https://www.tsukasyuzou.jp/products/9代目於多福-protos-720ml-火入れ,1,,公式Shopify商品APIで販売可能
柄酒造,9代目於多福 つきあかり 720ml,720,,,2090,販売中,在庫あり,通常/不明,未確認,未確認,要冷蔵,2026-09-05,CSKU_591113468854,official_ec_api,https://www.tsukasyuzou.jp/products/9代目於多福-つきあかり-720ml,1,,公式Shopify商品APIで販売可能
柄酒造,9代目於多福 純米吟醸 すずかぜ 720ml,720,,０,2200,販売中,在庫あり,通常/不明,未確認,未確認,要冷蔵,2026-09-05,CSKU_EDFEC7CE599D,official_ec_api,https://www.tsukasyuzou.jp/products/9代目於多福-すずかぜ-720ml,1,,公式Shopify商品APIで販売可能
柄酒造,【火入れ】9代目於多福 特別純米 720ml・1800ml 720ml,720,,,1980,販売中,在庫あり,通常/不明,未確認,未確認,要冷蔵,2026-09-05,CSKU_BEA63C25C10E,official_ec_api,https://www.tsukasyuzou.jp/products/火入れ-9代目於多福-特別純米,2,https://www.tsukasyuzou.jp/products/火入れ-9代目於多福-特別純米,公式Shopify商品APIで販売可能
柄酒造,【火入れ】9代目於多福 純米 720ml・1800ml 720ml,720,,,1760,販売中,在庫あり,通常/不明,未確認,未確認,要冷蔵,2026-09-05,CSKU_3F164DE9EB71,official_ec_api,https://www.tsukasyuzou.jp/products/火入れ-9代目於多福-純米,2,https://www.tsukasyuzou.jp/products/火入れ-9代目於多福-純米,公式Shopify商品APIで販売可能
柄酒造,【火入れ】9代目於多福 純米吟醸 720ml・1800ml 720ml,720,,30,2200,販売中,在庫あり,通常/不明,未確認,未確認,要冷蔵,2026-09-05,CSKU_EC13F18FE8BA,official_ec_api,https://www.tsukasyuzou.jp/products/火入れ-9代目於多福-純米吟醸,2,https://www.tsukasyuzou.jp/products/火入れ-9代目於多福-純米吟醸,公式Shopify商品APIで販売可能
柄酒造,【火入れ】9代目於多福 純米大吟醸 720ml・1800ml 720ml,720,,100,3080,販売中,在庫あり,通常/不明,未確認,未確認,要冷蔵,2026-09-05,CSKU_426E0D9972AD,official_ec_api,https://www.tsukasyuzou.jp/products/火入れ-9代目於多福-純米大吟醸-720ml-1800ml,2,https://www.tsukasyuzou.jp/products/火入れ-9代目於多福-純米大吟醸-720ml-1800ml,公式Shopify商品APIで販売可能
柄酒造,於多福 一番取り 720ml（桐箱入り）,720,,,6600,販売中,在庫あり,通常/不明,未確認,未確認,要冷蔵,2026-09-05,CSKU_6C4B630CAB71,official_ec_api,https://www.tsukasyuzou.jp/products/関西一-一番取り-720ml,1,,公式Shopify商品APIで販売可能
柄酒造,於多福 大吟醸 1800ml,1800,,,6160,販売中,在庫あり,通常/不明,未確認,未確認,要冷蔵,2026-09-05,CSKU_513AAF702184,official_ec_api,https://www.tsukasyuzou.jp/products/於多福-大吟醸-1800ml,1,,公式Shopify商品APIで販売可能
柄酒造,於多福 大吟醸 720ml,720,,,3080,販売中,在庫あり,通常/不明,未確認,未確認,要冷蔵,2026-09-05,CSKU_28D13F9C28E1,official_ec_api,https://www.tsukasyuzou.jp/products/於多福-大吟醸-720ml,1,,公式Shopify商品APIで販売可能
柄酒造,於多福 本醸造 720ml,720,,,1320,販売中,在庫あり,通常/不明,未確認,未確認,要冷蔵,2026-09-05,CSKU_2681BD762ED6,official_ec_api,https://www.tsukasyuzou.jp/products/関西一-本醸造-720ml,1,,公式Shopify商品APIで販売可能
柄酒造,於多福 純米 1800ml,1800,,,3300,販売中,在庫あり,通常/不明,未確認,未確認,要冷蔵,2026-09-05,CSKU_3224805479E3,official_ec_api,https://www.tsukasyuzou.jp/products/於多福-純米-1800ml,1,,公式Shopify商品APIで販売可能
柄酒造,於多福 純米 720ml,720,,,1760,販売中,在庫あり,通常/不明,未確認,未確認,要冷蔵,2026-09-05,CSKU_8DA37B7325FA,official_ec_api,https://www.tsukasyuzou.jp/products/於多福-純米-720ml,1,,公式Shopify商品APIで販売可能
柄酒造,於多福 純米吟醸 1800ml,1800,,,3740,販売中,在庫あり,通常/不明,未確認,未確認,要冷蔵,2026-09-05,CSKU_6BE30EF99475,official_ec_api,https://www.tsukasyuzou.jp/products/於多福-純米吟醸-1800ml,1,,公式Shopify商品APIで販売可能
柄酒造,於多福 純米吟醸 720ml,720,,,1980,販売中,在庫あり,通常/不明,未確認,未確認,要冷蔵,2026-09-05,CSKU_E5FCBFE24314,official_ec_api,https://www.tsukasyuzou.jp/products/於多福-純米吟醸-720ml,1,,公式Shopify商品APIで販売可能
白牡丹酒造,【凍結生酒】純米生酒 氷華 300ml瓶【日本酒 白牡丹】,300,,,,販売中,不明,通常/不明,未確認,未確認,要冷蔵,2026-09-05,CSKU_68CF0AD44EB6,official_ec,https://hakubotan.shop-pro.jp/?pid=170987632,3,https://hakubotan.shop-pro.jp/?pid=174249185 | https://hakubotan.shop-pro.jp/?pid=174249353,公式EC掲載
白牡丹酒造,【夏酒】広島八反 純米大吟醸 原酒 ７２０ml瓶【日本酒 白牡丹】,720,,,,販売中,在庫あり,通常/不明,未確認,未確認,不明,2026-09-05,CSKU_933E8076E59C,official_ec,https://hakubotan.shop-pro.jp/?pid=168735503,1,,公式EC掲載
白牡丹酒造,【日本酒 白牡丹】 純米 サンフレカップ ２００ml詰30本入り,200,,,,販売中,不明,通常/不明,未確認,未確認,不明,2026-09-05,CSKU_F55D0C3069C4,official_ec,https://hakubotan.shop-pro.jp/?pid=157223856,1,,公式EC掲載
白牡丹酒造,【日本酒 白牡丹】Paeon(ピオン) ５００ml瓶詰,500,,,,販売中,不明,通常/不明,未確認,未確認,不明,2026-09-05,CSKU_0A9C5D2CC006,official_ec,https://hakubotan.shop-pro.jp/?pid=188723342,1,,公式EC掲載
白牡丹酒造,【日本酒 白牡丹】すっきり旨口２０００ ２Ｌパック詰,2000,,,,販売中,不明,通常/不明,未確認,未確認,不明,2026-09-05,CSKU_FDF06EE12EEE,official_ec,https://hakubotan.shop-pro.jp/?pid=108347264,1,,公式EC掲載
白牡丹酒造,【日本酒 白牡丹】ひろしま一途な純米酒 紅甘萬 720ml瓶詰,720,,,,販売中,不明,通常/不明,未確認,未確認,不明,2026-09-05,CSKU_A5398E6AC6AD,official_ec,https://hakubotan.shop-pro.jp/?pid=192006647,1,,公式EC掲載
白牡丹酒造,【日本酒 白牡丹】大吟醸 いちの雫７２０ml瓶詰 （しずく酒） クール便,720,,,,販売中,不明,通常/不明,未確認,未確認,不明,2026-09-05,CSKU_B4B8282AC3AA,official_ec,https://hakubotan.shop-pro.jp/?pid=108329971,1,,公式EC掲載
白牡丹酒造,【日本酒 白牡丹】大吟醸 中汲み 1.8L瓶詰【流通限定】 - 白牡丹酒造,1800,4950198110806,,11000,不明,不明,流通限定,未確認,未確認,不明,2026-09-05,CSKU_D506D7D4C508,official_catalog,https://www.hakubotan.co.jp/products/%e3%80%90%e6%97%a5%e6%9c%ac%e9%85%92-%e7%99%bd%e7%89%a1%e4%b8%b9%e3%80%91%e5%a4%a7%e5%90%9f%e9%86%b8%e4%b8%ad%e6%b1%b2%e3%81%bf-1-8l%e7%93%b6%e8%a9%b0/,1,,公式商品カタログの限定区分
白牡丹酒造,【日本酒 白牡丹】大吟醸 中汲み 720ml瓶詰【流通限定】 - 白牡丹酒造,720,4950198110707,,5500,不明,不明,流通限定,未確認,未確認,不明,2026-09-05,CSKU_2104A220E83A,official_catalog,https://www.hakubotan.co.jp/products/%e3%80%90%e6%97%a5%e6%9c%ac%e9%85%92-%e7%99%bd%e7%89%a1%e4%b8%b9%e3%80%91%e5%a4%a7%e5%90%9f%e9%86%b8-%e4%b8%ad%e6%b1%b2%e3%81%bf-720ml%e7%93%b6%e8%a9%b0%e3%80%90%e6%b5%81%e9%80%9a%e9%99%90%e5%ae%9a/,1,,公式商品カタログの限定区分
白牡丹酒造,【日本酒 白牡丹】大吟醸３００ml瓶詰 化粧箱入,300,,,,販売中,不明,通常/不明,未確認,未確認,不明,2026-09-05,CSKU_E6E286C89691,official_ec,https://hakubotan.shop-pro.jp/?pid=150096115,1,,公式EC掲載
白牡丹酒造,【日本酒 白牡丹】山田錦 米だけの酒３００ml瓶詰,300,,,,販売中,不明,通常/不明,未確認,未確認,不明,2026-09-05,CSKU_768270F29B7A,official_ec,https://hakubotan.shop-pro.jp/?pid=108332909,1,,公式EC掲載
白牡丹酒造,【日本酒 白牡丹】山田錦 米だけの酒９００mlパック詰,900,,,,販売中,不明,通常/不明,未確認,未確認,不明,2026-09-05,CSKU_3A8D74412125,official_ec,https://hakubotan.shop-pro.jp/?pid=108332897,1,,公式EC掲載
白牡丹酒造,【日本酒 白牡丹】山田錦 純米吟醸 うすにごり 720ml瓶,720,,,,販売中,不明,通常/不明,未確認,未確認,不明,2026-09-05,CSKU_1C8316610C88,official_ec,https://hakubotan.shop-pro.jp/?pid=180156990,1,,公式EC掲載
白牡丹酒造,【日本酒 白牡丹】山田錦 純米吟醸 うすにごり 720ml瓶詰 - 白牡丹酒造,720,4950198423500,,1650,不明,不明,季節限定,未確認,未確認,不明,2026-09-05,CSKU_32FD557EEF4D,official_catalog,https://www.hakubotan.co.jp/products/%e3%80%90%e6%97%a5%e6%9c%ac%e9%85%92-%e7%99%bd%e7%89%a1%e4%b8%b9%e3%80%91%e5%b1%b1%e7%94%b0%e9%8c%a6%e3%80%80%e7%b4%94%e7%b1%b3%e5%90%9f%e9%86%b8%e3%80%80%e3%81%86%e3%81%99%e3%81%ab%e3%81%94%e3%82%8a/,1,,公式商品カタログの限定区分
白牡丹酒造,【日本酒 白牡丹】山田錦純米酒１．８Ｌ瓶詰,1800,,,,販売中,不明,通常/不明,未確認,未確認,不明,2026-09-05,CSKU_5E19BE227012,official_ec,https://hakubotan.shop-pro.jp/?pid=108332864,1,,公式EC掲載
白牡丹酒造,【日本酒 白牡丹】山田錦純米酒７２０ml瓶詰,720,,,,販売中,不明,通常/不明,未確認,未確認,不明,2026-09-05,CSKU_6A4AB0626ACA,official_ec,https://hakubotan.shop-pro.jp/?pid=108332888,1,,公式EC掲載
白牡丹酒造,【日本酒 白牡丹】広島の酒 原酒 ７２０ml瓶詰 蔵元限定,720,,,,販売中,不明,蔵元限定,未確認,未確認,不明,2026-09-05,CSKU_B6814C177A5C,official_ec,https://hakubotan.shop-pro.jp/?pid=125065018,1,,公式EC掲載
白牡丹酒造,【日本酒 白牡丹】広島の酒１．８Ｌ瓶詰,1800,,,,販売中,不明,通常/不明,未確認,未確認,不明,2026-09-05,CSKU_3EA2E9C13335,official_ec,https://hakubotan.shop-pro.jp/?pid=108346780,1,,公式EC掲載
白牡丹酒造,【日本酒 白牡丹】広島の酒２００mlライトカップ詰15本入り,200,,,,販売中,不明,通常/不明,未確認,未確認,不明,2026-09-05,CSKU_652A277F97F9,official_ec,https://hakubotan.shop-pro.jp/?pid=158339311,1,,公式EC掲載
白牡丹酒造,【日本酒 白牡丹】広島の酒２００mlライトカップ詰30本入り,200,,,,販売中,不明,通常/不明,未確認,未確認,不明,2026-09-05,CSKU_39EE9FE17518,official_ec,https://hakubotan.shop-pro.jp/?pid=108346907,1,,公式EC掲載
白牡丹酒造,【日本酒 白牡丹】広島の酒２Ｌパック詰,2000,,,,販売中,不明,通常/不明,未確認,未確認,不明,2026-09-05,CSKU_BDC730588CF2,official_ec,https://hakubotan.shop-pro.jp/?pid=108346801,1,,公式EC掲載
白牡丹酒造,【日本酒 白牡丹】広島の酒３００ml瓶詰,300,,,,販売中,不明,通常/不明,未確認,未確認,不明,2026-09-05,CSKU_63BD31C1A78F,official_ec,https://hakubotan.shop-pro.jp/?pid=108346896,1,,公式EC掲載
白牡丹酒造,【日本酒 白牡丹】広島の酒９００mlパック詰,900,,,,販売中,不明,通常/不明,未確認,未確認,不明,2026-09-05,CSKU_C83A10C63066,official_ec,https://hakubotan.shop-pro.jp/?pid=108346852,1,,公式EC掲載
白牡丹酒造,【日本酒 白牡丹】広島上撰 金紋 原酒 720ml瓶詰【限定酒】 - 白牡丹酒造,720,4950198251509,,990,不明,不明,季節限定,未確認,未確認,不明,2026-09-05,CSKU_4DCBEE5BDD11,official_catalog,https://www.hakubotan.co.jp/products/%e3%80%90%e6%97%a5%e6%9c%ac%e9%85%92-%e7%99%bd%e7%89%a1%e4%b8%b9%e3%80%91%e5%ba%83%e5%b3%b6%e4%b8%8a%e6%92%b0%e3%80%80%e9%87%91%e7%b4%8b%e3%80%80%e5%8e%9f%e9%85%92720ml%e7%93%b6%e8%a9%b0%e3%80%90/,1,,公式商品カタログの限定区分
白牡丹酒造,【日本酒 白牡丹】広島上撰 金紋１．８Ｌ瓶詰,1800,,,,販売中,不明,通常/不明,未確認,未確認,不明,2026-09-05,CSKU_E56C3DC54925,official_ec,https://hakubotan.shop-pro.jp/?pid=108343434,1,,公式EC掲載
白牡丹酒造,【日本酒 白牡丹】広島上撰 金紋２００mlライトカップ詰15本入り,200,,,,販売中,不明,通常/不明,未確認,未確認,不明,2026-09-05,CSKU_7AA1D2AEDF78,official_ec,https://hakubotan.shop-pro.jp/?pid=158339341,1,,公式EC掲載
白牡丹酒造,【日本酒 白牡丹】広島上撰 金紋２Ｌパック詰,2000,,,,販売中,不明,通常/不明,未確認,未確認,不明,2026-09-05,CSKU_24E06BB560A2,official_ec,https://hakubotan.shop-pro.jp/?pid=108343488,1,,公式EC掲載
白牡丹酒造,【日本酒 白牡丹】広島八反 純米吟醸１．８Ｌ瓶詰,1800,,,,販売中,不明,通常/不明,未確認,未確認,不明,2026-09-05,CSKU_5FFBD376E6A4,official_ec,https://hakubotan.shop-pro.jp/?pid=177597624,1,,公式EC掲載
白牡丹酒造,【日本酒 白牡丹】広島八反 純米吟醸７２０ml瓶詰,720,,,,販売中,不明,通常/不明,未確認,未確認,不明,2026-09-05,CSKU_1BA4D81A789F,official_ec,https://hakubotan.shop-pro.jp/?pid=177597618,1,,公式EC掲載
白牡丹酒造,【日本酒 白牡丹】広島八反 純米大吟醸 原酒720ml瓶詰 - 白牡丹酒造,720,4950198218809,,2200,不明,不明,季節限定,未確認,未確認,不明,2026-09-05,CSKU_EC49B0FFA2B4,official_catalog,https://www.hakubotan.co.jp/products/%e3%80%90%e6%97%a5%e6%9c%ac%e9%85%92-%e7%99%bd%e7%89%a1%e4%b8%b9%e3%80%91%e5%ba%83%e5%b3%b6%e5%85%ab%e5%8f%8d-%e7%b4%94%e7%b1%b3%e5%a4%a7%e5%90%9f%e9%86%b8-%e5%8e%9f%e9%85%92720ml%e7%93%b6%e8%a9%b0/,1,,公式商品カタログの限定区分
白牡丹酒造,【日本酒 白牡丹】広島特撰 芳華金紋１．８Ｌ瓶詰,1800,,,,販売中,不明,通常/不明,未確認,未確認,不明,2026-09-05,CSKU_CDA9DA4B0A1D,official_ec,https://hakubotan.shop-pro.jp/?pid=108338727,1,,公式EC掲載
白牡丹酒造,【日本酒 白牡丹】広島特撰 芳華金紋３００ml瓶詰,300,,,,販売中,不明,通常/不明,未確認,未確認,不明,2026-09-05,CSKU_8718EE503E78,official_ec,https://hakubotan.shop-pro.jp/?pid=108338761,1,,公式EC掲載
白牡丹酒造,【日本酒 白牡丹】恋華 RENKA ３００ml瓶詰,300,,,,販売中,不明,通常/不明,未確認,未確認,不明,2026-09-05,CSKU_D18B2419CBE8,official_ec,https://hakubotan.shop-pro.jp/?pid=151110590,1,,公式EC掲載
白牡丹酒造,【日本酒 白牡丹】恋華RENKA ROUGE ３００ml瓶詰,300,,,,販売中,不明,通常/不明,未確認,未確認,不明,2026-09-05,CSKU_90F3F4CA4D2A,official_ec,https://hakubotan.shop-pro.jp/?pid=182359563,1,,公式EC掲載
白牡丹酒造,【日本酒 白牡丹】新酒純米 1.8L瓶詰 - 白牡丹酒造,1800,4950198281193,,2497,販売中,在庫あり,季節限定,未確認,未確認,不明,2026-09-05,CSKU_FD2AE1488556,official_catalog,https://www.hakubotan.co.jp/products/%e3%80%90%e6%97%a5%e6%9c%ac%e9%85%92-%e7%99%bd%e7%89%a1%e4%b8%b9%e3%80%91%e6%96%b0%e9%85%92%e7%b4%94%e7%b1%b3-1-8l%e7%93%b6%e8%a9%b0-2/,1,,公式商品カタログの限定区分
白牡丹酒造,【日本酒 白牡丹】新酒純米 300ml瓶詰 - 白牡丹酒造,300,4950198281612,,473,販売中,在庫あり,季節限定,未確認,未確認,不明,2026-09-05,CSKU_9AF6B009656B,official_catalog,https://www.hakubotan.co.jp/products/%e3%80%90%e6%97%a5%e6%9c%ac%e9%85%92-%e7%99%bd%e7%89%a1%e4%b8%b9%e3%80%91%e6%96%b0%e9%85%92%e7%b4%94%e7%b1%b3-300ml%e7%93%b6%e8%a9%b0-2/,1,,公式商品カタログの限定区分
白牡丹酒造,【日本酒 白牡丹】新酒純米 720ml瓶詰 - 白牡丹酒造,720,4950198281513,,1210,販売中,在庫あり,季節限定,未確認,未確認,不明,2026-09-05,CSKU_6B1FF636C3B7,official_catalog,https://www.hakubotan.co.jp/products/%e3%80%90%e6%97%a5%e6%9c%ac%e9%85%92-%e7%99%bd%e7%89%a1%e4%b8%b9%e3%80%91%e6%96%b0%e9%85%92%e7%b4%94%e7%b1%b3-720ml%e7%93%b6%e8%a9%b0/,1,,公式商品カタログの限定区分
白牡丹酒造,【日本酒 白牡丹】本醸造 生貯蔵酒１８０ml瓶詰,180,,,,販売中,不明,通常/不明,未確認,未確認,不明,2026-09-05,CSKU_DA7808B1BD2D,official_ec,https://hakubotan.shop-pro.jp/?pid=108340210,1,,公式EC掲載
白牡丹酒造,【日本酒 白牡丹】本醸造 生貯蔵酒３００ml瓶詰,300,,,,販売中,不明,通常/不明,未確認,未確認,不明,2026-09-05,CSKU_0800E633BA73,official_ec,https://hakubotan.shop-pro.jp/?pid=108340184,1,,公式EC掲載
白牡丹酒造,【日本酒 白牡丹】本醸造１．８Ｌ瓶詰,1800,,,,販売中,不明,通常/不明,未確認,未確認,不明,2026-09-05,CSKU_4FAF52D3E364,official_ec,https://hakubotan.shop-pro.jp/?pid=192006601,1,,公式EC掲載
白牡丹酒造,【日本酒 白牡丹】生もと純米 第一号 火当て ７２０ｍｌ瓶詰,720,,,,不明,売切,通常/不明,未確認,未確認,不明,2026-09-05,CSKU_1BBE3D69054E,official_ec,https://hakubotan.shop-pro.jp/?pid=178188678,1,,公式EC掲載
白牡丹酒造,【日本酒 白牡丹】純米吟醸 中汲み 1.8L瓶詰【流通限定】 - 白牡丹酒造,1800,4950198220819,,4400,不明,不明,流通限定,未確認,未確認,不明,2026-09-05,CSKU_530200D5786A,official_catalog,https://www.hakubotan.co.jp/products/%e3%80%90%e6%97%a5%e6%9c%ac%e9%85%92-%e7%99%bd%e7%89%a1%e4%b8%b9%e3%80%91%e7%b4%94%e7%b1%b3%e5%90%9f%e9%86%b8-%e4%b8%ad%e6%b1%b2%e3%81%bf-1-8l%e7%93%b6%e8%a9%b0%e3%80%90%e6%b5%81%e9%80%9a%e9%99%90/,1,,公式商品カタログの限定区分
白牡丹酒造,【日本酒 白牡丹】純米吟醸 中汲み 720ml瓶詰【流通限定】 - 白牡丹酒造,720,4950198220710,,2200,不明,不明,流通限定,未確認,未確認,不明,2026-09-05,CSKU_DE874C98A0F8,official_catalog,https://www.hakubotan.co.jp/products/%e3%80%90%e6%97%a5%e6%9c%ac%e9%85%92-%e7%99%bd%e7%89%a1%e4%b8%b9%e3%80%91%e7%b4%94%e7%b1%b3%e5%90%9f%e9%86%b8-%e4%b8%ad%e6%b1%b2%e3%81%bf-720ml%e7%93%b6%e8%a9%b0%e3%80%90%e6%b5%81%e9%80%9a%e9%99%90/,1,,公式商品カタログの限定区分
白牡丹酒造,【日本酒 白牡丹】純米吟醸 生貯蔵酒 300ml瓶詰【輸出専用】 - 白牡丹酒造,300,,,,不明,不明,輸出限定,未確認,確認済み,不明,2026-09-05,CSKU_6457EBE4BCA5,official_catalog,https://www.hakubotan.co.jp/products/%e3%80%90%e6%97%a5%e6%9c%ac%e9%85%92-%e7%99%bd%e7%89%a1%e4%b8%b9%e3%80%91%e7%b4%94%e7%b1%b3%e5%90%9f%e9%86%b8-%e7%94%9f%e8%b2%af%e8%94%b5%e9%85%92-300ml%e7%93%b6%e8%a9%b0-%e3%80%90%e8%bc%b8%e5%87%ba/,1,,公式商品カタログの限定区分
白牡丹酒造,【日本酒 白牡丹】純米吟醸 生貯蔵酒300ml瓶,300,,,,販売中,不明,通常/不明,未確認,未確認,不明,2026-09-05,CSKU_B7FF0010AEB3,official_ec,https://hakubotan.shop-pro.jp/?pid=139712082,1,,公式EC掲載
白牡丹酒造,【日本酒 白牡丹】純米吟醸 生貯蔵酒１８０ml瓶詰,180,,,,販売中,不明,通常/不明,未確認,未確認,不明,2026-09-05,CSKU_5DFC29961744,official_ec,https://hakubotan.shop-pro.jp/?pid=108332305,1,,公式EC掲載
白牡丹酒造,【日本酒 白牡丹】純米吟醸 萌えいぶき 1.8L瓶,1800,,,,販売中,不明,通常/不明,未確認,未確認,不明,2026-09-05,CSKU_4A3F76B5B2D8,official_ec,https://hakubotan.shop-pro.jp/?pid=185829180,1,,公式EC掲載
白牡丹酒造,【日本酒 白牡丹】純米吟醸 萌えいぶき 720ml瓶,720,,,,販売中,不明,通常/不明,未確認,未確認,不明,2026-09-05,CSKU_7BE921225A4B,official_ec,https://hakubotan.shop-pro.jp/?pid=180157052,1,,公式EC掲載
白牡丹酒造,【日本酒 白牡丹】純米吟醸１．８Ｌ瓶詰,1800,,,,販売中,不明,通常/不明,未確認,未確認,不明,2026-09-05,CSKU_E802411F2FEC,official_ec,https://hakubotan.shop-pro.jp/?pid=108332194,1,,公式EC掲載
白牡丹酒造,【日本酒 白牡丹】純米吟醸７２０ml瓶詰,720,,,,販売中,不明,通常/不明,未確認,未確認,不明,2026-09-05,CSKU_01780568726E,official_ec,https://hakubotan.shop-pro.jp/?pid=108332209,1,,公式EC掲載
白牡丹酒造,【日本酒 白牡丹】純米大吟醸 令和一号酵母 720ml瓶詰,720,,,,販売中,不明,通常/不明,未確認,未確認,不明,2026-09-05,CSKU_D14EEC208C7C,official_ec,https://hakubotan.shop-pro.jp/?pid=163672217,1,,公式EC掲載
白牡丹酒造,【日本酒 白牡丹】純米大吟醸 原酒 万年蔵 杜氏鹿島正 １．８Ｌ瓶詰,1800,,,,販売中,不明,通常/不明,未確認,未確認,不明,2026-09-05,CSKU_A311EF873343,official_ec,https://hakubotan.shop-pro.jp/?pid=151363758,1,,公式EC掲載
白牡丹酒造,【日本酒 白牡丹】純米大吟醸 原酒 万年蔵 杜氏鹿島正 ７２０ml瓶詰,720,,,,販売中,不明,通常/不明,未確認,未確認,不明,2026-09-05,CSKU_18A10379D9EE,official_ec,https://hakubotan.shop-pro.jp/?pid=151363495,1,,公式EC掲載
白牡丹酒造,【日本酒 白牡丹】純米大吟醸 悠星 ７２０ml瓶【ユウセイ】,720,,,,販売中,不明,通常/不明,未確認,未確認,不明,2026-09-05,CSKU_8BF6F0E13345,official_ec,https://hakubotan.shop-pro.jp/?pid=174251074,1,,公式EC掲載
白牡丹酒造,【日本酒 白牡丹】純米大吟醸 龍王井 1.8L瓶詰【輸出専用】 - 白牡丹酒造,1800,,,,不明,不明,輸出限定,未確認,確認済み,不明,2026-09-05,CSKU_2EF648AC38BB,official_catalog,https://www.hakubotan.co.jp/products/%e3%80%90%e6%97%a5%e6%9c%ac%e9%85%92-%e7%99%bd%e7%89%a1%e4%b8%b9%e3%80%91%e9%be%8d%e7%8e%8b%e4%ba%95-300ml%e7%93%b6%e8%a9%b0%e3%80%90%e8%bc%b8%e5%87%ba/,1,,公式商品カタログの限定区分
白牡丹酒造,【日本酒 白牡丹】純米酒 １．８Ｌ瓶詰,1800,,,,販売中,不明,通常/不明,未確認,未確認,不明,2026-09-05,CSKU_5547816F64AB,official_ec,https://hakubotan.shop-pro.jp/?pid=108333101,1,,公式EC掲載
白牡丹酒造,【日本酒 白牡丹】純米酒 ３００ml瓶詰,300,,,,販売中,不明,通常/不明,未確認,未確認,不明,2026-09-05,CSKU_4B478F14E579,official_ec,https://hakubotan.shop-pro.jp/?pid=108333115,1,,公式EC掲載
白牡丹酒造,【日本酒 白牡丹】純米酒 ７２０ml瓶詰,720,,,,販売中,不明,通常/不明,未確認,未確認,不明,2026-09-05,CSKU_68E074769534,official_ec,https://hakubotan.shop-pro.jp/?pid=108333106,1,,公式EC掲載
白牡丹酒造,【日本酒 白牡丹】華 純米吟醸 720ml瓶【輸出専用】 - 白牡丹酒造,720,,,,不明,不明,輸出限定,未確認,確認済み,不明,2026-09-05,CSKU_C9C6C6D6EE35,official_catalog,https://www.hakubotan.co.jp/products/%e3%80%90%e6%97%a5%e6%9c%ac%e9%85%92-%e7%99%bd%e7%89%a1%e4%b8%b9%e3%80%91%e8%8f%af%e3%80%80%e7%b4%94%e7%b1%b3%e5%90%9f%e9%86%b8%e3%80%80-300ml%e7%93%b6%e3%80%90%e8%bc%b8%e5%87%ba%e5%b0%82%e7%94%a8/,1,,公式商品カタログの限定区分
白牡丹酒造,【日本酒 白牡丹】超特撰1.8L瓶詰化粧箱入 （２本詰） TA-50,1800,,,,販売中,不明,通常/不明,未確認,未確認,不明,2026-09-05,CSKU_AC7078391C94,official_ec,https://hakubotan.shop-pro.jp/?pid=108363133,1,,公式EC掲載
白牡丹酒造,【日本酒 白牡丹】超特撰純金箔入1.8L瓶詰 TA-30Ｋ,1800,,,,販売中,不明,通常/不明,未確認,未確認,不明,2026-09-05,CSKU_C1B59B4133F0,official_ec,https://hakubotan.shop-pro.jp/?pid=108363130,1,,公式EC掲載
白牡丹酒造,【日本酒 白牡丹】長期低温熟成 大吟醸 FLUSSO,720,,,148500,不明,不明,輸出限定,未確認,確認済み,不明,2026-09-05,CSKU_8ACCDBDA3B26,official_catalog,https://www.hakubotan.co.jp/products/,1,,公式商品カタログの限定区分
白牡丹酒造,【日本酒 藝陽男山】生酛純米酒 夏仕込み おりがらみ 720ml瓶詰 - 白牡丹酒造,720,4950198991573,,2200,不明,不明,流通限定,未確認,未確認,不明,2026-09-05,CSKU_4F116420B795,official_catalog,https://www.hakubotan.co.jp/products/%e3%80%90%e6%97%a5%e6%9c%ac%e9%85%92-%e8%97%9d%e9%99%bd%e7%94%b7%e5%b1%b1%e3%80%91%e7%94%9f%e9%85%9b%e7%b4%94%e7%b1%b3%e9%85%92-%e5%a4%8f%e4%bb%95%e8%be%bc%e3%81%bf-%e3%81%8a%e3%82%8a%e3%81%8c/,1,,公式商品カタログの限定区分
白牡丹酒造,【日本酒 藝陽男山】生酛純米酒 夏仕込み 生酒 720ml瓶詰 - 白牡丹酒造,720,4950198981574,,2200,不明,不明,流通限定,未確認,未確認,要冷蔵,2026-09-05,CSKU_191B4815F95D,official_catalog,https://www.hakubotan.co.jp/products/%e3%80%90%e6%97%a5%e6%9c%ac%e9%85%92-%e8%97%9d%e9%99%bd%e7%94%b7%e5%b1%b1%e3%80%91%e7%94%9f%e9%85%9b%e7%b4%94%e7%b1%b3%e9%85%92-%e5%a4%8f%e4%bb%95%e8%be%bc%e3%81%bf-%e7%94%9f%e9%85%92-720ml%e7%93%b6/,1,,公式商品カタログの限定区分
白牡丹酒造,【藝陽男山】生もと純米酒 夏仕込み おりがらみ ７２０ｍｌ瓶詰,720,,,,販売中,不明,通常/不明,未確認,未確認,不明,2026-09-05,CSKU_AB9F601FFD74,official_ec,https://hakubotan.shop-pro.jp/?pid=185934885,1,,公式EC掲載
白牡丹酒造,【藝陽男山】生もと純米酒 夏仕込み ７２０ｍｌ瓶詰,720,,,,販売中,不明,通常/不明,未確認,未確認,不明,2026-09-05,CSKU_4EC558AFED10,official_ec,https://hakubotan.shop-pro.jp/?pid=185933582,1,,公式EC掲載
白牡丹酒造,【藝陽男山】生もと純米酒 寒仕込み おりがらみ ７２０ｍｌ瓶詰,720,,,,販売中,不明,通常/不明,未確認,未確認,不明,2026-09-05,CSKU_6C7CD55248B3,official_ec,https://hakubotan.shop-pro.jp/?pid=187122066,1,,公式EC掲載
白牡丹酒造,【藝陽男山】生もと純米酒 寒仕込み 生酒 ７２０ｍｌ瓶詰,720,,,,販売中,不明,通常/不明,未確認,未確認,要冷蔵,2026-09-05,CSKU_D0C14F3D3F24,official_ec,https://hakubotan.shop-pro.jp/?pid=187122080,1,,公式EC掲載
白牡丹酒造,【藝陽男山】生もと純米酒 寒仕込み ７２０ｍｌ瓶詰,720,,,,販売中,不明,通常/不明,未確認,未確認,不明,2026-09-05,CSKU_C279E01F888B,official_ec,https://hakubotan.shop-pro.jp/?pid=187122109,1,,公式EC掲載
白牡丹酒造,【藝陽男山】生もと純米酒 春仕込み おりがらみ ７２０ｍｌ瓶詰,720,,,,販売中,不明,通常/不明,未確認,未確認,不明,2026-09-05,CSKU_4DDF8E66455F,official_ec,https://hakubotan.shop-pro.jp/?pid=187866635,1,,公式EC掲載
白牡丹酒造,【藝陽男山】生もと純米酒 春仕込み 生酒 ７２０ｍｌ瓶詰,720,,,,販売中,不明,通常/不明,未確認,未確認,要冷蔵,2026-09-05,CSKU_9E10393F5D1B,official_ec,https://hakubotan.shop-pro.jp/?pid=187866610,1,,公式EC掲載
白牡丹酒造,【藝陽男山】生もと純米酒 春仕込み ７２０ｍｌ瓶詰,720,,,,販売中,不明,通常/不明,未確認,未確認,不明,2026-09-05,CSKU_74BEA76B0334,official_ec,https://hakubotan.shop-pro.jp/?pid=187866573,1,,公式EC掲載
白牡丹酒造,ひろしま一途な純米酒 紅甘萬 180ml瓶詰,180,4950198528007,,1000,販売中,在庫あり,通常/不明,未確認,未確認,不明,2026-09-05,CSKU_3EF4CFCF4931,official_ec,https://hakubotan.shop-pro.jp/?pid=120859734,1,,公式EC掲載
白牡丹酒造,大吟醸 令和7酒造年度 全国新酒鑑評会 出品酒 500ml瓶【万年蔵】,500,,,,販売中,不明,通常/不明,未確認,未確認,不明,2026-09-05,CSKU_A83DB0A98142,official_ec,https://hakubotan.shop-pro.jp/?pid=190798407,1,,公式EC掲載
白牡丹酒造,大吟醸 令和７酒造年度 全国新酒鑑評会 出品酒 500ml瓶【天保蔵】,500,,,,販売中,不明,通常/不明,未確認,未確認,不明,2026-09-05,CSKU_CE4568FB2313,official_ec,https://hakubotan.shop-pro.jp/?pid=190798429,1,,公式EC掲載
白牡丹酒造,大吟醸 令和７酒造年度 全国新酒鑑評会 出品酒 500ml瓶【長春蔵】,500,,,,販売中,不明,通常/不明,未確認,未確認,不明,2026-09-05,CSKU_2D252D0ED3A5,official_ec,https://hakubotan.shop-pro.jp/?pid=190798416,1,,公式EC掲載
白牡丹酒造,白牡丹 長期低温熟成 大吟醸 FLUSSO 500ml,500,,,,販売中,不明,通常/不明,未確認,未確認,不明,2026-09-05,CSKU_D0DA91A2B4BA,official_ec,https://hakubotan.shop-pro.jp/?pid=192006339,1,,公式EC掲載
福美人酒造,"福美人 上撰 さけパック 2,000ml",2000,,,2035,販売中,在庫あり,通常/不明,未確認,未確認,不明,2026-09-05,CSKU_54FAEC4A9C0E,official_ec,https://www.fukubijin.co.jp/SHOP/2268.html,1,,公式EC掲載
福美人酒造,福美人 大吟醸 300ml 【自宅用におすすめ】,300,,,1020,販売中,在庫あり,通常/不明,未確認,未確認,不明,2026-09-05,CSKU_A1E12BFACA50,official_ec,https://www.fukubijin.co.jp/SHOP/1157.html,1,,公式EC掲載
福美人酒造,"福美人 大吟醸 蔵乃華 （ くらのはな ） 1,800ml [ 特製桐箱入 ] 【ギフトにおすすめ】",1800,,,11000,販売中,在庫あり,通常/不明,未確認,未確認,不明,2026-09-05,CSKU_FB8A4FF193D5,official_ec,https://www.fukubijin.co.jp/SHOP/1010.html,1,,公式EC掲載
福美人酒造,福美人 大吟醸 蔵乃華 （ くらのはな ） 720ml [ 特製桐箱入 ],720,,,5500,販売中,在庫あり,通常/不明,未確認,未確認,不明,2026-09-05,CSKU_7E6DFBCD66A9,official_ec,https://www.fukubijin.co.jp/SHOP/1020.html,1,,公式EC掲載
福美人酒造,"福美人 大吟醸 西條酒造学校 1,800ml [豪華 化粧箱入 ] 【ギフトにおすすめ】",1800,,,5500,販売中,在庫あり,通常/不明,未確認,未確認,不明,2026-09-05,CSKU_B8CE31985A8E,official_ec,https://www.fukubijin.co.jp/SHOP/1120.html,1,,公式EC掲載
福美人酒造,福美人 大吟醸 西條酒造学校 720ml [ 豪華化粧箱入 ],720,,,3300,販売中,在庫あり,通常/不明,未確認,未確認,不明,2026-09-05,CSKU_F86534BB5319,official_ec,https://www.fukubijin.co.jp/SHOP/1125.html,1,,公式EC掲載
福美人酒造,"福美人 本醸造 舞 1,800ml",1800,,,2008,販売中,在庫あり,通常/不明,未確認,未確認,不明,2026-09-05,CSKU_CE2A93B4B3F7,official_ec,https://www.fukubijin.co.jp/SHOP/3010.html,1,,公式EC掲載
福美人酒造,福美人 特別純米酒「ひめあま」 300ml 【あまくちの純米】,300,,,600,販売中,在庫あり,通常/不明,未確認,未確認,不明,2026-09-05,CSKU_638C1652AE29,official_ec,https://www.fukubijin.co.jp/SHOP/3085.html,1,,公式EC掲載
福美人酒造,福美人 特別純米酒「ひめあま」 720ml 【あまくちの純米】,720,,,1500,販売中,在庫あり,通常/不明,未確認,未確認,不明,2026-09-05,CSKU_A55184359F53,official_ec,https://www.fukubijin.co.jp/SHOP/2080.html,1,,公式EC掲載
福美人酒造,"福美人 純米吟醸 1,800ml",1800,,,2970,販売中,在庫あり,通常/不明,未確認,未確認,不明,2026-09-05,CSKU_CE8C09F808FB,official_ec,https://www.fukubijin.co.jp/SHOP/1210.html,1,,公式EC掲載
福美人酒造,福美人 純米吟醸 720ml,720,,,1500,販売中,在庫あり,通常/不明,未確認,未確認,不明,2026-09-05,CSKU_C71C5EBF7B57,official_ec,https://www.fukubijin.co.jp/SHOP/1221.html,1,,公式EC掲載
福美人酒造,"福美人 純米酒 1,800ml",1800,,,2300,販売中,在庫あり,通常/不明,未確認,未確認,不明,2026-09-05,CSKU_93F8509C10F9,official_ec,https://www.fukubijin.co.jp/SHOP/2020.html,1,,公式EC掲載
福美人酒造,福美人 純米酒 720ml,720,,,1180,販売中,在庫あり,通常/不明,未確認,未確認,不明,2026-09-05,CSKU_768DD3CC6992,official_ec,https://www.fukubijin.co.jp/SHOP/2040.html,1,,公式EC掲載
福美人酒造,福美人 蔵内限定 甘い口どけ豊醇原酒 ７２０ｍｌ,720,,,1116,販売中,在庫あり,通常/不明,未確認,未確認,不明,2026-09-05,CSKU_887CA8F5C380,official_ec,https://www.fukubijin.co.jp/SHOP/2203.html,1,,公式EC掲載
西條鶴醸造,2025年西條鶴特別純米酒『 アートラベル -渦炎- 』 720ml,720,,,,販売中,不明,通常/不明,未確認,未確認,不明,2026-09-05,CSKU_B721D8DB11B1,official_ec,https://saijotsuru.co.jp/?pid=183341240,1,,公式EC掲載
西條鶴醸造,【季節限定酒】純米にごり酒（微発泡タイプ生酒）,,,,,販売中,不明,季節限定,未確認,未確認,要冷蔵,2026-09-05,CSKU_B7266AB9AAA4,official_ec,https://saijotsuru.co.jp/?pid=155394785,1,,公式EC掲載
西條鶴醸造,【数量限定】純米吟醸「雄町・秋あがり」,,,,,販売中,不明,数量限定,未確認,未確認,不明,2026-09-05,CSKU_5845083B9EDC,official_ec,https://saijotsuru.co.jp/?pid=154356132,1,,公式EC掲載
西條鶴醸造,【純米原酒プレミアム13】新・生酛純米原酒「Natural」,,,,,販売中,不明,通常/不明,未確認,未確認,不明,2026-09-05,CSKU_AE83B4624D6C,official_ec,https://saijotsuru.co.jp/?pid=168115135,1,,公式EC掲載
西條鶴醸造,令和7年「新酒･しぼりたて」純米生原酒 720ml,720,,,,販売中,不明,通常/不明,未確認,未確認,不明,2026-09-05,CSKU_B4649D4539D3,official_ec,https://saijotsuru.co.jp/?pid=155394754,1,,公式EC掲載
西條鶴醸造,吟醸酒「ゴールド西條鶴」,720,,,,販売中,不明,通常/不明,未確認,未確認,不明,2026-09-05,CSKU_2F1938BF8C9A,official_ec,https://saijotsuru.co.jp/?pid=157617449,1,,公式EC掲載
西條鶴醸造,広島流辛口吟醸 吟醸生酒,,,,,販売中,不明,通常/不明,未確認,未確認,要冷蔵,2026-09-05,CSKU_589D306109DB,official_ec,https://saijotsuru.co.jp/?pid=178569049,1,,公式EC掲載
西條鶴醸造,純米『愛山』70,,,,,販売中,不明,通常/不明,未確認,未確認,不明,2026-09-05,CSKU_3E3900682E29,official_ec,https://saijotsuru.co.jp/?pid=191215726,1,,公式EC掲載
西條鶴醸造,純米吟醸「大地の冠」,720,,,,販売中,不明,通常/不明,未確認,未確認,不明,2026-09-05,CSKU_D27D3F1E92F9,official_ec,https://saijotsuru.co.jp/?pid=157617368,1,,公式EC掲載
西條鶴醸造,純米吟醸「大地の冠」1800ml,1800,,,,販売中,不明,通常/不明,未確認,未確認,不明,2026-09-05,CSKU_EF07C52DE79C,official_ec,https://saijotsuru.co.jp/?pid=157617415,1,,公式EC掲載
西條鶴醸造,純米大吟醸「西鶴」,720,,,,販売中,不明,通常/不明,未確認,未確認,不明,2026-09-05,CSKU_B94E95E50E49,official_ec,https://saijotsuru.co.jp/?pid=157617273,1,,公式EC掲載
西條鶴醸造,純米大吟醸原酒「神髄」1800ml,1800,,,,販売中,不明,通常/不明,未確認,未確認,不明,2026-09-05,CSKU_1AE41804675D,official_ec,https://saijotsuru.co.jp/?pid=157617173,1,,公式EC掲載
西條鶴醸造,純米大吟醸原酒「神髄」180ml,180,,,,販売中,不明,通常/不明,未確認,未確認,不明,2026-09-05,CSKU_8B60D7D1B1E1,official_ec,https://saijotsuru.co.jp/?pid=180817561,1,,公式EC掲載
西條鶴醸造,純米大吟醸原酒「神髄」500ml,500,,,,販売中,不明,通常/不明,未確認,未確認,不明,2026-09-05,CSKU_D25E442772BF,official_ec,https://saijotsuru.co.jp/?pid=180806295,1,,公式EC掲載
西條鶴醸造,純米大吟醸原酒「神髄」720ml,720,,,,販売中,不明,通常/不明,未確認,未確認,不明,2026-09-05,CSKU_516105DA0F81,official_ec,https://saijotsuru.co.jp/?pid=157617134,1,,公式EC掲載
西條鶴醸造,純米大吟醸原酒「飛天空」,720,,,,販売中,不明,通常/不明,未確認,未確認,不明,2026-09-05,CSKU_E0100E768DFE,official_ec,https://saijotsuru.co.jp/?pid=154356442,1,,公式EC掲載
西條鶴醸造,純米生原酒,300,,,,販売中,不明,通常/不明,未確認,未確認,不明,2026-09-05,CSKU_B5FD52D718C7,official_ec,https://saijotsuru.co.jp/?pid=154356753,1,,公式EC掲載
西條鶴醸造,純米酒「大地の風」,720,,,,販売中,不明,通常/不明,未確認,未確認,不明,2026-09-05,CSKU_A56A19736A70,official_ec,https://saijotsuru.co.jp/?pid=157617524,1,,公式EC掲載
西條鶴醸造,純米酒「大地の風」1800ml,1800,,,,販売中,不明,通常/不明,未確認,未確認,不明,2026-09-05,CSKU_0F615F5660C0,official_ec,https://saijotsuru.co.jp/?pid=157617537,1,,公式EC掲載
西條鶴醸造,西條鶴 酒蔵限定酒 のみ比べ,,,,,販売中,不明,酒蔵限定,未確認,未確認,不明,2026-09-05,CSKU_6F463CD36826,official_ec,https://saijotsuru.co.jp/?pid=159252539,1,,公式EC掲載
西條鶴醸造,辛口純米酒『きんさいや』,500,,,,販売中,不明,通常/不明,未確認,未確認,不明,2026-09-05,CSKU_642ED1A9FF29,official_ec,https://saijotsuru.co.jp/?pid=189850838,1,,公式EC掲載
西條鶴醸造,酒蔵限定酒・杜氏入魂無濾過純米生酒,,,,,販売中,不明,酒蔵限定,未確認,未確認,要冷蔵,2026-09-05,CSKU_CC4A68535F6C,official_ec,https://saijotsuru.co.jp/?pid=154356283,1,,公式EC掲載
西條鶴醸造,酒蔵限定酒・無濾過純米吟醸生酒,,,,,販売中,不明,酒蔵限定,未確認,未確認,要冷蔵,2026-09-05,CSKU_5A53E748B237,official_ec,https://saijotsuru.co.jp/?pid=154356266,1,,公式EC掲載
西條鶴醸造,酒蔵限定酒・無濾過純米生酒,,,,,販売中,不明,酒蔵限定,未確認,未確認,要冷蔵,2026-09-05,CSKU_98EA5516F00D,official_ec,https://saijotsuru.co.jp/?pid=154356253,1,,公式EC掲載
西條鶴醸造,酒蔵限定酒・純米吟醸「備前雄町」,,,,,販売中,不明,酒蔵限定,未確認,未確認,不明,2026-09-05,CSKU_7DAC135590AD,official_ec,https://saijotsuru.co.jp/?pid=154356303,1,,公式EC掲載
西條鶴醸造,酒蔵限定酒・純米大吟醸原酒,,,,,販売中,不明,酒蔵限定,未確認,未確認,不明,2026-09-05,CSKU_9D48A08D632C,official_ec,https://saijotsuru.co.jp/?pid=154356394,1,,公式EC掲載
賀茂泉酒造,*COKUN（こくん）500ml,500,,,1980,販売中,不明,通常/不明,未確認,未確認,要冷蔵,2026-09-05,CSKU_A05FC95BB87C,official_ec,https://online.kamoizumi.com/?pid=188378116,1,,公式EC掲載
賀茂泉酒造,*朱泉普通酒1800ml,1800,,,1980,販売中,不明,通常/不明,未確認,未確認,要冷蔵,2026-09-05,CSKU_EC5622197A3A,official_ec,https://online.kamoizumi.com/?pid=188378827,1,,公式EC掲載
賀茂泉酒造,*朱泉普通酒紙パック1800ml,1800,,,1980,販売中,不明,通常/不明,未確認,未確認,要冷蔵,2026-09-05,CSKU_DA782BCE3AFA,official_ec,https://online.kamoizumi.com/?pid=188378883,1,,公式EC掲載
賀茂泉酒造,*朱泉菰樽1800ml,1800,,,1980,販売中,不明,通常/不明,未確認,未確認,要冷蔵,2026-09-05,CSKU_51E3860D690C,official_ec,https://online.kamoizumi.com/?pid=188377821,1,,公式EC掲載
賀茂泉酒造,*純米吟醸「古酒」 720ml,720,,,1980,販売中,不明,通常/不明,未確認,未確認,要冷蔵,2026-09-05,CSKU_F28174227DA4,official_ec,https://online.kamoizumi.com/?pid=188373081,1,,公式EC掲載
賀茂泉酒造,*純米吟醸「山吹色の酒」1800ｍｌ,1800,,,,販売中,不明,通常/不明,未確認,未確認,不明,2026-09-05,CSKU_71C4E19B0FDC,official_ec,https://online.kamoizumi.com/?pid=188373832,1,,公式EC掲載
賀茂泉酒造,*純米吟醸「山吹色の酒」720ｍｌ,720,,,,販売中,不明,通常/不明,未確認,未確認,不明,2026-09-05,CSKU_E0BD2F06610D,official_ec,https://online.kamoizumi.com/?pid=188374660,1,,公式EC掲載
賀茂泉酒造,*純米吟醸「朱泉本仕込」1800ｍl,1800,,,,販売中,不明,通常/不明,未確認,未確認,不明,2026-09-05,CSKU_9EAE058FB1A5,official_ec,https://online.kamoizumi.com/?pid=188375316,1,,公式EC掲載
賀茂泉酒造,*純米吟醸「朱泉本仕込」1800ｍｌ箱入OS-5,1800,,,1980,販売中,不明,通常/不明,未確認,未確認,要冷蔵,2026-09-05,CSKU_B9306B1BD18D,official_ec,https://online.kamoizumi.com/?pid=188374887,1,,公式EC掲載
賀茂泉酒造,*純米吟醸「朱泉本仕込」180ml,180,,,1980,販売中,不明,通常/不明,未確認,未確認,要冷蔵,2026-09-05,CSKU_49E462677F6E,official_ec,https://online.kamoizumi.com/?pid=188375811,1,,公式EC掲載
賀茂泉酒造,*純米吟醸「朱泉本仕込」720ml,720,,,,販売中,不明,通常/不明,未確認,未確認,不明,2026-09-05,CSKU_89509836647D,official_ec,https://online.kamoizumi.com/?pid=188375505,1,,公式EC掲載
賀茂泉酒造,*純米吟醸「緑泉本仕込」1800ｍｌ,1800,,,,販売中,不明,通常/不明,未確認,未確認,不明,2026-09-05,CSKU_1E6501405EC6,official_ec,https://online.kamoizumi.com/?pid=188376895,1,,公式EC掲載
賀茂泉酒造,*純米吟醸「緑泉本仕込」300ml,300,,,,販売中,不明,通常/不明,未確認,未確認,不明,2026-09-05,CSKU_BC3A528CC4DF,official_ec,https://online.kamoizumi.com/?pid=188377046,1,,公式EC掲載
賀茂泉酒造,*純米吟醸「緑泉本仕込」720ｍｌ,720,,,,販売中,不明,通常/不明,未確認,未確認,不明,2026-09-05,CSKU_8E10FE426703,official_ec,https://online.kamoizumi.com/?pid=188376950,1,,公式EC掲載
賀茂泉酒造,*純米大吟醸500ml,500,,,1980,販売中,不明,通常/不明,未確認,未確認,要冷蔵,2026-09-05,CSKU_472ED573AC0D,official_ec,https://online.kamoizumi.com/?pid=188371835,1,,公式EC掲載
賀茂泉酒造,*純米大吟醸「延寿」1.8L箱入,1800,,,1980,販売中,不明,通常/不明,未確認,未確認,要冷蔵,2026-09-05,CSKU_DDCE4E162189,official_ec,https://online.kamoizumi.com/?pid=188372471,1,,公式EC掲載
賀茂泉酒造,*純米大吟醸「延寿」300mlクリアケース入,300,,,1980,販売中,不明,通常/不明,未確認,未確認,要冷蔵,2026-09-05,CSKU_447F8323D398,official_ec,https://online.kamoizumi.com/?pid=188372936,1,,公式EC掲載
賀茂泉酒造,*純米大吟醸「延寿」720ml箱入,720,,,1980,販売中,不明,通常/不明,未確認,未確認,要冷蔵,2026-09-05,CSKU_B56A0EF91DE6,official_ec,https://online.kamoizumi.com/?pid=188372806,1,,公式EC掲載
賀茂泉酒造,*純米大吟醸「皇寿」木箱入 1800ml,1800,,,1980,販売中,不明,通常/不明,未確認,未確認,要冷蔵,2026-09-05,CSKU_28B1659C454B,official_ec,https://online.kamoizumi.com/?pid=188371958,1,,公式EC掲載
賀茂泉酒造,*純米大吟醸「皇寿」木箱入 720ml,720,,,1980,販売中,不明,通常/不明,未確認,未確認,要冷蔵,2026-09-05,CSKU_2BC9DAAFD9A4,official_ec,https://online.kamoizumi.com/?pid=188372389,1,,公式EC掲載
賀茂泉酒造,*純米大吟醸｢広大｣720ml 化粧箱入,720,,,1980,販売中,不明,通常/不明,未確認,未確認,要冷蔵,2026-09-05,CSKU_159D0406AB68,official_ec,https://online.kamoizumi.com/?pid=188371751,1,,公式EC掲載
賀茂泉酒造,*純米酒 一 (はじめ)1800ml,1800,,,,販売中,不明,通常/不明,未確認,未確認,不明,2026-09-05,CSKU_A9CE80F6DE72,official_ec,https://online.kamoizumi.com/?pid=188377558,1,,公式EC掲載
賀茂泉酒造,*純米酒 一 (はじめ)300ml,300,,,1980,販売中,不明,通常/不明,未確認,未確認,要冷蔵,2026-09-05,CSKU_F5711941BD13,official_ec,https://online.kamoizumi.com/?pid=188377669,1,,公式EC掲載
賀茂泉酒造,*純米酒 一 (はじめ)720ml,720,,,1980,販売中,不明,通常/不明,未確認,未確認,要冷蔵,2026-09-05,CSKU_529B951204F2,official_ec,https://online.kamoizumi.com/?pid=188377608,1,,公式EC掲載
賀茂泉酒造,*純米酒｢広大｣ 1.8L,1800,,,,販売中,不明,通常/不明,未確認,未確認,不明,2026-09-05,CSKU_E51A86058DDC,official_ec,https://online.kamoizumi.com/?pid=188370634,1,,公式EC掲載
賀茂泉酒造,*緑泉普通酒1800ml,1800,,,1980,販売中,不明,通常/不明,未確認,未確認,要冷蔵,2026-09-05,CSKU_C2825D54C31E,official_ec,https://online.kamoizumi.com/?pid=188379527,1,,公式EC掲載
賀茂泉酒造,*緑泉普通酒紙パック1800ml,1800,,,1980,販売中,不明,通常/不明,未確認,未確認,要冷蔵,2026-09-05,CSKU_40D71766CEB8,official_ec,https://online.kamoizumi.com/?pid=188379658,1,,公式EC掲載
賀茂泉酒造,*造賀純米酒1.8L,1800,,,,販売中,不明,通常/不明,未確認,未確認,不明,2026-09-05,CSKU_C90C3B0ACF80,official_ec,https://online.kamoizumi.com/?pid=188377419,1,,公式EC掲載
賀茂泉酒造,*造賀純米酒720ml,720,,,,販売中,不明,通常/不明,未確認,未確認,不明,2026-09-05,CSKU_1A37A80BA41C,official_ec,https://online.kamoizumi.com/?pid=188377492,1,,公式EC掲載
賀茂泉酒造,NAO500ml,500,,,1980,販売中,不明,通常/不明,未確認,未確認,要冷蔵,2026-09-05,CSKU_1A06C011D8D8,official_ec,https://online.kamoizumi.com/?pid=151187707,1,,公式EC掲載
賀茂泉酒造,Rock Hopper Moon Walk 1.8L,1800,,,,販売中,不明,通常/不明,未確認,未確認,不明,2026-09-05,CSKU_235BD1E1BDD4,official_ec,https://online.kamoizumi.com/?pid=193198480,1,,公式EC掲載
賀茂泉酒造,Rock Hopper Moon Walk 720ml,720,,,,販売中,不明,通常/不明,未確認,未確認,不明,2026-09-05,CSKU_803F7F4573EC,official_ec,https://online.kamoizumi.com/?pid=193198460,1,,公式EC掲載
賀茂泉酒造,広島純米「潤いマスク」/3枚入り,1800,,,1980,不明,売切,通常/不明,未確認,未確認,要冷蔵,2026-09-05,CSKU_D053B7D2CA27,official_ec,https://online.kamoizumi.com/?pid=121005386,1,,公式EC掲載
賀茂泉酒造,朱泉2斗本菰巻樽揚げ底18L（2斗樽）,18000,,,1980,販売中,不明,通常/不明,未確認,未確認,要冷蔵,2026-09-05,CSKU_C19B98549E9D,official_ec,https://online.kamoizumi.com/?pid=67235790,1,,公式EC掲載
賀茂泉酒造,朱泉4斗本菰巻樽揚げ底36L（4斗樽）,36000,,,1980,販売中,不明,通常/不明,未確認,未確認,要冷蔵,2026-09-05,CSKU_A1BD36A248E0,official_ec,https://online.kamoizumi.com/?pid=67235749,1,,公式EC掲載
賀茂泉酒造,朱泉本菰巻樽18L（１斗樽）,18000,,,1980,販売中,不明,通常/不明,未確認,未確認,要冷蔵,2026-09-05,CSKU_931DBD8F5840,official_ec,https://online.kamoizumi.com/?pid=67235727,1,,公式EC掲載
賀茂泉酒造,朱泉本菰巻樽36L（2斗樽）,36000,,,1980,販売中,不明,通常/不明,未確認,未確認,要冷蔵,2026-09-05,CSKU_06683F02A8B1,official_ec,https://online.kamoizumi.com/?pid=67235708,1,,公式EC掲載
賀茂泉酒造,朱泉本菰巻樽72L（4斗樽）,72000,,,1980,販売中,不明,通常/不明,未確認,未確認,要冷蔵,2026-09-05,CSKU_88EC66E39BE8,official_ec,https://online.kamoizumi.com/?pid=67235469,1,,公式EC掲載
賀茂泉酒造,純米及川1.8L,1800,,,1980,販売中,不明,通常/不明,未確認,未確認,要冷蔵,2026-09-05,CSKU_0E2B00A43AD4,official_ec,https://online.kamoizumi.com/?pid=151186908,1,,公式EC掲載
賀茂泉酒造,純米及川720ml,720,,,1980,販売中,不明,通常/不明,未確認,未確認,要冷蔵,2026-09-05,CSKU_46E8E64AF49F,official_ec,https://online.kamoizumi.com/?pid=151187597,1,,公式EC掲載
賀茂泉酒造,純米吟醸生原酒 RockHopper 1.8L,1800,,,,販売中,不明,通常/不明,未確認,未確認,不明,2026-09-05,CSKU_7CEFB28E90D7,official_ec,https://online.kamoizumi.com/?pid=173825852,1,,公式EC掲載
賀茂泉酒造,純米吟醸生原酒 RockHopper 720ml,720,,,,不明,売切,通常/不明,未確認,未確認,不明,2026-09-05,CSKU_9262A1C72D53,official_ec,https://online.kamoizumi.com/?pid=173826722,1,,公式EC掲載
賀茂泉酒造,純米大吟醸「壽」木箱入 1800ml,1800,,,,販売中,不明,通常/不明,未確認,未確認,不明,2026-09-05,CSKU_89EAE0E5D75A,official_ec,https://online.kamoizumi.com/?pid=141742606,1,,公式EC掲載
賀茂泉酒造,純米大吟醸「壽」木箱入 720ml,720,,,,販売中,不明,通常/不明,未確認,未確認,不明,2026-09-05,CSKU_37EBB1018617,official_ec,https://online.kamoizumi.com/?pid=141742792,1,,公式EC掲載
賀茂泉酒造,純米大吟醸「皇寿」180ml,180,,,1980,販売中,不明,通常/不明,未確認,未確認,要冷蔵,2026-09-05,CSKU_052000163862,official_ec,https://online.kamoizumi.com/?pid=173813356,1,,公式EC掲載
賀茂泉酒造,青泉 本仕込 生酒 300ml,300,,,,販売中,不明,通常/不明,未確認,未確認,要冷蔵,2026-09-05,CSKU_31FF2308C667,official_ec,https://online.kamoizumi.com/?pid=191978498,1,,公式EC掲載
賀茂泉酒造,青泉 本仕込 生酒 720ml,720,,,,販売中,不明,通常/不明,未確認,未確認,要冷蔵,2026-09-05,CSKU_E13243429E6C,official_ec,https://online.kamoizumi.com/?pid=191995192,1,,公式EC掲載
賀茂鶴酒造,【オリジナルラベル】純米大吟醸 大吟峰720ml (DK-B1) 木箱入,720,,,4950,販売中,在庫あり,通常/不明,未確認,未確認,不明,2026-09-05,CSKU_5BA22AF1FC79,official_ec,https://shop.kamotsuru.jp/SHOP/originalbottle_DK-B1.html,1,,公式EC掲載
賀茂鶴酒造,【取扱い店限定酒】酒中在心 橙 純米吟醸 生もと 八反35号 1.8L,1800,,,3608,販売中,在庫あり,取扱店限定,未確認,未確認,不明,2026-09-05,CSKU_7291409D4CB1,official_ec,https://shop.kamotsuru.jp/SHOP/shutyuzaishin-daidai_1800.html,1,,公式EC掲載
賀茂鶴酒造,【取扱い店限定酒】酒中在心 茜 純米酒 広島錦1.8L,1800,,,3190,販売中,在庫あり,取扱店限定,未確認,未確認,不明,2026-09-05,CSKU_AFC4F8457D36,official_ec,https://shop.kamotsuru.jp/SHOP/shutyuzaishin-akane_1800.html,1,,公式EC掲載
賀茂鶴酒造,【取扱い店限定酒】酒中在心 藍 特別純米酒 生もと 雄町 1.8L,1800,,,3608,販売中,在庫あり,取扱店限定,未確認,未確認,不明,2026-09-05,CSKU_98BB5019BE35,official_ec,https://shop.kamotsuru.jp/SHOP/shutyuzaishin-ai_1800.html,1,,公式EC掲載
賀茂鶴酒造,上撰パック 1.8L,1800,,,2198,販売中,在庫あり,通常/不明,未確認,未確認,不明,2026-09-05,CSKU_4E7D02C65C20,official_ec,https://shop.kamotsuru.jp/SHOP/jousenpack1800.html,1,,公式EC掲載
賀茂鶴酒造,吟醸辛口 300ml,300,,,638,販売中,在庫あり,通常/不明,未確認,未確認,不明,2026-09-05,CSKU_16A8393792B7,official_ec,https://shop.kamotsuru.jp/SHOP/ginkara300.html,1,,公式EC掲載
賀茂鶴酒造,大吟醸 特製ゴールド賀茂鶴 180ml 丸瓶,180,,,702,販売中,在庫あり,通常/不明,未確認,未確認,不明,2026-09-05,CSKU_B643FC3599DC,official_ec,https://shop.kamotsuru.jp/SHOP/gold180-maru.html,1,,公式EC掲載
賀茂鶴酒造,大吟醸 特製ゴールド賀茂鶴 180ml 角瓶,180,,,702,販売中,在庫あり,通常/不明,未確認,未確認,不明,2026-09-05,CSKU_41F14EC2C1B2,official_ec,https://shop.kamotsuru.jp/SHOP/gold180-kaku.html,1,,公式EC掲載
賀茂鶴酒造,大吟醸 特製ゴールド賀茂鶴 300ml,300,,,1210,販売中,在庫あり,通常/不明,未確認,未確認,不明,2026-09-05,CSKU_6AE41E507F37,official_ec,https://shop.kamotsuru.jp/SHOP/gold180-300.html,1,,公式EC掲載
賀茂鶴酒造,大吟醸 特製ゴールド賀茂鶴1.8L(GK-A1) 化粧箱入,1800,,,6050,販売中,在庫あり,通常/不明,未確認,未確認,不明,2026-09-05,CSKU_702E65810DDF,official_ec,https://shop.kamotsuru.jp/SHOP/GK-A1.html,1,,公式EC掲載
賀茂鶴酒造,大吟醸 特製ゴールド賀茂鶴1.8L(GK-A2) 2本化粧箱入,1800,,,12100,販売中,在庫あり,通常/不明,未確認,未確認,不明,2026-09-05,CSKU_2E9708B9ED68,official_ec,https://shop.kamotsuru.jp/SHOP/GK-A2.html,1,,公式EC掲載
賀茂鶴酒造,大吟醸 特製ゴールド賀茂鶴720ml（GK-B1）化粧箱入,720,,,3025,販売中,在庫あり,通常/不明,未確認,未確認,不明,2026-09-05,CSKU_48F76EC1EE2D,official_ec,https://shop.kamotsuru.jp/SHOP/GK-B1.html,1,,公式EC掲載
賀茂鶴酒造,大吟醸 賀茂鶴 双鶴1.8L（SK-A1)化粧箱入,1800,,,13200,販売中,在庫あり,通常/不明,未確認,未確認,不明,2026-09-05,CSKU_5893C3E1510D,official_ec,https://shop.kamotsuru.jp/SHOP/SK-A1.html,1,,公式EC掲載
賀茂鶴酒造,大吟醸 賀茂鶴 双鶴180ml 化粧箱入,180,,,1500,販売中,在庫あり,通常/不明,未確認,未確認,不明,2026-09-05,CSKU_36B6E81DCB64,official_ec,https://shop.kamotsuru.jp/SHOP/SK-180.html,1,,公式EC掲載
賀茂鶴酒造,大吟醸 賀茂鶴 双鶴720ml(SK-B1) 化粧箱入,720,,,6600,販売中,在庫あり,通常/不明,未確認,未確認,不明,2026-09-05,CSKU_58E819160326,official_ec,https://shop.kamotsuru.jp/SHOP/SK-B1.html,1,,公式EC掲載
賀茂鶴酒造,本醸造 からくち 1.8L,1800,,,2310,販売中,在庫あり,通常/不明,未確認,未確認,不明,2026-09-05,CSKU_8AE3DE533E18,official_ec,https://shop.kamotsuru.jp/SHOP/honkara1800.html,1,,公式EC掲載
賀茂鶴酒造,本醸造 からくち 300ml,300,,,473,販売中,在庫あり,通常/不明,未確認,未確認,不明,2026-09-05,CSKU_6FE4F98467BC,official_ec,https://shop.kamotsuru.jp/SHOP/honkara300.html,1,,公式EC掲載
賀茂鶴酒造,本醸造 上等酒 1.8L,1800,,,2618,販売中,在庫あり,通常/不明,未確認,未確認,不明,2026-09-05,CSKU_07FA1D26F349,official_ec,https://shop.kamotsuru.jp/SHOP/joutou1800.html,1,,公式EC掲載
賀茂鶴酒造,本醸造 上等酒 180ml,180,,,330,販売中,在庫あり,通常/不明,未確認,未確認,不明,2026-09-05,CSKU_5666626CBAF2,official_ec,https://shop.kamotsuru.jp/SHOP/joutou180.html,1,,公式EC掲載
賀茂鶴酒造,本醸造 上等酒 180ml カップ,180,,,330,販売中,在庫あり,通常/不明,未確認,未確認,不明,2026-09-05,CSKU_A6B855393FDE,official_ec,https://shop.kamotsuru.jp/SHOP/joutou-cup180.html,1,,公式EC掲載
賀茂鶴酒造,特別本醸造 超特撰特等酒 1.8L,1800,,,3630,販売中,在庫あり,通常/不明,未確認,未確認,不明,2026-09-05,CSKU_8543A9106B8A,official_ec,https://shop.kamotsuru.jp/SHOP/tokutou1800.html,1,,公式EC掲載
賀茂鶴酒造,特別本醸造 超特撰特等酒1.8L (TK-2) 2本化粧箱入,1800,,,8800,販売中,在庫あり,通常/不明,未確認,未確認,不明,2026-09-05,CSKU_74B969BCF78E,official_ec,https://shop.kamotsuru.jp/SHOP/TK-2.html,1,,公式EC掲載
賀茂鶴酒造,純米吟醸 1.8L (GP-A1) 化粧箱入,1800,,,3993,販売中,在庫あり,通常/不明,未確認,未確認,不明,2026-09-05,CSKU_8730D2E93590,official_ec,https://shop.kamotsuru.jp/SHOP/GP-A1.html,1,,公式EC掲載
賀茂鶴酒造,純米大吟醸 大吟峰1.8L (DK-A1) 木箱入,1800,,,9900,販売中,在庫あり,通常/不明,未確認,未確認,不明,2026-09-05,CSKU_68DBB6DAC264,official_ec,https://shop.kamotsuru.jp/SHOP/DK-A1.html,1,,公式EC掲載
賀茂鶴酒造,純米大吟醸 大吟峰720ml(DK-B1) 木箱入,720,,,4950,販売中,在庫あり,通常/不明,未確認,未確認,不明,2026-09-05,CSKU_86681BFB6CF1,official_ec,https://shop.kamotsuru.jp/SHOP/DK-B1.html,1,,公式EC掲載
賀茂鶴酒造,純米大吟醸 広島錦 180ml 化粧箱入,180,,,1500,販売中,在庫あり,通常/不明,未確認,未確認,不明,2026-09-05,CSKU_A78F6DD0F81B,official_ec,https://shop.kamotsuru.jp/SHOP/HK-180.html,1,,公式EC掲載
賀茂鶴酒造,純米大吟醸 広島錦 720ml(HK-B1) 化粧箱入,720,,,6600,販売中,在庫あり,通常/不明,未確認,未確認,不明,2026-09-05,CSKU_DB3CA4D74B59,official_ec,https://shop.kamotsuru.jp/SHOP/HK-B1.html,1,,公式EC掲載
賀茂鶴酒造,純米酒 1.8L,1800,,,2662,販売中,在庫あり,通常/不明,未確認,未確認,不明,2026-09-05,CSKU_D9E56B080E0D,official_ec,https://shop.kamotsuru.jp/SHOP/junmai1800.html,1,,公式EC掲載
賀茂鶴酒造,純米酒 180ml カップ,180,,,308,販売中,在庫あり,通常/不明,未確認,未確認,不明,2026-09-05,CSKU_12694927B814,official_ec,https://shop.kamotsuru.jp/SHOP/junmai-cup.html,1,,公式EC掲載
賀茂鶴酒造,純米酒 300ml,300,,,539,販売中,在庫あり,通常/不明,未確認,未確認,不明,2026-09-05,CSKU_E32EF340ACCB,official_ec,https://shop.kamotsuru.jp/SHOP/junmai300.html,1,,公式EC掲載
賀茂鶴酒造,賀茂鶴 吟醸辛口1.8L (LG-A1) 化粧箱入,1800,,,3993,販売中,在庫あり,通常/不明,未確認,未確認,不明,2026-09-05,CSKU_47CB5BDBE43B,official_ec,https://shop.kamotsuru.jp/SHOP/LG-A1.html,1,,公式EC掲載
金光酒造,桜吹雪 特別純米うすにごり生 1800ml,1800,,,3630,不明,不明,通常/不明,未確認,未確認,不明,2026-09-05,CSKU_652DCA8542FA,official_limited,https://www.kamokin.com/line_up/Limited/limited.html,1,,公式限定商品。販売開始時期 2月中旬、現在在庫は未確認
金光酒造,桜吹雪 特別純米うすにごり生 720ml,720,,,2035,不明,不明,通常/不明,未確認,未確認,不明,2026-09-05,CSKU_652DCA8542FA,official_limited,https://www.kamokin.com/line_up/Limited/limited.html,1,,公式限定商品。販売開始時期 2月中旬、現在在庫は未確認
金光酒造,賀茂金秀 SUITOH 1800ml,1800,,,3740,不明,不明,通常/不明,未確認,未確認,不明,2026-09-05,CSKU_652DCA8542FA,official_limited,https://www.kamokin.com/line_up/Limited/limited.html,1,,公式限定商品。販売開始時期 1月中旬、現在在庫は未確認
金光酒造,賀茂金秀 SUITOH 720ml,720,,,2090,不明,不明,通常/不明,未確認,未確認,不明,2026-09-05,CSKU_652DCA8542FA,official_limited,https://www.kamokin.com/line_up/Limited/limited.html,1,,公式限定商品。販売開始時期 1月中旬、現在在庫は未確認
金光酒造,賀茂金秀 特別純米 1800ml,1800,,,3388,販売中,不明,通常/不明,未確認,未確認,不明,2026-09-05,CSKU_F202A9D80AEE,official_regular,https://www.kamokin.com/line_up/regular.html,1,,公式で年間を通して販売と明記
金光酒造,賀茂金秀 特別純米 720ml,720,,,1870,販売中,不明,通常/不明,未確認,未確認,不明,2026-09-05,CSKU_F202A9D80AEE,official_regular,https://www.kamokin.com/line_up/regular.html,1,,公式で年間を通して販売と明記
金光酒造,賀茂金秀 特別純米 辛口 1800ml,1800,,,3388,販売中,不明,通常/不明,未確認,未確認,不明,2026-09-05,CSKU_F202A9D80AEE,official_regular,https://www.kamokin.com/line_up/regular.html,1,,公式で年間を通して販売と明記
金光酒造,賀茂金秀 特別純米 辛口 720ml,720,,,1870,販売中,不明,通常/不明,未確認,未確認,不明,2026-09-05,CSKU_F202A9D80AEE,official_regular,https://www.kamokin.com/line_up/regular.html,1,,公式で年間を通して販売と明記
金光酒造,賀茂金秀 特別純米13 1800ml,1800,,,3465,販売中,不明,通常/不明,未確認,未確認,不明,2026-09-05,CSKU_F202A9D80AEE,official_regular,https://www.kamokin.com/line_up/regular.html,1,,公式で年間を通して販売と明記
金光酒造,賀茂金秀 特別純米13 720ml,720,,,1925,販売中,不明,通常/不明,未確認,未確認,不明,2026-09-05,CSKU_F202A9D80AEE,official_regular,https://www.kamokin.com/line_up/regular.html,1,,公式で年間を通して販売と明記
金光酒造,賀茂金秀 特別純米秋あがり 1800ml,1800,,,3476,不明,不明,通常/不明,未確認,未確認,不明,2026-09-05,CSKU_652DCA8542FA,official_limited,https://www.kamokin.com/line_up/Limited/limited.html,1,,公式限定商品。販売開始時期 9月上旬、現在在庫は未確認
金光酒造,賀茂金秀 特別純米秋あがり 720ml,720,,,1958,不明,不明,通常/不明,未確認,未確認,不明,2026-09-05,CSKU_652DCA8542FA,official_limited,https://www.kamokin.com/line_up/Limited/limited.html,1,,公式限定商品。販売開始時期 9月上旬、現在在庫は未確認
金光酒造,賀茂金秀 純米 お燗酒 1800ml,1800,,,2948,不明,不明,通常/不明,未確認,未確認,不明,2026-09-05,CSKU_652DCA8542FA,official_limited,https://www.kamokin.com/line_up/Limited/limited.html,1,,公式限定商品。販売開始時期 10月中旬、現在在庫は未確認
金光酒造,賀茂金秀 純米しぼりたて生 1800ml,1800,,,3245,不明,不明,通常/不明,未確認,未確認,不明,2026-09-05,CSKU_652DCA8542FA,official_limited,https://www.kamokin.com/line_up/Limited/limited.html,1,,公式限定商品。販売開始時期 11月下旬、現在在庫は未確認
金光酒造,賀茂金秀 純米しぼりたて生 720ml,720,,,1843,不明,不明,通常/不明,未確認,未確認,不明,2026-09-05,CSKU_652DCA8542FA,official_limited,https://www.kamokin.com/line_up/Limited/limited.html,1,,公式限定商品。販売開始時期 11月下旬、現在在庫は未確認
金光酒造,賀茂金秀 純米吟醸 愛山 1800ml,1800,,,4565,不明,不明,通常/不明,未確認,未確認,不明,2026-09-05,CSKU_652DCA8542FA,official_limited,https://www.kamokin.com/line_up/Limited/limited.html,1,,公式限定商品。販売開始時期 10月中旬、現在在庫は未確認
金光酒造,賀茂金秀 純米吟醸 愛山 720ml,720,,,2420,不明,不明,通常/不明,未確認,未確認,不明,2026-09-05,CSKU_652DCA8542FA,official_limited,https://www.kamokin.com/line_up/Limited/limited.html,1,,公式限定商品。販売開始時期 10月中旬、現在在庫は未確認
金光酒造,賀茂金秀 純米吟醸 雄町 1800ml,1800,,,3960,販売中,不明,通常/不明,未確認,未確認,不明,2026-09-05,CSKU_F202A9D80AEE,official_regular,https://www.kamokin.com/line_up/regular.html,1,,公式で年間を通して販売と明記
金光酒造,賀茂金秀 純米吟醸 雄町 720ml,720,,,2200,販売中,不明,通常/不明,未確認,未確認,不明,2026-09-05,CSKU_F202A9D80AEE,official_regular,https://www.kamokin.com/line_up/regular.html,1,,公式で年間を通して販売と明記
金光酒造,賀茂金秀 純米大吟醸35 1800ml,1800,,,11000,販売中,不明,通常/不明,未確認,未確認,不明,2026-09-05,CSKU_F202A9D80AEE,official_regular,https://www.kamokin.com/line_up/regular.html,1,,公式で年間を通して販売と明記
金光酒造,賀茂金秀 純米大吟醸35 720ml,720,,,6930,販売中,不明,通常/不明,未確認,未確認,不明,2026-09-05,CSKU_F202A9D80AEE,official_regular,https://www.kamokin.com/line_up/regular.html,1,,公式で年間を通して販売と明記
金光酒造,賀茂金秀 純米大吟醸40 1800ml,1800,,,6160,販売中,不明,通常/不明,未確認,未確認,不明,2026-09-05,CSKU_F202A9D80AEE,official_regular,https://www.kamokin.com/line_up/regular.html,1,,公式で年間を通して販売と明記
金光酒造,賀茂金秀 純米大吟醸40 720ml,720,,,3300,販売中,不明,通常/不明,未確認,未確認,不明,2026-09-05,CSKU_F202A9D80AEE,official_regular,https://www.kamokin.com/line_up/regular.html,1,,公式で年間を通して販売と明記
金光酒造,賀茂金秀 辛口夏純 1800ml,1800,,,3300,不明,不明,通常/不明,未確認,未確認,不明,2026-09-05,CSKU_652DCA8542FA,official_limited,https://www.kamokin.com/line_up/Limited/limited.html,1,,公式限定商品。販売開始時期 5月中旬、現在在庫は未確認
金光酒造,賀茂金秀 辛口夏純 720ml,720,,,1870,不明,不明,通常/不明,未確認,未確認,不明,2026-09-05,CSKU_652DCA8542FA,official_limited,https://www.kamokin.com/line_up/Limited/limited.html,1,,公式限定商品。販売開始時期 5月中旬、現在在庫は未確認
金光酒造,賀茂金秀 麗酸 雄町60 720ml,720,,,2035,不明,不明,通常/不明,未確認,未確認,不明,2026-09-05,CSKU_652DCA8542FA,official_limited,https://www.kamokin.com/line_up/Limited/limited.html,1,,公式限定商品。販売開始時期 7月下旬、現在在庫は未確認
