record_id,酒蔵,ブランド,商品名,正式名称,販売状態,販売状態確認日,特定名称,精米歩合,アルコール度数,日本酒度,酸度,アミノ酸度,甘辛度,使用米,酵母,製法,おすすめ温度,おすすめ酒器,料理ペアリング,おすすめシーン,容量,価格,発売時期,終売時期,備考,詳細ファイル,主出典ID,出典数
KIREI_E562A295E5,亀齢酒造,亀齢,亀齢 万事酒盃中 おりがらみ,亀齢 万事酒盃中 おりがらみ,不明,2026-09-05,,,,,,,,,,,,,,,,,,,2026年蔵開き限定酒,亀齢酒造/亀齢 万事酒盃中 おりがらみ.md,SRC_F6062DB1B776,1
KIREI_5EC9BF7729,亀齢酒造,亀齢,亀齢 大吟醸 創,亀齢 大吟醸 創,販売中,2026-09-05,大吟醸,４５％,17度以上18度未満,＋５,1.6,,,山田錦 ●精米歩合：４５％ ●原材料名：米・米麹・醸造アルコール ●日本酒度：＋５ ●酸度：1.6 ●アルコール：17度以上18度未満 ●甘辛：やや辛口 亀齢酒,,,燗酒,,,,,,,,現行小売店で販売確認（メーカー公式の販売状態ではない）,亀齢酒造/亀齢 大吟醸 創.md,SRC_387BFDB0E86F,1
KIREI_B424C984AD,亀齢酒造,亀齢,亀齢 無濾過 五段仕込純米酒 八九(はちく) 生酒,亀齢 無濾過 五段仕込純米酒 八九(はちく) 生酒,販売中,2026-09-05,純米酒,70％,17度,-18,3.0,2.4,,,,,燗酒,,,,,,,,現行小売店で販売確認（メーカー公式の販売状態ではない）,亀齢酒造/亀齢 無濾過 五段仕込純米酒 八九(はちく) 生酒.md,SRC_075A8B7295D1,2
KIREI_2C66C17122,亀齢酒造,亀齢,亀齢 純米吟醸 原形精米 migaki 無濾過生酒,亀齢 純米吟醸 原形精米 migaki 無濾過生酒,販売中,2026-09-05,純米吟醸,60％,16度,,,,,千本錦100% ●精米歩合：60％ ●原材料名：米・米麹 ●アルコール：16度 ●甘辛：辛口 亀齢酒造株式会社 東広島市西条本町8-18 日本酒は日本の貴重な独,,,燗酒,,,,,,,,現行小売店で販売確認（メーカー公式の販売状態ではない）,亀齢酒造/亀齢 純米吟醸 原形精米 migaki 無濾過生酒.md,SRC_323367067E1B,2
KIREI_6AF91277C6,亀齢酒造,亀齢,亀齢 純米吟醸 原形精米 migaki 萌えいぶき 生酒,亀齢 純米吟醸 原形精米 migaki 萌えいぶき 生酒,販売中,2026-09-05,純米吟醸,60％,18度,,,,,萌えいぶき ●精米歩合：60％ ●原材料名：米・米麹 ●アルコール：18度 ●甘辛：中口 亀齢酒造株式会社 東広島市西条本町8-18 日本酒は日本の貴重な独自文,,,燗酒,,,,,,,,現行小売店で販売確認（メーカー公式の販売状態ではない）,亀齢酒造/亀齢 純米吟醸 原形精米 migaki 萌えいぶき 生酒.md,SRC_5FDA6DB43B09,2
KIREI_D9C98E785E,亀齢酒造,亀齢,亀齢 純米大吟醸 千本錦,亀齢 純米大吟醸 千本錦,不明,2026-09-05,純米大吟醸,,,,,,,,,,,,,,,,,,2026年蔵開き限定酒,亀齢酒造/亀齢 純米大吟醸 千本錦.md,SRC_F6062DB1B776,1
KIREI_BA16BFDFAB,亀齢酒造,亀齢,亀齢 辛口純米 八拾,亀齢 辛口純米 八拾,販売中,2026-09-05,純米酒,８０％,17度,＋５,1.9,,,中生新千本 ●精米歩合：８０％ ●原材料名：米・米麹 ●日本酒度：＋５ ●酸度：1.9度 ●酵母：自家培養 ●アルコール：17度 ●甘辛：辛口 720mlはこち,,,燗酒,,,,,,,,現行小売店で販売確認（メーカー公式の販売状態ではない）,亀齢酒造/亀齢 辛口純米 八拾.md,SRC_BD7E73A7AF42,2
KIREI_7949664751,亀齢酒造,亀齢,亀齢 辛口純米 八拾 生酒,亀齢 辛口純米 八拾 生酒,販売中,2026-09-05,純米酒,80％,17.0度,,,,,中生新千本 ●精米歩合：80％ ●原材料名：米・米麹 ●酵母：自家培養 ●アルコール：17.0度 ●甘辛：辛口 さすが亀齢の上田さんがおすすめするお買い得のお酒,,,燗酒,,,,,,,,現行小売店で販売確認（メーカー公式の販売状態ではない）,亀齢酒造/亀齢 辛口純米 八拾 生酒.md,SRC_30E18331357E,2
KIREI_864CA12C50,亀齢酒造,亀齢,亀齢 酒まつり限定 ひやおろし,亀齢 酒まつり限定 ひやおろし,不明,2026-09-05,,,,,,,,,,,,,,,,,,,2025酒まつり限定、現在状態不明,亀齢酒造/亀齢 酒まつり限定 ひやおろし.md,SRC_B863D2B51F8D,1
KIREI_188BB03670,亀齢酒造,亀齢,亀齢 酒まつり限定 純米原酒,亀齢 酒まつり限定 純米原酒,不明,2026-09-05,純米酒,,,,,,,,,,,,,,,,,,2025酒まつり限定、現在状態不明,亀齢酒造/亀齢 酒まつり限定 純米原酒.md,SRC_B863D2B51F8D,1
KIREI_17CE980B5C,亀齢酒造,亀齢,亀齢萬年 山田錦 生酒,亀齢萬年 山田錦 生酒,販売中,2026-09-05,,60％,17度,,,,,山田錦 ●精米歩合：60％ ●原材料名：米・米麹 ●アルコール：17度 ●甘辛：辛口 亀齢酒造株式会社 東広島市西条本町8-18 日本酒は日本の貴重な独自文化,,,燗酒,,,,,,,,現行小売店で販売確認（メーカー公式の販売状態ではない）,亀齢酒造/亀齢萬年 山田錦 生酒.md,SRC_F353D054B4B4,2
KIREI_A3B977990E,亀齢酒造,亀齢,亀齢萬年 山田錦おりがらみ 生酒,亀齢萬年 山田錦おりがらみ 生酒,販売中,2026-09-05,,60％,17度,,,,,山田錦 ●精米歩合：60％ ●原材料名：米・米麹 ●アルコール：17度 ●甘辛：辛口 亀齢酒造株式会社 東広島市西条本町8-18 日本酒は日本の貴重な独自文化,,,燗酒,,,,,,,,現行小売店で販売確認（メーカー公式の販売状態ではない）,亀齢酒造/亀齢萬年 山田錦おりがらみ 生酒.md,SRC_CAD6CD4DAA46,2
KIREI_B5C8EF9BE2,亀齢酒造,亀齢,亀齢萬年 生酒 純米六拾,亀齢萬年 生酒 純米六拾,不明,2026-09-05,純米酒,,,,,,,,,,,,,,,,,,2026年蔵開き限定酒,亀齢酒造/亀齢萬年 生酒 純米六拾.md,SRC_F6062DB1B776,1
KIREI_B8A333107C,亀齢酒造,亀齢,亀齢萬年 純米大吟醸原酒五拾 生酒,亀齢萬年 純米大吟醸原酒五拾 生酒,販売中,2026-09-05,純米大吟醸,50％,17度,,,,,広島造賀産線状心白米100% ●精米歩合：50％ ●原材料名：米・米麹 ●アルコール：17度 ●甘辛：辛口 720mlはこちら 亀齢酒造株式会社 東広島市西条本,,,燗酒,,,,,,,,現行小売店で販売確認（メーカー公式の販売状態ではない）,亀齢酒造/亀齢萬年 純米大吟醸原酒五拾 生酒.md,SRC_9AABB0C4D005,2
KIREI_47DC5CE01D,亀齢酒造,亀齢,亀齢萬年 純米大吟醸原酒五拾 袋吊りおりがらみ 生酒,亀齢萬年 純米大吟醸原酒五拾 袋吊りおりがらみ 生酒,販売中,2026-09-05,純米大吟醸,50％,18度,,,,,広島造賀産線状心白米100% ●精米歩合：50％ ●原材料名：米・米麹 ●アルコール：18度 ●甘辛：辛口 亀齢酒造株式会社 東広島市西条本町8-18 日本酒は,,,燗酒,,,,,,,,現行小売店で販売確認（メーカー公式の販売状態ではない）,亀齢酒造/亀齢萬年 純米大吟醸原酒五拾 袋吊りおりがらみ 生酒.md,SRC_C25B0748E0EB,2
KIREI_9D20A5F5ED,亀齢酒造,亀齢,吉田屋の酒,吉田屋の酒,販売中,2026-09-05,,,,,,,,,,,,,,,,,,,公式直売所の主な販売酒,亀齢酒造/吉田屋の酒.md,SRC_08E067004136,1
KIREI_90BEEB9155,亀齢酒造,亀齢,大吟醸 創,大吟醸 創,販売中,2026-09-05,大吟醸,,,,,,,,,,,,,,,,,,公式直売所の主な販売酒,亀齢酒造/大吟醸 創.md,SRC_08E067004136,1
KIREI_8EC29E7CEC,亀齢酒造,亀齢,純米大吟醸 亀香,純米大吟醸 亀香,販売中,2026-09-05,純米大吟醸,,,,,,,,,,,,,,,,,,公式直売所の主な販売酒,亀齢酒造/純米大吟醸 亀香.md,SRC_08E067004136,1
IMADA_60D9636834,今田酒造本店,富久長,Bon Time Style:B,Bon Time Style:B,不明,2026-09-05,,,,,,,,,,,冷酒,,,,,,,,公式商品ページ掲載・現在在庫なし。終売とは確認できない,今田酒造本店/Bon Time Style_B.md,SRC_D9C3CD3B7176,1
IMADA_C2D74E39B9,今田酒造本店,富久長,Bon Time Style:B Sparkling,Bon Time Style:B Sparkling,不明,2026-09-05,,,,,,,,,,,冷酒,,,,,,,,公式商品ページ掲載・現在在庫なし。終売とは確認できない,今田酒造本店/Bon Time Style_B Sparkling.md,SRC_E12319A0E6D6,1
IMADA_9F8E60B678,今田酒造本店,富久長,FUKUCHO LEGACY I,FUKUCHO LEGACY I,販売中,2026-09-05,,,,,,,,兵庫県特A地区山田錦 精米歩合 麹米 : 40% 掛米 : 40% アルコール分 16％ 酵母 広島県酵母 酒母 速醸 仕様 直汲み / 原酒 / 瓶火入れ /,,,冷酒 / 常温,,,,,,,,公式オンラインショップで在庫あり,今田酒造本店/FUKUCHO LEGACY I.md,SRC_AC4892B4E3D2,1
IMADA_E619087310,今田酒造本店,富久長,FUKUCHO LEGACY II,FUKUCHO LEGACY II,販売中,2026-09-05,,,,,,,,兵庫県特A地区山田錦 精米歩合 麹米 : 40% 掛米 : 40% アルコール分 16％ 酵母 広島県酵母 酒母 速醸 仕様 直汲み / 原酒 / 瓶火入れ /,,,冷酒 / 常温,,,,,,,,公式オンラインショップで在庫あり,今田酒造本店/FUKUCHO LEGACY II.md,SRC_317C4D11594E,1
IMADA_14A5E9BCC4,今田酒造本店,富久長,Fukucho “Forgotten Fortune” Junmai Sake,Fukucho “Forgotten Fortune” Junmai Sake,不明,2026-09-05,,,,,,,,広島県安芸高田市産八反草（契約栽培） 精米歩合 麹米 : 60% 掛米 : 70% アルコール分 15％ 酵母 広島県酵母 酒母 速醸 仕様 原酒 / 一回火入,,,冷酒 / 常温,,,,,,,,公式商品ページ掲載・現在在庫なし。終売とは確認できない / アメリカ限定商品,今田酒造本店/Fukucho “Forgotten Fortune” Junmai Sake.md,SRC_525B0514A4F2,1
IMADA_93398E78C5,今田酒造本店,富久長,Fukucho “Moon on the Water” Junmai Ginjo Sake,Fukucho “Moon on the Water” Junmai Ginjo Sake,不明,2026-09-05,,,,,,,,広島県東広島市産山田錦 / 兵庫県特A地区山田錦 精米歩合 麹米 : 50% 掛米 : 60% アルコール分 16％ 酵母 広島県酵母のブレンド 酒母 速醸 仕,,,冷酒,,,,,,,,公式商品ページ掲載・現在在庫なし。終売とは確認できない / アメリカ限定商品,今田酒造本店/Fukucho “Moon on the Water” Junmai Ginjo Sake.md,SRC_93D730E67267,1
IMADA_84939AC790,今田酒造本店,富久長,Fukucho “Seaside” Junmai Sparkling Sake,Fukucho “Seaside” Junmai Sparkling Sake,不明,2026-09-05,,,,,,,,広島県安芸高田市産 八反草（契約栽培） / 国産米 精米歩合 麹米 : 60% 掛米 : 70% アルコール分 13％ 酵母 広島県酵母 酒母 速醸 仕様 原酒,,,冷酒,,,,,,,,公式商品ページ掲載・現在在庫なし。終売とは確認できない / アメリカ限定商品,今田酒造本店/Fukucho “Seaside” Junmai Sparkling Sake.md,SRC_E69849A28856,1
IMADA_CAEA3E19FD,今田酒造本店,富久長,八反草 サタケシリーズ GENKEI,八反草 サタケシリーズ GENKEI,販売中,2026-09-05,,,,,,,,広島県安芸高田市産八反草（契約栽培） 精米歩合 麹米 : 50% 掛米 : 60% 原形精米 アルコール分 15％ 酵母 広島県酵母 酒母 速醸 仕様 直汲み,,,冷酒,,,,,,,,公式オンラインショップで在庫あり,今田酒造本店/八反草 サタケシリーズ GENKEI.md,SRC_957DFB5A95AA,1
IMADA_59B171D412,今田酒造本店,富久長,八反草 サタケシリーズ GENKEI 生酒,八反草 サタケシリーズ GENKEI 生酒,不明,2026-09-05,,,,,,,,広島県安芸高田市産八反草（契約栽培） 精米歩合 麹米 : 50% 掛米 : 60% 原形精米 アルコール分 15％ 酵母 広島県酵母 酒母 速醸 仕様 直汲み,,,冷酒,,,,,,,,公式商品ページ掲載・現在在庫なし。終売とは確認できない,今田酒造本店/八反草 サタケシリーズ GENKEI 生酒.md,SRC_08896F0D3B68,1
IMADA_4CC11095F6,今田酒造本店,富久長,八反草 サタケシリーズ HENPEI,八反草 サタケシリーズ HENPEI,販売中,2026-09-05,,,,,,,,広島県安芸高田市産八反草（契約栽培） 精米歩合 麹米 : 50% 掛米 : 60% 扁平精米 アルコール分 15％ 酵母 広島県酵母 酒母 速醸 仕様 直汲み,,,冷酒,,,,,,,,公式オンラインショップで在庫あり,今田酒造本店/八反草 サタケシリーズ HENPEI.md,SRC_C8EBE4290D2F,1
IMADA_59AF2205D6,今田酒造本店,富久長,八反草 サタケシリーズ HENPEI 生酒,八反草 サタケシリーズ HENPEI 生酒,不明,2026-09-05,,,,,,,,広島県安芸高田市産八反草（契約栽培） 精米歩合 麹米 : 50% 掛米 : 60% 扁平精米 アルコール分 15％ 酵母 広島県酵母 酒母 速醸 仕様 直汲み,,,冷酒,,,,,,,,公式商品ページ掲載・現在在庫なし。終売とは確認できない,今田酒造本店/八反草 サタケシリーズ HENPEI 生酒.md,SRC_D29A406E997C,1
IMADA_9C8727E052,今田酒造本店,富久長,八反草 純米 ハイブリッド生酛 特別栽培米R3,八反草 純米 ハイブリッド生酛 特別栽培米R3,販売中,2026-09-05,純米酒,,,,,,,は唯一富久長が育てる広島在来品種の八反草,,,冷酒 / 常温 / 燗酒,,,,,,,,公式オンラインショップで在庫あり,今田酒造本店/八反草 純米 ハイブリッド生酛 特別栽培米R3.md,SRC_032FD30A6629,1
IMADA_3D40D11F34,今田酒造本店,富久長,八反草 純米 ハイブリッド生酛 特別栽培米R4,八反草 純米 ハイブリッド生酛 特別栽培米R4,販売中,2026-09-05,純米酒,,,,,,,は唯一富久長が育てる広島在来品種の八反草,,,冷酒 / 常温 / 燗酒,,,,,,,,公式オンラインショップで在庫あり,今田酒造本店/八反草 純米 ハイブリッド生酛 特別栽培米R4.md,SRC_CC477F3911EF,1
IMADA_EDC754931E,今田酒造本店,富久長,八反草 純米 初しぼり 生酒,八反草 純米 初しぼり 生酒,不明,2026-09-05,純米酒,,,,,,,広島県安芸高田市産特別栽培八反草（契約栽培） 精米歩合 麹米 : 60% 掛米 : 65% 一部に真吟精米 アルコール分 14％ 酵母 広島県酵母 酒母 速醸,,,冷酒,,,,,,,,公式商品ページ掲載・現在在庫なし。終売とは確認できない,今田酒造本店/八反草 純米 初しぼり 生酒.md,SRC_3D65DAC05FF1,1
IMADA_9175858B6F,今田酒造本店,富久長,八反草 純米 軟水仕込 辛口,八反草 純米 軟水仕込 辛口,販売中,2026-09-05,純米酒,,,,,,,広島県安芸高田市産八反草（契約栽培） 精米歩合 麹米 : 60% 掛米 : 65% 一部に真吟精米 アルコール分 14％ 酵母 広島県酵母 酒母 速醸 仕様 瓶,,,冷酒 / 常温,,,,,,,,公式オンラインショップで在庫あり,今田酒造本店/八反草 純米 軟水仕込 辛口.md,SRC_DA8C4396CD39,1
IMADA_0A02CBE998,今田酒造本店,富久長,八反草 純米 軟水仕込 辛口 直汲み 生酒,八反草 純米 軟水仕込 辛口 直汲み 生酒,不明,2026-09-05,純米酒,,,,,,,広島県安芸高田市産八反草（契約栽培） 精米歩合 麹米 : 60% 掛米 : 65% 一部に真吟精米 アルコール分 14％ 酵母 広島県酵母 酒母 速醸 仕様 瓶,,,冷酒 / 常温,,,,,,,,公式商品ページ掲載・現在在庫なし。終売とは確認できない,今田酒造本店/八反草 純米 軟水仕込 辛口 直汲み 生酒.md,SRC_312B83F3C524,1
IMADA_E1B63D8D85,今田酒造本店,富久長,八反草 純米吟醸,八反草 純米吟醸,販売中,2026-09-05,純米吟醸,,,,,,,広島県安芸高田市産八反草（契約栽培） 精米歩合 麹米 : 50% 掛米 : 60% アルコール分 15％ 酵母 広島県酵母 酒母 速醸 仕様 直汲み / 原酒,,,冷酒,,,,,,,,公式オンラインショップで在庫あり / 二次DBでも存在確認,今田酒造本店/八反草 純米吟醸.md,SRC_78B40716F6AF,2
IMADA_4F8AC3A440,今田酒造本店,富久長,八反草 純米吟醸 ハイブリッド生酛,八反草 純米吟醸 ハイブリッド生酛,販売中,2026-09-05,純米吟醸,,,,,,,広島県安芸高田市産八反草（契約栽培） 精米歩合 麹米 : 50% 掛米 : 60% アルコール分 15％ 酵母 広島県酵母 酒母 ハイブリッド生酛 仕様 原酒,,,冷酒 / 常温,,,,,,,,公式オンラインショップで在庫あり,今田酒造本店/八反草 純米吟醸 ハイブリッド生酛.md,SRC_2FE7D2297D9D,1
IMADA_6B5EC1D1FD,今田酒造本店,富久長,八反草 純米吟醸 直汲み 生酒,八反草 純米吟醸 直汲み 生酒,不明,2026-09-05,純米吟醸,,,,,,,広島県安芸高田市産八反草（契約栽培） 精米歩合 麹米 : 50% 掛米 : 60% アルコール分 15％ 酵母 広島県酵母 酒母 速醸 仕様 直汲み / 原酒,,,冷酒,,,,,,,,公式商品ページ掲載・現在在庫なし。終売とは確認できない,今田酒造本店/八反草 純米吟醸 直汲み 生酒.md,SRC_E8749D3C8AB5,1
IMADA_27C7B79896,今田酒造本店,富久長,八反草 純米大吟醸,八反草 純米大吟醸,販売中,2026-09-05,純米大吟醸,,,,,,,は種もみから復活させた広島最古の酒米の在来品種、八反草を減農薬、減肥料で育てました,,,冷酒,,,,,,,,公式オンラインショップで在庫あり,今田酒造本店/八反草 純米大吟醸.md,SRC_17CD444F6B56,1
IMADA_4769997066,今田酒造本店,富久長,八反草 純米大吟醸 はしり,八反草 純米大吟醸 はしり,販売中,2026-09-05,純米大吟醸,,,,,,,は種もみから復活させた広島最古の酒米の在来品種、八反草を減農薬、減肥料で育てました,,,冷酒,,,,,,,,公式オンラインショップで在庫あり,今田酒造本店/八反草 純米大吟醸 はしり.md,SRC_BDDE988F8B69,1
IMADA_F1779FC5A5,今田酒造本店,富久長,八反草 純米大吟醸 妙花風,八反草 純米大吟醸 妙花風,販売中,2026-09-05,純米大吟醸,,,,,,,は種もみから復活させた広島最古の酒米の在来品種、八反草を減農薬、減肥料で育てました,,,冷酒,,,,,,,,公式オンラインショップで在庫あり,今田酒造本店/八反草 純米大吟醸 妙花風.md,SRC_6AD588369567,1
IMADA_9832400F6F,今田酒造本店,富久長,八反草 純米大吟醸 正花風,八反草 純米大吟醸 正花風,不明,2026-09-05,純米大吟醸,,,,,,,広島県安芸高田市産八反草（契約栽培） 精米歩合 麹米 : 50% 掛米 : 50% アルコール分 15％ 酵母 広島県令和一号酵母 酒母 速醸 仕様 原酒 /,,,冷酒,,,,,,,,公式商品ページ掲載・現在在庫なし。終売とは確認できない,今田酒造本店/八反草 純米大吟醸 正花風.md,SRC_F48B1D01B925,1
IMADA_417274E958,今田酒造本店,富久長,八反錦 純米 初しぼり 生酒,八反錦 純米 初しぼり 生酒,不明,2026-09-05,純米酒,,,,,,,広島県安芸高田市産八反錦 精米歩合 麹米 : 60% 掛米 : 60% アルコール分 15％ 酵母 広島県酵母 酒母 速醸 仕様 直汲み / 原酒 / 生酒 /,,,冷酒,,,,,,,,公式商品ページ掲載・現在在庫なし。終売とは確認できない,今田酒造本店/八反錦 純米 初しぼり 生酒.md,SRC_74E43234125D,1
IMADA_3BEFC7AB91,今田酒造本店,富久長,寿〈ことほぎ〉 純米 しぼりたて 生酒,寿〈ことほぎ〉 純米 しぼりたて 生酒,不明,2026-09-05,純米酒,,,,,,,広島県産米 精米歩合 麹米 : 60% 掛米 : 65% アルコール分 15％ 酵母 広島県酵母 酒母 速醸 仕様 直汲み / 原酒 / 生酒 / 新酒 おすす,,,冷酒,,,,,,,,公式商品ページ掲載・現在在庫なし。終売とは確認できない,今田酒造本店/寿〈ことほぎ〉 純米 しぼりたて 生酒.md,SRC_94FD9459690B,1
IMADA_560EE9FFEC,今田酒造本店,富久長,山田錦 純米吟醸,山田錦 純米吟醸,販売中,2026-09-05,純米吟醸,,,,,,,広島県東広島市産山田錦 / 兵庫県特A地区山田錦 精米歩合 麹米 : 50% 掛米 : 60% アルコール分 16％ 酵母 広島県酵母のブレンド 酒母 速醸 仕,,,冷酒,,,,,,,,公式オンラインショップで在庫あり / 二次DBでも存在確認,今田酒造本店/山田錦 純米吟醸.md,SRC_D33901FD8775,2
IMADA_EFE964D792,今田酒造本店,富久長,山田錦 純米吟醸 直汲み 生酒,山田錦 純米吟醸 直汲み 生酒,不明,2026-09-05,純米吟醸,,,,,,,広島県東広島市産山田錦 / 兵庫県特A地区山田錦 精米歩合 麹米 : 50% 掛米 : 60% アルコール分 16％ 酵母 広島県酵母のブレンド 酒母 速醸 仕,,,冷酒,,,,,,,,公式商品ページ掲載・現在在庫なし。終売とは確認できない,今田酒造本店/山田錦 純米吟醸 直汲み 生酒.md,SRC_8E192D40ADDE,1
IMADA_DB946FC56D,今田酒造本店,富久長,海風土 Seafood 純米,海風土 Seafood 純米,販売中,2026-09-05,純米酒,,13度,,,,,国産米 精米歩合 麹米 : 60% 掛米 : 70% アルコール分 13％ 酵母 広島県酵母 酒母 速醸 仕様 原酒 / 一回火入れ / 瓶貯蔵 おすすめ温度,,,冷酒 / 冷やして,,,,,,,,公式オンラインショップで在庫あり,今田酒造本店/海風土 Seafood 純米.md,SRC_1CF65CFA1A2F,1
IMADA_125F1BB015,今田酒造本店,富久長,海風土 Seafood 純米 うすにごり,海風土 Seafood 純米 うすにごり,不明,2026-09-05,純米酒,,13度,,,,,国産米 精米歩合 麹米 : 60% 掛米 : 70% アルコール分 13％ 酵母 広島県酵母 酒母 速醸 仕様 原酒 / 瓶火入れ / 瓶貯蔵 おすすめ温度 冷,,,冷酒 / 冷やして,,,,,,,,公式商品ページ掲載・現在在庫なし。終売とは確認できない,今田酒造本店/海風土 Seafood 純米 うすにごり.md,SRC_8A9F7D08300D,1
IMADA_BC8D42DC34,今田酒造本店,富久長,海風土 Seafood 純米スパークリング,海風土 Seafood 純米スパークリング,不明,2026-09-05,純米酒,,,,,,,国産米 精米歩合 麹米 : 60% 掛米 : 70% アルコール分 13％ 酵母 広島県酵母 酒母 速醸 仕様 原酒 / 一回火入れ / 瓶貯蔵 おすすめ温度,,,冷酒,,,,,,,,公式商品ページ掲載・現在在庫なし。終売とは確認できない,今田酒造本店/海風土 Seafood 純米スパークリング.md,SRC_32BBF76BEF7D,1
IMADA_7872DE9BD2,今田酒造本店,富久長,秋櫻〈コスモス〉 純米 ひやおろし,秋櫻〈コスモス〉 純米 ひやおろし,販売中,2026-09-05,純米酒,,,,,,,広島県東広島市産山田錦 / 兵庫県特A地区山田錦 / 広島県産米 精米歩合 麹米 : 60% 掛米 : 60% アルコール分 15％ 酵母 広島県酵母 酒母 速,,,冷酒 / 常温,,,,,,,,公式オンラインショップで在庫あり / 二次DBでも存在確認,今田酒造本店/秋櫻〈コスモス〉 純米 ひやおろし.md,SRC_B85E00DAB5E2,2
IMADA_C671D373A6,今田酒造本店,富久長,秋櫻〈コスモス〉 純米吟醸 ひやおろし,秋櫻〈コスモス〉 純米吟醸 ひやおろし,販売中,2026-09-05,純米吟醸,,,,,,,広島県東広島市産山田錦 / 兵庫県特A地区山田錦 / 広島県産米 精米歩合 麹米 : 50% 掛米 : 60% アルコール分 15％ 酵母 広島県酵母 酒母 速,,,冷酒,,,,,,,,公式オンラインショップで在庫あり / 二次DBでも存在確認,今田酒造本店/秋櫻〈コスモス〉 純米吟醸 ひやおろし.md,SRC_6F072BE48003,2
IMADA_04B3F45EF0,今田酒造本店,富久長,純米にごり スパークリング 白美 HAKUBI,純米にごり スパークリング 白美 HAKUBI,販売中,2026-09-05,純米酒,,,,,,,広島県東広島市産山田錦 / 兵庫県特A地区山田錦 / 広島県産米 精米歩合 麹米 : 60% 掛米 : 65% アルコール分 14％ 酵母 広島県酵母 酒母 速,,,冷酒 / 常温,,,,,,,,公式オンラインショップで在庫あり,今田酒造本店/純米にごり スパークリング 白美 HAKUBI.md,SRC_4DE7A8242C89,1
IMADA_6A85B05807,今田酒造本店,富久長,純米吟醸 春 うすにごり 生酒,純米吟醸 春 うすにごり 生酒,不明,2026-09-05,純米吟醸,,,,,,,兵庫県産山田錦 / 広島県産米 精米歩合 麹米 : 50% 掛米 : 60% アルコール分 15％ 酵母 広島県酵母 酒母 速醸 仕様 直汲み / 原酒 / 生,,,冷酒 / 冷やして,,,,,,,,公式商品ページ掲載・現在在庫なし。終売とは確認できない,今田酒造本店/純米吟醸 春 うすにごり 生酒.md,SRC_B778D2B6F20A,1
IMADA_D98C822AA4,今田酒造本店,富久長,純米吟醸 美穂 Biho,純米吟醸 美穂 Biho,販売中,2026-09-05,純米吟醸,,,,,,,広島県東広島市産山田錦 / 兵庫県特A地区山田錦 / 広島県産米 精米歩合 麹米 : 50% 掛米 : 60% アルコール分 15％ 酵母 広島県酵母 酒母 速,,,冷酒,,,,,,,,公式オンラインショップで在庫あり,今田酒造本店/純米吟醸 美穂 Biho.md,SRC_C555FBF888B0,1
IMADA_08AE3B0659,今田酒造本店,富久長,純米吟醸 美穂 Biho 生酒,純米吟醸 美穂 Biho 生酒,不明,2026-09-05,純米吟醸,,,,,,,広島県東広島市産山田錦 / 兵庫県特A地区山田錦 / 広島県産米 精米歩合 麹米 : 50% 掛米 : 60% アルコール分 15％ 酵母 広島県酵母 酒母 速,,,冷酒,,,,,,,,公式商品ページ掲載・現在在庫なし。終売とは確認できない,今田酒造本店/純米吟醸 美穂 Biho 生酒.md,SRC_7416ED35F806,1
IMADA_3BF7BAB665,今田酒造本店,富久長,辛口純米,辛口純米,販売中,2026-09-05,純米酒,,,,,,,の一部に原形精米（真吟）のお米を使用しました,,,冷酒 / 常温 / 燗酒,,,,,,,,公式オンラインショップで在庫あり / 二次DBでも存在確認,今田酒造本店/辛口純米.md,SRC_3C6616E01E64,2
IMADA_A0F8F527E9,今田酒造本店,富久長,辛口純米 夏,辛口純米 夏,不明,2026-09-05,純米酒,,,,,,,の一部に原形精米（真吟）のお米を使用しました,,,冷酒,,,,,,,,公式商品ページ掲載・現在在庫なし。終売とは確認できない,今田酒造本店/辛口純米 夏.md,SRC_E9E11BF5562E,1
IMADA_88C7B7007B,今田酒造本店,富久長,辛口純米 直汲み 生酒,辛口純米 直汲み 生酒,不明,2026-09-05,純米酒,,,,,,,広島県東広島市産山田錦 / 兵庫県特A地区山田錦 / 広島県産米 精米歩合 麹米 : 60% 掛米 : 65% 原形精米 アルコール分 15％ 酵母 広島県酵母,,,冷酒,,,,,,,,公式商品ページ掲載・現在在庫なし。終売とは確認できない,今田酒造本店/辛口純米 直汲み 生酒.md,SRC_A24B54BCC978,1
SANYOTSURU_DB4F8EB8A3,山陽鶴酒造,山陽鶴,上撰,上撰,販売中,2026-09-05,,,,,,,,,,,,,,,,,,,公式五酒セットに現行代表酒として掲載,山陽鶴酒造/上撰.md,SRC_3A7A39BC0247,1
SANYOTSURU_5493044407,山陽鶴酒造,山陽鶴,大吟醸,大吟醸,販売中,2026-09-05,大吟醸,,,,,,,,,,,,,,,,,,公式五酒セットに現行代表酒として掲載,山陽鶴酒造/大吟醸.md,SRC_3A7A39BC0247,1
SANYOTSURU_613AEF8395,山陽鶴酒造,山陽鶴,大吟醸 しぼりたて,大吟醸 しぼりたて,不明,2026-09-05,大吟醸,,,,,,,,,,,,,,,,,,2024年蔵開き限定酒,山陽鶴酒造/大吟醸 しぼりたて.md,SRC_7BAF9205361C,1
SANYOTSURU_7DC3806494,山陽鶴酒造,山陽鶴,本醸造,本醸造,販売中,2026-09-05,本醸造,,,,,,,,,,,,,,,,,,公式五酒セットに現行代表酒として掲載,山陽鶴酒造/本醸造.md,SRC_3A7A39BC0247,1
SANYOTSURU_AE0F2A5441,山陽鶴酒造,山陽鶴,清酒にごり おり酒,清酒にごり おり酒,終売,2026-09-05,,,,,,,,,,,,,,,,,,,2026-04-14公式発表。在庫限りで終売,山陽鶴酒造/清酒にごり おり酒.md,SRC_8DED7835AC66,1
SANYOTSURU_32510DF796,山陽鶴酒造,山陽鶴,純米吟醸,純米吟醸,販売中,2026-09-05,純米吟醸,,,,,,,,,,,,,,,,,,公式五酒セットに現行代表酒として掲載,山陽鶴酒造/純米吟醸.md,SRC_3A7A39BC0247,1
SANYOTSURU_AAB78C1203,山陽鶴酒造,山陽鶴,純米吟醸 しぼりたて,純米吟醸 しぼりたて,不明,2026-09-05,純米吟醸,,,,,,,,,,,,,,,,,,2026年蔵開き限定酒,山陽鶴酒造/純米吟醸 しぼりたて.md,SRC_9B0D66811984,1
SANYOTSURU_9404AD4529,山陽鶴酒造,山陽鶴,純米酒 生しぼりたて,純米酒 生しぼりたて,不明,2026-09-05,純米酒,,,,,,,,,,,,,,,,,,2026年蔵開き限定酒,山陽鶴酒造/純米酒 生しぼりたて.md,SRC_9B0D66811984,1
TSUKA_4E5C1093FB,柄酒造,於多福 / 関西一,9代目於多福 protos. 火入れ,9代目於多福 protos. 火入れ,販売中,2026-09-05,,７１%,１３度,,,,,"八反錦 精米歩合：７１% アルコール度数：１３度 酵母：協会７号 もろみ日数：41日 (71、13、7、41、全て素数です） {""id"":91895203104",,,,,,,,,,,公式オンラインショップで販売確認,柄酒造/9代目於多福 protos. 火入れ.md,SRC_D84ED2F8370A,1
TSUKA_1A7AC042B5,柄酒造,於多福 / 関西一,9代目於多福 つきあかり,9代目於多福 つきあかり,販売中,2026-09-05,,60%,15度,,,,,"山田錦 精米歩合：60% アルコール度数：15度 飲み方：◎冷酒 ○常温 {""id"":8046672674990,""title"":""9代目於多福 つきあかり 7",,,冷酒 / 常温,,,,,,,,公式オンラインショップで販売確認,柄酒造/9代目於多福 つきあかり.md,SRC_591113468854,1
TSUKA_E7934CDFF3,柄酒造,於多福 / 関西一,9代目於多福 特別純米 火入れ,9代目於多福 特別純米 火入れ,販売中,2026-09-05,特別純米酒,,15度,,,,,"八反錦 精米歩合：米麹 50% 掛け米 60% アルコール度数：15度 飲み方：◎冷酒 ○常温 {""id"":7981920288942,""title"":""【火入",,,冷酒 / 常温,,,,,,,,公式オンラインショップで販売確認,柄酒造/9代目於多福 特別純米 火入れ.md,SRC_BEA63C25C10E,1
TSUKA_2B046144D3,柄酒造,於多福 / 関西一,9代目於多福 純米 火入れ,9代目於多福 純米 火入れ,販売中,2026-09-05,純米酒,60%,15度,,,,,"八反錦 精米歩合：60% アルコール度数：15度 飲み方：◎冷酒 ○常温 {""id"":7981013172398,""title"":""【火入れ】9代目於多福 純米",,,冷酒 / 常温,,,,,,,,公式オンラインショップで販売確認,柄酒造/9代目於多福 純米 火入れ.md,SRC_3F164DE9EB71,1
TSUKA_1B2FEEEF7C,柄酒造,於多福 / 関西一,9代目於多福 純米吟醸 すずかぜ,9代目於多福 純米吟醸 すずかぜ,販売中,2026-09-05,純米吟醸,50%,15度,,,,,"雄町 精米歩合：50% アルコール度数：15度 飲み方：◎冷酒 ○常温 {""id"":8008537899182,""title"":""9代目於多福 純米吟醸 すずか",,,冷酒 / 常温 / ロック,,,,,,,,公式オンラインショップで販売確認,柄酒造/9代目於多福 純米吟醸 すずかぜ.md,SRC_EDFEC7CE599D,1
TSUKA_80C951BF08,柄酒造,於多福 / 関西一,9代目於多福 純米吟醸 火入れ,9代目於多福 純米吟醸 火入れ,販売中,2026-09-05,純米吟醸,50%,15度,,,,,"八反錦 精米歩合：50% アルコール度数：15度 飲み方：◎冷酒 〇常温 {""id"":7981919305902,""title"":""【火入れ】9代目於多福 純米",,,冷酒 / 常温,,,,,,,,公式オンラインショップで販売確認,柄酒造/9代目於多福 純米吟醸 火入れ.md,SRC_EC13F18FE8BA,1
TSUKA_31CA2C0123,柄酒造,於多福 / 関西一,9代目於多福 純米大吟醸 火入れ,9代目於多福 純米大吟醸 火入れ,販売中,2026-09-05,純米大吟醸,40%,15度,,,,,"千本錦 精米歩合：40% アルコール度数：15度 飲み方：◎冷酒 ○常温 {""id"":8053542846638,""title"":""【火入れ】9代目於多福 純米",,,冷酒 / 常温,,,,,,,,公式オンラインショップで販売確認,柄酒造/9代目於多福 純米大吟醸 火入れ.md,SRC_426E0D9972AD,1
TSUKA_A47DDCE6B2,柄酒造,於多福 / 関西一,於多福 一番取り,於多福 一番取り,販売中,2026-09-05,,40％,16.5度,,,,,"千本錦 精米歩合：40％ アルコール度数：16.5度 飲み方：◎冷酒 {""id"":7986565415086,""title"":""於多福 一番取り 720ml（桐",,,冷酒,,,,,,,,公式オンラインショップで販売確認,柄酒造/於多福 一番取り.md,SRC_6C4B630CAB71,1
TSUKA_6F79109356,柄酒造,於多福 / 関西一,於多福 大吟醸,於多福 大吟醸,販売中,2026-09-05,大吟醸,40%,16.5度,,,,,千本錦 精米歩合：40% アルコール度数：16.5度 飲み方：◎冷酒 〇常温 「関西一 大吟醸 1800ml」という名称で親しまれてきましたが、2023年5月よ,,,冷酒 / 常温,,,,,,,,公式オンラインショップで販売確認 / 二次DBでも存在確認,柄酒造/於多福 大吟醸.md,SRC_513AAF702184,3
TSUKA_38EDE866D0,柄酒造,於多福 / 関西一,於多福 本醸造,於多福 本醸造,販売中,2026-09-05,本醸造,65％,15.5度,,,,,"八反錦 精米歩合：65％ アルコール度数：15.5度 飲み方：◎冷酒 ◎常温 ◎熱燗 {""id"":7986570035374,""title"":""於多福 本醸造",,,冷酒 / 常温 / 熱燗,,,,,,,,公式オンラインショップで販売確認,柄酒造/於多福 本醸造.md,SRC_2681BD762ED6,1
TSUKA_2BED074A79,柄酒造,於多福 / 関西一,於多福 純米,於多福 純米,販売中,2026-09-05,純米酒,60％,15.5度,,,,,"八反錦 アルコール度数：15.5度 飲み方：〇冷酒 ◎常温 ◎熱燗 {""id"":7986568560814,""title"":""於多福 純米 1800ml"",""h",,,冷酒 / 常温 / 熱燗,,,,,,,,公式オンラインショップで販売確認 / 二次DBでも存在確認,柄酒造/於多福 純米.md,SRC_3224805479E3,3
TSUKA_1B412B5EC9,柄酒造,於多福 / 関西一,於多福 純米吟醸,於多福 純米吟醸,販売中,2026-09-05,純米吟醸,60％,15.5度,,,,,"八反錦 精米歩合：60％ アルコール度数：15.5度 飲み方：◎冷酒 ◎常温 {""id"":7986567381166,""title"":""於多福 純米吟醸 180",,,冷酒 / 冷やして / 常温,,,,,,,,公式オンラインショップで販売確認 / 二次DBでも存在確認,柄酒造/於多福 純米吟醸.md,SRC_6BE30EF99475,3
HAKUBOTAN_A70E8687E1,白牡丹酒造,白牡丹,Paeon(ピオン),Paeon(ピオン),販売中,2026-09-05,,60％,,-1.5,1.98,0.86,,千本錦 日本酒度 -1.5 酸度 1.98 アミノ酸度 0.86 おすすめの飲み方 常 温 冷 酒 公式ネットショップへ 一覧へ戻る 〒739-0011 広島県,,,常温,,,,,,,,,白牡丹酒造/Paeon(ピオン).md,SRC_E8001F826CEC,1
HAKUBOTAN_CA823D3FAB,白牡丹酒造,白牡丹,さらりとうまくち,さらりとうまくち,販売中,2026-09-05,,70％,,0,1.1,1.0,,国産米100％ 日本酒度 0 酸度 1.1 アミノ酸度 1.0 おすすめの飲み方 熱燗 ぬる燗 常 温 冷 酒 公式ネットショップへ 一覧へ戻る 〒739-00,,,冷やして / 常温 / ぬる燗 / 熱燗,,,,,,,,,白牡丹酒造/さらりとうまくち.md,SRC_C099005AF5D6,1
HAKUBOTAN_A4DDDF2666,白牡丹酒造,白牡丹,すっきり旨口,すっきり旨口,販売中,2026-09-05,,75％,,-3,1.0,0.8,,国産米100％ 日本酒度 -3 酸度 1.0 アミノ酸度 0.8 おすすめの飲み方 熱燗 ぬる燗 常 温 冷 酒 公式ネットショップへ 一覧へ戻る 〒739-0,,,常温 / ぬる燗 / 熱燗,,,,,,,,,白牡丹酒造/すっきり旨口.md,SRC_E0FF9E5B6DBA,2
HAKUBOTAN_7F234E0259,白牡丹酒造,白牡丹,ひろしま一途な純米酒 紅甘萬(べにかんまん),ひろしま一途な純米酒 紅甘萬(べにかんまん),販売中,2026-09-05,純米酒,70％,,-69,1.1,0.9,,国産米 日本酒度 -69 酸度 1.1 アミノ酸度 0.9 おすすめの飲み方 ぬる燗 常 温 冷 酒 公式ネットショップへ 一覧へ戻る 〒739-0011 広島,,,常温 / ぬる燗 / 燗酒,,,,,,,,,白牡丹酒造/ひろしま一途な純米酒 紅甘萬(べにかんまん).md,SRC_CE0587C84389,2
HAKUBOTAN_5493044407,白牡丹酒造,白牡丹,大吟醸,大吟醸,販売中,2026-09-05,大吟醸,40％,,+3,1.36,0.54,,山田錦 日本酒度 +3 酸度 1.36 アミノ酸度 0.54 おすすめの飲み方 常 温 冷 酒 公式ネットショップへ 一覧へ戻る 〒739-0011 広島県東広,,,常温,,,,,,,,,白牡丹酒造/大吟醸.md,SRC_140E5F938388,3
HAKUBOTAN_700EB41E1C,白牡丹酒造,白牡丹,大吟醸 いちの雫 （しずく酒）,大吟醸 いちの雫 （しずく酒）,販売中,2026-09-05,大吟醸,40％,,+2.5,1.28,0.6,,山田錦 日本酒度 +2.5 酸度 1.28 アミノ酸度 0.6 おすすめの飲み方 常 温 冷 酒 公式ネットショップへ 一覧へ戻る 〒739-0011 広島県東,,,,,,,,,,,,白牡丹酒造/大吟醸 いちの雫 （しずく酒）.md,SRC_B332FC035E9D,1
HAKUBOTAN_503F2726B3,白牡丹酒造,白牡丹,大吟醸 いちの雫（しずく酒）,大吟醸 いちの雫（しずく酒）,販売中,2026-09-05,大吟醸,40％,,+3,1.36,0.72,,山田錦 日本酒度 +3 酸度 1.36 アミノ酸度 0.72 おすすめの飲み方 常 温 冷 酒 公式ネットショップへ 一覧へ戻る 〒739-0011 広島県東広,,,,,,,,,,,,白牡丹酒造/大吟醸 いちの雫（しずく酒）.md,SRC_DA7CD7F23CBC,1
HAKUBOTAN_CB866B82D1,白牡丹酒造,白牡丹,大吟醸 中汲み,大吟醸 中汲み,販売中,2026-09-05,大吟醸,40％,,+3,1.26,0.5,,山田錦 日本酒度 +3 酸度 1.26 アミノ酸度 0.5 おすすめの飲み方 常 温 冷 酒 公式ネットショップへ 一覧へ戻る 〒739-0011 広島県東広島,,,常温,,,,,,,,,白牡丹酒造/大吟醸 中汲み.md,SRC_2104A220E83A,2
HAKUBOTAN_6AF6D23E12,白牡丹酒造,白牡丹,山田錦 純米吟醸 うすにごり,山田錦 純米吟醸 うすにごり,販売中,2026-09-05,純米吟醸,60％,,-9.5,1.4,0.8,,山田錦 日本酒度 -9.5 酸度 1.4 アミノ酸度 0.8 おすすめの飲み方 常 温 冷 酒 公式ネットショップへ 一覧へ戻る 〒739-0011 広島県東広,,,常温,,,,,,,,,白牡丹酒造/山田錦 純米吟醸 うすにごり.md,SRC_32FD557EEF4D,1
HAKUBOTAN_9387AD8DAE,白牡丹酒造,白牡丹,山田錦 純米大吟醸 氷華,山田錦 純米大吟醸 氷華,販売中,2026-09-05,純米大吟醸,50％,,-1.5,2.0,0.92,,山田錦 日本酒度 -1.5 酸度 2.0 アミノ酸度 0.92 おすすめの飲み方 常 温 冷 酒 公式ネットショップへ 一覧へ戻る 〒739-0011 広島県東,,,,,,,,,,,,白牡丹酒造/山田錦 純米大吟醸 氷華.md,SRC_A9A8B25C41DB,1
HAKUBOTAN_5A63528F2B,白牡丹酒造,白牡丹,山田錦 純米酒,山田錦 純米酒,販売中,2026-09-05,純米酒,70％,,-1,1.5,1.3,,山田錦 日本酒度 -1 酸度 1.5 アミノ酸度 1.3 おすすめの飲み方 ぬる燗 常 温 冷 酒 公式ネットショップへ 一覧へ戻る 〒739-0011 広島県,,,常温 / ぬる燗,,,,,,,,,白牡丹酒造/山田錦 純米酒.md,SRC_5C575223458D,2
HAKUBOTAN_4FA831756B,白牡丹酒造,白牡丹,広島の酒,広島の酒,販売中,2026-09-05,,75％,,-5,1.0,0.9,,国産米100％ 日本酒度 -5 酸度 1.0 アミノ酸度 0.9 おすすめの飲み方 熱燗 ぬる燗 常 温 冷 酒 公式ネットショップへ 一覧へ戻る 〒739-0,,,常温 / ぬる燗 / 熱燗,,,,,,,,,白牡丹酒造/広島の酒.md,SRC_45A6EE3ACFF6,4
HAKUBOTAN_046230BCE0,白牡丹酒造,白牡丹,広島の酒 原酒,広島の酒 原酒,販売中,2026-09-05,,75％,,-7,1.3,,,国産米100％ 日本酒度 -7 酸度 1.3 アミノ酸度 おすすめの飲み方 熱燗 ぬる燗 常 温 冷 酒 ロック 公式ネットショップへ 一覧へ戻る 〒739-0,,,冷酒 / 常温 / ぬる燗 / 熱燗 / 燗酒 / ロック,,,,,,,,,白牡丹酒造/広島の酒 原酒.md,SRC_A6DD210B86A2,1
HAKUBOTAN_29EDCD7471,白牡丹酒造,白牡丹,広島上撰 金紋,広島上撰 金紋,販売中,2026-09-05,,70％,,-2,1.1,0.9,,国産米100％ 日本酒度 -2 酸度 1.1 アミノ酸度 0.9 おすすめの飲み方 熱燗 ぬる燗 常 温 冷 酒 公式ネットショップへ 一覧へ戻る 〒739-0,,,常温 / ぬる燗 / 熱燗,,,,,,,,,白牡丹酒造/広島上撰 金紋.md,SRC_F5CA093DF40A,7
HAKUBOTAN_C40C98C399,白牡丹酒造,白牡丹,広島上撰 金紋 原酒,広島上撰 金紋 原酒,販売中,2026-09-05,,70％,,-2,1.5,1.2,,国産米 日本酒度 -2 酸度 1.5 アミノ酸度 1.2 おすすめの飲み方 熱燗 ぬる燗 常 温 冷 酒 公式ネットショップへ 一覧へ戻る 〒739-0011,,,常温 / ぬる燗 / 熱燗,,,,,,,,,白牡丹酒造/広島上撰 金紋 原酒.md,SRC_4DCBEE5BDD11,1
HAKUBOTAN_8F656DF526,白牡丹酒造,白牡丹,広島八反 純米吟醸,広島八反 純米吟醸,販売中,2026-09-05,純米吟醸,60％,,+1.5,1.48,0.96,,八反35号 日本酒度 +1.5 酸度 1.48 アミノ酸度 0.96 おすすめの飲み方 常 温 冷 酒 公式ネットショップへ 一覧へ戻る 〒739-0011 広,,,常温,,,,,,,,,白牡丹酒造/広島八反 純米吟醸.md,SRC_FDE2A0BA9DF5,2
HAKUBOTAN_28CC64F84E,白牡丹酒造,白牡丹,広島八反 純米大吟醸 原酒,広島八反 純米大吟醸 原酒,販売中,2026-09-05,純米大吟醸,50％,,-0.5,1.62,0.76,,八反35号 日本酒度 -0.5 酸度 1.62 アミノ酸度 0.76 おすすめの飲み方 常 温 冷 酒 公式ネットショップへ 一覧へ戻る 〒739-0011 広,,,常温,,,,,,,,,白牡丹酒造/広島八反 純米大吟醸 原酒.md,SRC_EC49B0FFA2B4,1
HAKUBOTAN_458F4F5F9E,白牡丹酒造,白牡丹,広島八反 純米大吟醸 氷華,広島八反 純米大吟醸 氷華,販売中,2026-09-05,純米大吟醸,50％,,0,2.3,1.0,,八反35号 日本酒度 0 酸度 2.3 アミノ酸度 1.0 おすすめの飲み方 常 温 冷 酒 公式ネットショップへ 一覧へ戻る 〒739-0011 広島県東広島,,,,,,,,,,,,白牡丹酒造/広島八反 純米大吟醸 氷華.md,SRC_32C166889B02,1
HAKUBOTAN_B9CDF398A7,白牡丹酒造,白牡丹,広島特撰 芳華金紋,広島特撰 芳華金紋,販売中,2026-09-05,,60％,,+1,1.3,0.9,,国産米100％ 日本酒度 +1 酸度 1.3 アミノ酸度 0.9 おすすめの飲み方 熱燗 ぬる燗 常 温 冷 酒 公式ネットショップへ 一覧へ戻る 〒739-0,,,常温 / ぬる燗 / 熱燗,,,,,,,,,白牡丹酒造/広島特撰 芳華金紋.md,SRC_3741D298E445,2
HAKUBOTAN_681E78EC45,白牡丹酒造,白牡丹,恋華 RENKA,恋華 RENKA,販売中,2026-09-05,,60％,,-15,1.96,0.72,,中生新千本 日本酒度 -15 酸度 1.96 アミノ酸度 0.72 おすすめの飲み方 常 温 冷 酒 公式ネットショップへ 一覧へ戻る 〒739-0011 広島,,,常温,,,,,,,,,白牡丹酒造/恋華 RENKA.md,SRC_8FFA97F28EEC,1
HAKUBOTAN_3D44E76421,白牡丹酒造,白牡丹,恋華 RENKA ROUGE,恋華 RENKA ROUGE,販売中,2026-09-05,,60％,,-15,2.3,0.72,,中生新千本 日本酒度 -15 酸度 2.3 アミノ酸度 0.72 おすすめの飲み方 常 温 冷 酒 公式ネットショップへ 一覧へ戻る 〒739-0011 広島県,,,常温,,,,,,,,,白牡丹酒造/恋華 RENKA ROUGE.md,SRC_D36BA1E5C543,1
HAKUBOTAN_16C816833F,白牡丹酒造,白牡丹,新酒純米,新酒純米,販売中,2026-09-05,純米酒,70％,,-4.5,2.14,1.02,,国産米 日本酒度 -4.5 酸度 2.14 アミノ酸度 1.02 おすすめの飲み方 熱燗 ぬる燗 常 温 冷 酒 公式ネットショップへ 一覧へ戻る 〒739-0,,,常温 / ぬる燗 / 熱燗 / 燗酒,,,,,,,,,白牡丹酒造/新酒純米.md,SRC_FD2AE1488556,3
HAKUBOTAN_7DC3806494,白牡丹酒造,白牡丹,本醸造,本醸造,販売中,2026-09-05,本醸造,60％,,+1,1.3,0.9,,国産米100％ 日本酒度 +1 酸度 1.3 アミノ酸度 0.9 おすすめの飲み方 熱燗 ぬる燗 常 温 冷 酒 公式ネットショップへ 一覧へ戻る 〒739-0,,,常温 / ぬる燗 / 熱燗,,,,,,,,,白牡丹酒造/本醸造.md,SRC_B14240AFFAD7,1
HAKUBOTAN_CD90B70A5B,白牡丹酒造,白牡丹,本醸造 生貯蔵酒,本醸造 生貯蔵酒,販売中,2026-09-05,本醸造,60％,,+0.5,1.62,0.78,,国産米 日本酒度 +0.5 酸度 1.62 アミノ酸度 0.78 おすすめの飲み方 常 温 冷 酒 公式ネットショップへ 一覧へ戻る 〒739-0011 広島県,,,常温,,,,,,,,,白牡丹酒造/本醸造 生貯蔵酒.md,SRC_C3CFD5838075,2
HAKUBOTAN_C1B807AF40,白牡丹酒造,白牡丹,生酛純米酒 夏仕込み,生酛純米酒 夏仕込み,販売中,2026-09-05,純米酒,70％,,+20.5,3.06,1.84,,中生新千本 日本酒度 +20.5 酸度 3.06 アミノ酸度 1.84 おすすめの飲み方 熱燗 ぬる燗 常 温 冷 酒 公式ネットショップへ 一覧へ戻る 〒73,,,常温 / ぬる燗 / 熱燗,,,,,,,,,白牡丹酒造/生酛純米酒 夏仕込み.md,SRC_67880FD3300D,1
HAKUBOTAN_377D7CDC1F,白牡丹酒造,白牡丹,生酛純米酒 夏仕込み おりがらみ,生酛純米酒 夏仕込み おりがらみ,販売中,2026-09-05,純米酒,70％,,+20.5,3.06,1.84,,中生新千本 日本酒度 +20.5 酸度 3.06 アミノ酸度 1.84 おすすめの飲み方 熱燗 ぬる燗 常 温 冷 酒 公式ネットショップへ 一覧へ戻る 〒73,,,常温 / ぬる燗 / 熱燗,,,,,,,,,白牡丹酒造/生酛純米酒 夏仕込み おりがらみ.md,SRC_4F116420B795,1
HAKUBOTAN_10D6A6828E,白牡丹酒造,白牡丹,生酛純米酒 夏仕込み 生酒,生酛純米酒 夏仕込み 生酒,販売中,2026-09-05,純米酒,70％,,+20.5,3.06,1.84,,中生新千本 日本酒度 +20.5 酸度 3.06 アミノ酸度 1.84 おすすめの飲み方 熱燗 ぬる燗 常 温 冷 酒 公式ネットショップへ 一覧へ戻る 〒73,,,常温 / ぬる燗 / 熱燗,,,,,,,,,白牡丹酒造/生酛純米酒 夏仕込み 生酒.md,SRC_191B4815F95D,1
HAKUBOTAN_BFF6C7F309,白牡丹酒造,白牡丹,純米サンフレカップ,純米サンフレカップ,販売中,2026-09-05,純米酒,70％,,0,1.7,1.0,,広島県産米 日本酒度 0 酸度 1.7 アミノ酸度 1.0 おすすめの飲み方 熱燗 ぬる燗 常 温 冷 酒 公式ネットショップへ 一覧へ戻る 〒739-0011,,,常温 / ぬる燗 / 熱燗,,,,,,,,,白牡丹酒造/純米サンフレカップ.md,SRC_ACE985FD1996,1
HAKUBOTAN_32510DF796,白牡丹酒造,白牡丹,純米吟醸,純米吟醸,販売中,2026-09-05,純米吟醸,60％,,+0.5,1.82,1.0,,山田錦 日本酒度 +0.5 酸度 1.82 アミノ酸度 1.0 おすすめの飲み方 常 温 冷 酒 公式ネットショップへ 一覧へ戻る 〒739-0011 広島県東,,,常温,,,,,,,,,白牡丹酒造/純米吟醸.md,SRC_5FC876EC1D75,2
HAKUBOTAN_162506AF95,白牡丹酒造,白牡丹,純米吟醸 中汲み,純米吟醸 中汲み,販売中,2026-09-05,純米吟醸,50％,,+1,1.72,1.08,,山田錦 日本酒度 +1 酸度 1.72 アミノ酸度 1.08 おすすめの飲み方 常 温 冷 酒 公式ネットショップへ 一覧へ戻る 〒739-0011 広島県東広,,,常温,,,,,,,,,白牡丹酒造/純米吟醸 中汲み.md,SRC_DE874C98A0F8,2
HAKUBOTAN_96747254A9,白牡丹酒造,白牡丹,純米吟醸 生貯蔵酒,純米吟醸 生貯蔵酒,販売中,2026-09-05,純米吟醸,60％,,-2,1.6,0.9,,山田錦 日本酒度 -2 酸度 1.6 アミノ酸度 0.9 おすすめの飲み方 常 温 冷 酒 一覧へ戻る 〒739-0011 広島県東広島市西条本町15番5号 0,,,常温,,,,,,,,,白牡丹酒造/純米吟醸 生貯蔵酒.md,SRC_6457EBE4BCA5,3
HAKUBOTAN_AD656ED8AE,白牡丹酒造,白牡丹,純米吟醸萌えいぶき,純米吟醸萌えいぶき,販売中,2026-09-05,純米吟醸,60％,,-3.0,1.6,0.7,,萌えいぶき 日本酒度 -3.0 酸度 1.6 アミノ酸度 0.7 おすすめの飲み方 ぬる燗 常 温 冷 酒 公式ネットショップへ 一覧へ戻る 〒739-0011,,,常温 / ぬる燗,,,,,,,,,白牡丹酒造/純米吟醸萌えいぶき.md,SRC_038615C55B7F,2
HAKUBOTAN_16B380CD98,白牡丹酒造,白牡丹,純米大吟醸 令和一号酵母,純米大吟醸 令和一号酵母,販売中,2026-09-05,純米大吟醸,50％,,-4.5,2.36,0.86,,山田錦 日本酒度 -4.5 酸度 2.36 アミノ酸度 0.86 おすすめの飲み方 ぬる燗 常 温 冷 酒 公式ネットショップへ 一覧へ戻る 〒739-0011,,,常温 / ぬる燗,,,,,,,,,白牡丹酒造/純米大吟醸 令和一号酵母.md,SRC_DB2EC858C0D8,1
HAKUBOTAN_A5F43BBB32,白牡丹酒造,白牡丹,純米大吟醸 原酒 万年蔵 杜氏 鹿島正,純米大吟醸 原酒 万年蔵 杜氏 鹿島正,販売中,2026-09-05,純米大吟醸,38％,,-8,1.48,0.88,,千本錦 日本酒度 -8 酸度 1.48 アミノ酸度 0.88 おすすめの飲み方 ぬる燗 常 温 冷 酒 公式ネットショップへ 一覧へ戻る 〒739-0011 広,,,常温 / ぬる燗 / 燗酒,,,,,,,,,白牡丹酒造/純米大吟醸 原酒 万年蔵 杜氏 鹿島正.md,SRC_A8F29FDB12D8,2
HAKUBOTAN_50669AE4B6,白牡丹酒造,白牡丹,純米大吟醸 悠星(ゆうせい),純米大吟醸 悠星(ゆうせい),販売中,2026-09-05,純米大吟醸,50％,,-0.5,1.7,0.96,,八反35号 日本酒度 -0.5 酸度 1.7 アミノ酸度 0.96 おすすめの飲み方 常 温 冷 酒 公式ネットショップへ 一覧へ戻る 〒739-0011 広島,,,常温,,,,,,,,,白牡丹酒造/純米大吟醸 悠星(ゆうせい).md,SRC_9D0366C70539,1
HAKUBOTAN_E1282DBB0C,白牡丹酒造,白牡丹,純米大吟醸 龍王井,純米大吟醸 龍王井,販売中,2026-09-05,純米大吟醸,48％,,-1.5,1.6,1.0,,中生新千本 日本酒度 -1.5 酸度 1.6 アミノ酸度 1.0 おすすめの飲み方 常 温 冷 酒 一覧へ戻る 〒739-0011 広島県東広島市西条本町15番,,,常温,,,,,,,,,白牡丹酒造/純米大吟醸 龍王井.md,SRC_2EF648AC38BB,1
HAKUBOTAN_5E49796AF7,白牡丹酒造,白牡丹,純米生酒 氷華,純米生酒 氷華,販売中,2026-09-05,純米酒,70％,,-30,2.68,1.14,,中生新千本 日本酒度 -30 酸度 2.68 アミノ酸度 1.14 おすすめの飲み方 常 温 冷 酒 公式ネットショップへ 一覧へ戻る 〒739-0011 広島,,,,,,,,,,,,白牡丹酒造/純米生酒 氷華.md,SRC_78B8CFD32FDC,1
HAKUBOTAN_2FE12A5356,白牡丹酒造,白牡丹,純米酒,純米酒,販売中,2026-09-05,純米酒,70％,,+0.5,1.72,0.94,,国産米 日本酒度 +0.5 酸度 1.72 アミノ酸度 0.94 おすすめの飲み方 熱燗 ぬる燗 常 温 冷 酒 公式ネットショップへ 一覧へ戻る 〒739-0,,,常温 / ぬる燗 / 熱燗 / 燗酒,,,,,,,,,白牡丹酒造/純米酒.md,SRC_D8A5AA10CDB2,3
HAKUBOTAN_66EEB8D695,白牡丹酒造,白牡丹,純米酒 山田錦 米だけの酒,純米酒 山田錦 米だけの酒,販売中,2026-09-05,純米酒,75％,,+2,1.3,1.0,,山田錦 日本酒度 +2 酸度 1.3 アミノ酸度 1.0 おすすめの飲み方 熱燗 ぬる燗 常 温 冷 酒 公式ネットショップへ 一覧へ戻る 〒739-0011,,,冷やして / 常温 / ぬる燗 / 熱燗,,,,,,,,,白牡丹酒造/純米酒 山田錦 米だけの酒.md,SRC_D9A3BFA2FCCF,2
HAKUBOTAN_A725F86F1E,白牡丹酒造,白牡丹,華 純米吟醸,華 純米吟醸,販売中,2026-09-05,純米吟醸,60％,,-15,2.3,0.72,,国産米 日本酒度 -15 酸度 2.3 アミノ酸度 0.72 おすすめの飲み方 常 温 冷 酒 一覧へ戻る 〒739-0011 広島県東広島市西条本町15番5号,,,常温,,,,,,,,,白牡丹酒造/華 純米吟醸.md,SRC_C9C6C6D6EE35,1
HAKUBOTAN_151FBB4B6B,白牡丹酒造,白牡丹,超特撰,超特撰,販売中,2026-09-05,,60％,,+2,1.4,1.1,,国産米100％ 日本酒度 +2 酸度 1.4 アミノ酸度 1.1 おすすめの飲み方 熱燗 ぬる燗 常 温 冷 酒 公式ネットショップへ 一覧へ戻る 〒739-0,,,常温 / ぬる燗 / 熱燗,,,,,,,,,白牡丹酒造/超特撰.md,SRC_FDA00D0EE56B,1
HAKUBOTAN_3C0CACD0A6,白牡丹酒造,白牡丹,超特撰 純金箔入,超特撰 純金箔入,販売中,2026-09-05,,60％,,+2,1.4,1.1,,国産米100％ 日本酒度 +2 酸度 1.4 アミノ酸度 1.1 おすすめの飲み方 熱燗 ぬる燗 常 温 冷 酒 公式ネットショップへ 一覧へ戻る 〒739-0,,,常温 / ぬる燗 / 熱燗,,,,,,,,,白牡丹酒造/超特撰 純金箔入.md,SRC_103D6C3EB1DE,1
HAKUBOTAN_5DE4177CA3,白牡丹酒造,白牡丹,酒まつり限定 純米にごり酒,酒まつり限定 純米にごり酒,不明,2026-09-05,純米酒,,,,,,,,,,,,,,,,,,2024年公式案内。例年の酒まつり限定、現在状態不明,白牡丹酒造/酒まつり限定 純米にごり酒.md,SRC_DF9527103D0A,1
HAKUBOTAN_4016675806,白牡丹酒造,白牡丹,長期低温熟成 大吟醸 FLUSSO,長期低温熟成 大吟醸 FLUSSO,販売中,2026-09-05,大吟醸,40％,,,,,,山田錦 日本酒度 非公表 酸度 非公表 アミノ酸度 非公表 おすすめの飲み方 常 温 冷 酒 公式ネットショップへ 一覧へ戻る 〒739-0011 広島県東広島,,,,,,,,,,,,白牡丹酒造/長期低温熟成 大吟醸 FLUSSO.md,SRC_414FB86A0364,1
FUKUBIJIN_9953F5B0F9,福美人酒造,福美人,上撰 さけパック,上撰 さけパック,販売中,2026-09-05,,70%,15度,-2.0,1.5,1.5,,,,,燗酒,,,,,,,,,福美人酒造/上撰 さけパック.md,SRC_54FAEC4A9C0E,1
FUKUBIJIN_5493044407,福美人酒造,福美人,大吟醸,大吟醸,販売中,2026-09-05,大吟醸,40%,16度,+2.5,1.0,1.0,,"山田錦（兵庫県産１００） 拡大表示 福美人 大吟醸 300ml 【自宅用におすすめ】 販売期間: 価格: 1,020円 (税込) var arrVari = [",,,,,,,,,,,,福美人酒造/大吟醸.md,SRC_A1E12BFACA50,1
FUKUBIJIN_6A17E53D36,福美人酒造,福美人,大吟醸 蔵乃華 （ くらのはな ）,大吟醸 蔵乃華 （ くらのはな ）,販売中,2026-09-05,大吟醸,40%,17度,+2.0,1.7,1.4,,"山田錦（兵庫県産100％） 拡大表示 福美人 大吟醸 蔵乃華 （ くらのはな ） 1,800ml [ 特製桐箱入 ] 【ギフトにおすすめ】 販売期間: 価格:",,,,,,,,,,,,福美人酒造/大吟醸 蔵乃華 （ くらのはな ）.md,SRC_7E6DFBCD66A9,2
FUKUBIJIN_7B72C7BC93,福美人酒造,福美人,大吟醸 西條酒造学校,大吟醸 西條酒造学校,販売中,2026-09-05,大吟醸,40%,16度,+3.0,1.5,1.1,,"山田錦（兵庫県産１００） 拡大表示 福美人 大吟醸 西條酒造学校 720ml [ 豪華化粧箱入 ] 販売期間: 価格: 3,300円 (税込) var arrV",,,,,,,,,,,,福美人酒造/大吟醸 西條酒造学校.md,SRC_B8CE31985A8E,2
FUKUBIJIN_4FA831756B,福美人酒造,福美人,広島の酒,広島の酒,販売中,2026-09-05,,70%,15度,-4.0,1.3,1.3,,,,,燗酒,,,,,,,,,福美人酒造/広島の酒.md,SRC_FEDED7777074,1
FUKUBIJIN_CB5A21F767,福美人酒造,福美人,本醸造 舞,本醸造 舞,販売中,2026-09-05,本醸造,60%,15度,,1.5,1.5,,,,,燗酒,,,,,,,,,福美人酒造/本醸造 舞.md,SRC_CE2A93B4B3F7,1
FUKUBIJIN_745988C067,福美人酒造,福美人,樽酒,樽酒,販売中,2026-09-05,,70%,15度以上16度未満,-2.0,1.5,1.5,,,,,,,,,,,,,,福美人酒造/樽酒.md,SRC_F99A143306EF,3
FUKUBIJIN_94A75627A0,福美人酒造,福美人,特別純米酒「ひめあま」,特別純米酒「ひめあま」,販売中,2026-09-05,特別純米酒,60%,14度,-16.0,1.8,1.1,,"国産米 拡大表示 福美人 特別純米酒「ひめあま」 720ml 【あまくちの純米】 販売期間: 価格: 1,500円 (税込) var arrVari = [];",,,,,,,,,,,,福美人酒造/特別純米酒「ひめあま」.md,SRC_A55184359F53,2
FUKUBIJIN_32510DF796,福美人酒造,福美人,純米吟醸,純米吟醸,販売中,2026-09-05,純米吟醸,60%,15度,+4.0,1.8,1.8,,"国産米 拡大表示 福美人 純米吟醸 720ml 販売期間: 価格: 1,500円 (税込) var arrVari = []; var variationIma",,,燗酒,,,,,,,,,福美人酒造/純米吟醸.md,SRC_C71C5EBF7B57,2
FUKUBIJIN_2FE12A5356,福美人酒造,福美人,純米酒,純米酒,販売中,2026-09-05,純米酒,60%,15度,+3.0,1.5,1.3,,,,,燗酒,,,,,,,,,福美人酒造/純米酒.md,SRC_93F8509C10F9,2
FUKUBIJIN_A48FB46863,福美人酒造,福美人,純金箔入り,純金箔入り,販売中,2026-09-05,,70%,15度,-3.0,1.4,1.3,,,,,,,,,,,,,,福美人酒造/純金箔入り.md,SRC_930E1F36A9C8,1
FUKUBIJIN_FD54F3F3A1,福美人酒造,福美人,蔵内限定 甘い口どけ豊醇原酒,蔵内限定 甘い口どけ豊醇原酒,販売中,2026-09-05,,70%,19度以上20度未満,-5.0,1.6,1.6,,,,,冷酒 / ロック,,,,,,,,,福美人酒造/蔵内限定 甘い口どけ豊醇原酒.md,SRC_887CA8F5C380,1
FUKUBIJIN_BCF5084B16,福美人酒造,福美人,角樽（つのだる）,角樽（つのだる）,販売中,2026-09-05,,70%,15度,-2.0,1.5,1.5,,,,,,,,,,,,,,福美人酒造/角樽（つのだる）.md,SRC_85AD7E4F85C3,1
SAIJOTSURU_57AD735FCB,西條鶴醸造,西條鶴,2025年西條鶴特別純米酒『 アートラベル -渦炎- 』,2025年西條鶴特別純米酒『 アートラベル -渦炎- 』,販売中,2026-09-05,特別純米酒,,,,,,,,,,,,,,,,,,,西條鶴醸造/2025年西條鶴特別純米酒『 アートラベル -渦炎- 』.md,SRC_B721D8DB11B1,1
SAIJOTSURU_503EA784A3,西條鶴醸造,西條鶴,令和7年「新酒･しぼりたて」純米生原酒,令和7年「新酒･しぼりたて」純米生原酒,販売中,2026-09-05,純米酒,,,,,,,,,,,,,,,,,,,西條鶴醸造/令和7年「新酒･しぼりたて」純米生原酒.md,SRC_B4649D4539D3,1
SAIJOTSURU_3735F78B9C,西條鶴醸造,西條鶴,吟醸酒「ゴールド西條鶴」,吟醸酒「ゴールド西條鶴」,販売中,2026-09-05,吟醸酒,,,,,,,,,,,,,,,,,,,西條鶴醸造/吟醸酒「ゴールド西條鶴」.md,SRC_2F1938BF8C9A,1
SAIJOTSURU_F2EE66FE86,西條鶴醸造,西條鶴,広島流辛口吟醸 吟醸生酒,広島流辛口吟醸 吟醸生酒,販売中,2026-09-05,吟醸酒,,,,,,,,,,,,,,,,,,,西條鶴醸造/広島流辛口吟醸 吟醸生酒.md,SRC_589D306109DB,1
SAIJOTSURU_969FF81AB3,西條鶴醸造,西條鶴,愛山純米酒75,愛山純米酒75,不明,2026-09-05,純米酒,,,,,,,,,,,,,,,,,,2022酒まつりで販売確認。現行の愛山70とは別仕様、現在状態不明,西條鶴醸造/愛山純米酒75.md,SRC_0FAFAD1CFF80,1
SAIJOTSURU_5FF291AC5B,西條鶴醸造,西條鶴,斗ビン取り純米大吟醸,斗ビン取り純米大吟醸,不明,2026-09-05,純米大吟醸,,,,,,,,,,,,,,,,,,2022酒まつり限定販売、現在状態不明,西條鶴醸造/斗ビン取り純米大吟醸.md,SRC_0FAFAD1CFF80,1
SAIJOTSURU_283164174A,西條鶴醸造,西條鶴,新・生酛純米原酒「Natural」,新・生酛純米原酒「Natural」,販売中,2026-09-05,純米酒,,,,,,,,,,,,,,,,,,,西條鶴醸造/新・生酛純米原酒「Natural」.md,SRC_AE83B4624D6C,1
SAIJOTSURU_039D0185ED,西條鶴醸造,西條鶴,純米『愛山』70,純米『愛山』70,販売中,2026-09-05,純米酒,,,,,,,,,,,,,,,,,,,西條鶴醸造/純米『愛山』70.md,SRC_3E3900682E29,1
SAIJOTSURU_60C05F1F72,西條鶴醸造,西條鶴,純米にごり酒（微発泡タイプ生酒）,純米にごり酒（微発泡タイプ生酒）,販売中,2026-09-05,純米酒,,,,,,,,,,,,,,,,,,,西條鶴醸造/純米にごり酒（微発泡タイプ生酒）.md,SRC_B7266AB9AAA4,1
SAIJOTSURU_3569EB6221,西條鶴醸造,西條鶴,純米吟醸「大地の冠」,純米吟醸「大地の冠」,販売中,2026-09-05,純米吟醸,,,,,,,,,,,,,,,,,,,西條鶴醸造/純米吟醸「大地の冠」.md,SRC_D27D3F1E92F9,2
SAIJOTSURU_FB6D8D70E6,西條鶴醸造,西條鶴,純米吟醸「雄町・秋あがり」,純米吟醸「雄町・秋あがり」,販売中,2026-09-05,純米吟醸,,,,,,,,,,,,,,,,,,,西條鶴醸造/純米吟醸「雄町・秋あがり」.md,SRC_5845083B9EDC,1
SAIJOTSURU_BD943F128B,西條鶴醸造,西條鶴,純米大吟醸「西鶴」,純米大吟醸「西鶴」,販売中,2026-09-05,純米大吟醸,,,,,,,,,,,,,,,,,,,西條鶴醸造/純米大吟醸「西鶴」.md,SRC_B94E95E50E49,1
SAIJOTSURU_204F8CB4E5,西條鶴醸造,西條鶴,純米大吟醸原酒「神髄」,純米大吟醸原酒「神髄」,販売中,2026-09-05,純米大吟醸,,,,,,,,,,,,,,,,,,,西條鶴醸造/純米大吟醸原酒「神髄」.md,SRC_8B60D7D1B1E1,4
SAIJOTSURU_769548B5D6,西條鶴醸造,西條鶴,純米大吟醸原酒「飛天空」,純米大吟醸原酒「飛天空」,販売中,2026-09-05,純米大吟醸,,,,,,,,,,,,,,,,,,,西條鶴醸造/純米大吟醸原酒「飛天空」.md,SRC_E0100E768DFE,1
SAIJOTSURU_7F99D61934,西條鶴醸造,西條鶴,純米生原酒,純米生原酒,販売中,2026-09-05,純米酒,,,,,,,,,,,,,,,,,,,西條鶴醸造/純米生原酒.md,SRC_B5FD52D718C7,1
SAIJOTSURU_71F3FA097A,西條鶴醸造,西條鶴,純米酒「大地の風」,純米酒「大地の風」,販売中,2026-09-05,純米酒,,,,,,,,,,,,,,,,,,,西條鶴醸造/純米酒「大地の風」.md,SRC_A56A19736A70,2
SAIJOTSURU_F4D1C4496E,西條鶴醸造,西條鶴,辛口純米酒『きんさいや』,辛口純米酒『きんさいや』,販売中,2026-09-05,純米酒,,,,,,,,,,,,,,,,,,,西條鶴醸造/辛口純米酒『きんさいや』.md,SRC_642ED1A9FF29,1
SAIJOTSURU_A365C00D07,西條鶴醸造,西條鶴,酒蔵限定酒・杜氏入魂無濾過純米生酒,酒蔵限定酒・杜氏入魂無濾過純米生酒,販売中,2026-09-05,純米酒,,,,,,,,,,,,,,,,,,,西條鶴醸造/酒蔵限定酒・杜氏入魂無濾過純米生酒.md,SRC_CC4A68535F6C,1
SAIJOTSURU_B89039835B,西條鶴醸造,西條鶴,酒蔵限定酒・無濾過純米吟醸生酒,酒蔵限定酒・無濾過純米吟醸生酒,販売中,2026-09-05,純米吟醸,,,,,,,,,,,,,,,,,,,西條鶴醸造/酒蔵限定酒・無濾過純米吟醸生酒.md,SRC_5A53E748B237,1
SAIJOTSURU_46D7E02E24,西條鶴醸造,西條鶴,酒蔵限定酒・無濾過純米生酒,酒蔵限定酒・無濾過純米生酒,販売中,2026-09-05,純米酒,,,,,,,,,,,,,,,,,,,西條鶴醸造/酒蔵限定酒・無濾過純米生酒.md,SRC_98EA5516F00D,1
SAIJOTSURU_44659D7239,西條鶴醸造,西條鶴,酒蔵限定酒・純米吟醸「備前雄町」,酒蔵限定酒・純米吟醸「備前雄町」,販売中,2026-09-05,純米吟醸,,,,,,,,,,,,,,,,,,,西條鶴醸造/酒蔵限定酒・純米吟醸「備前雄町」.md,SRC_7DAC135590AD,1
SAIJOTSURU_E06CDCDD40,西條鶴醸造,西條鶴,酒蔵限定酒・純米大吟醸原酒,酒蔵限定酒・純米大吟醸原酒,販売中,2026-09-05,純米大吟醸,,,,,,,,,,,,,,,,,,,西條鶴醸造/酒蔵限定酒・純米大吟醸原酒.md,SRC_9D48A08D632C,1
SAIJOTSURU_5064BB8426,西條鶴醸造,西條鶴,鑑評会出品酒,鑑評会出品酒,不明,2026-09-05,,,,,,,,,,,,,,,,,,,2025酒まつり限定販売、現在状態不明,西條鶴醸造/鑑評会出品酒.md,SRC_E2B5BBBAE736,1
KAMOIZUMI_ED51C78939,賀茂泉酒造,賀茂泉,COKUN,COKUN,販売中,2026-09-05,,,8度,,,,,,,,ロック,,,,,,,,,賀茂泉酒造/COKUN.md,SRC_3A8C8CFC925A,1
KAMOIZUMI_85C9C37E02,賀茂泉酒造,賀茂泉,COKUN+(こくんぷらす）,COKUN+(こくんぷらす）,販売中,2026-09-05,,,,,,,,,,,冷酒 / 常温 / 燗酒,,,,,,,,公式オンラインショップで販売確認,賀茂泉酒造/COKUN+(こくんぷらす）.md,SRC_6FEF429B1509,1
KAMOIZUMI_3B586EE69F,賀茂泉酒造,賀茂泉,COKUN（こくん）,COKUN（こくん）,販売中,2026-09-05,,,8度,,,,,,,,冷酒 / 常温 / 燗酒,,,,,,,,公式オンラインショップで販売確認,賀茂泉酒造/COKUN（こくん）.md,SRC_A05FC95BB87C,1
KAMOIZUMI_B4EDA73F5C,賀茂泉酒造,賀茂泉,COKUN＋(プラス),COKUN＋(プラス),販売中,2026-09-05,,,7度,,,,,,,,ロック,,,,,,,,,賀茂泉酒造/COKUN＋(プラス).md,SRC_3A8C8CFC925A,1
KAMOIZUMI_7434C6A0CC,賀茂泉酒造,賀茂泉,NAO,NAO,販売中,2026-09-05,,,8度,,,,,は国産米100% 購入数 本 カートに入れる 返品について | 特定商取引法に基づく表記 おすすめ商品 Rock Hopper Moon Walk 720ml,,,冷酒 / 燗酒,,,,,,,,公式オンラインショップで販売確認,賀茂泉酒造/NAO.md,SRC_1A06C011D8D8,1
KAMOIZUMI_4C3173A27F,賀茂泉酒造,賀茂泉,Rock Hopper Moon Walk,Rock Hopper Moon Walk,販売中,2026-09-05,,,,,,,,,,,,,,,,,,,公式オンラインショップで販売確認,賀茂泉酒造/Rock Hopper Moon Walk.md,SRC_803F7F4573EC,2
KAMOIZUMI_90AFE814FB,賀茂泉酒造,賀茂泉,山吹色の酒,山吹色の酒,販売中,2026-09-05,,60%,15度,,,,,広島八反・新千本(国産米100%) 精米歩合：60% アルコール度数：15度 オンラインショップ 「緑泉本仕込」純米吟醸米と水の旨味を100％活かしたいという想,,,常温 / ぬる燗 / ロック,,,,,,,,公式オンラインショップで販売確認,賀茂泉酒造/山吹色の酒.md,SRC_3A8C8CFC925A,3
KAMOIZUMI_88BCC7486D,賀茂泉酒造,賀茂泉,延寿,延寿,販売中,2026-09-05,,50%,16度,,1.7,,,広島県産山田錦100% 精米歩合：50%アルコール度数：16度 オンラインショップ 純米吟醸酒「朱泉本仕込」純米吟醸賀茂泉を代表するお酒が朱泉本仕込です,,,常温 / ぬる燗 / ロック,,,,,,,,公式オンラインショップで販売確認,賀茂泉酒造/延寿.md,SRC_3A8C8CFC925A,4
KAMOIZUMI_743A817E48,賀茂泉酒造,賀茂泉,朱泉普通酒,朱泉普通酒,販売中,2026-09-05,,75%,15.0〜15.9度,+1.5,1.4,,,広島八反・酒造用米(国産米100%) alc度数：15度 辛口 精米歩合：75% アルコール度数：15.0〜15.9度 日本酒度：+1.5 酸度：1.4 使用酵,,,冷酒 / ぬる燗 / 熱燗 / 燗酒,,,,,,,,公式オンラインショップで販売確認,賀茂泉酒造/朱泉普通酒.md,SRC_EC5622197A3A,1
KAMOIZUMI_330C5642F9,賀茂泉酒造,賀茂泉,朱泉普通酒紙パック,朱泉普通酒紙パック,販売中,2026-09-05,,75%,15.0〜15.9度,+1.5,1.4,,,広島八反・酒造用米(国産米100%) 精米歩合：75% アルコール度数：15.0〜15.9度 日本酒度：+1.5 酸度：1.4 使用酵母：協会701号 やや辛口,,,冷酒 / ぬる燗 / 熱燗 / 燗酒,,,,,,,,公式オンラインショップで販売確認,賀茂泉酒造/朱泉普通酒紙パック.md,SRC_DA782BCE3AFA,1
KAMOIZUMI_FCBD580281,賀茂泉酒造,賀茂泉,朱泉本仕込,朱泉本仕込,販売中,2026-09-05,,60%,16度,+1.0,1.6,,,広島八反・中生新千本(国産米100%) 精米歩合：60% アルコール度数：16度 オンラインショップ 「山吹色の酒」純米吟醸弊社が自信をもって醸造している純米吟,,,常温 / ぬる燗 / ロック,,,,,,,,公式オンラインショップで販売確認,賀茂泉酒造/朱泉本仕込.md,SRC_3A8C8CFC925A,5
KAMOIZUMI_70DE037654,賀茂泉酒造,賀茂泉,朱泉菰樽,朱泉菰樽,販売中,2026-09-05,,,15度,,,,,は国産米100%) アルコール度数：15度 容量：1.8L やや辛口 購入数 本 カートに入れる 返品について | 特定商取引法に基づく表記 おすすめ商品 Ro,,,冷酒 / 燗酒,,,,,,,,公式オンラインショップで販売確認,賀茂泉酒造/朱泉菰樽.md,SRC_51E3860D690C,1
KAMOIZUMI_871319B20A,賀茂泉酒造,賀茂泉,次郎丸井水,次郎丸井水,販売中,2026-09-05,,,,,,,,,,,冷酒 / 熱燗 / 燗酒,,,,,,,,公式オンラインショップで販売確認,賀茂泉酒造/次郎丸井水.md,SRC_CD70C569024A,2
KAMOIZUMI_5FE7A68CA3,賀茂泉酒造,賀茂泉,皇寿,皇寿,販売中,2026-09-05,,40%,16度,+1.0,1.2,,,山田錦100%(広島県東広島市造賀地区産米100%)精米歩合：40% アルコ―ル度数：16度 オンラインショップ 「延寿」純米大吟醸清らかな酒都・西条の伏流水と,,,常温 / ぬる燗 / ロック,,,,,,,,公式オンラインショップで販売確認,賀茂泉酒造/皇寿.md,SRC_3A8C8CFC925A,4
KAMOIZUMI_89E59DCC50,賀茂泉酒造,賀茂泉,純米及川,純米及川,販売中,2026-09-05,純米酒,,15度,,,,,は国産米100% 1.8Lサイズはこちら 購入数 本 カートに入れる 返品について | 特定商取引法に基づく表記 おすすめ商品 Rock Hopper Moon,,,冷酒 / 冷やして / 常温 / 燗酒,,,,,,,,公式オンラインショップで販売確認,賀茂泉酒造/純米及川.md,SRC_46E8E64AF49F,2
KAMOIZUMI_084554EC67,賀茂泉酒造,賀茂泉,純米吟醸「古酒」,純米吟醸「古酒」,販売中,2026-09-05,純米吟醸,,16度,+1.5,1.8,,,広島八反・新千本(国産米100%) 製米歩合：60% アルコール度数：16度 日本酒度：+1.5 酸度：1.8 容量：720ml 購入数 本 カートに入れる 返,,,冷酒 / 常温 / ぬる燗 / 燗酒,,,,,,,,公式オンラインショップで販売確認,賀茂泉酒造/純米吟醸「古酒」.md,SRC_F28174227DA4,1
KAMOIZUMI_AAD4F4560E,賀茂泉酒造,賀茂泉,純米吟醸生原酒 ROCK HOPPER,純米吟醸生原酒 ROCK HOPPER,販売中,2026-09-05,純米吟醸,70%,15度,,,,,山田錦100％(東広島市造賀地区産米100％) 精米歩合：70% アルコール度数：15度 オンラインショップ 「造賀純米酒 ひやおろし」純米酒外気と蔵内の気温が,,,ロック,,,,,,,,2026-08-07時点で720ml完売。終売とは確認できない,賀茂泉酒造/純米吟醸生原酒 ROCK HOPPER.md,SRC_3A8C8CFC925A,2
KAMOIZUMI_FC8B13B694,賀茂泉酒造,賀茂泉,純米吟醸生原酒 RockHopper,純米吟醸生原酒 RockHopper,販売中,2026-09-05,純米吟醸,,,,,,,,,,,,,,,,,,公式オンラインショップで販売確認,賀茂泉酒造/純米吟醸生原酒 RockHopper.md,SRC_7CEFB28E90D7,2
KAMOIZUMI_E9117D7F46,賀茂泉酒造,賀茂泉,純米大吟醸,純米大吟醸,販売中,2026-09-05,純米大吟醸,50%,16度,,1.7,,,広島県産山田錦100% 精米歩合：50% アルコール度数：16度 日本酒度：±0.0 酸度：1.7 使用酵母：KA-1 容量：500ml やや辛口 アメリカへも,,,冷酒 / 冷やして / 燗酒,,,,,,,,公式オンラインショップで販売確認,賀茂泉酒造/純米大吟醸.md,SRC_472ED573AC0D,1
KAMOIZUMI_CAC5A2DEA3,賀茂泉酒造,賀茂泉,純米大吟醸｢広大｣,純米大吟醸｢広大｣,販売中,2026-09-05,純米大吟醸,50%,16度,+3.0,1.5,,,広島県産山田錦100% 精米歩合：50% アルコール度数：16度 日本酒度：+3.0 酸度：1.5 使用酵母：KA-1 容量：720ml 辛口 購入数 本 カー,,,冷酒 / 燗酒,,,,,,,,公式オンラインショップで販売確認,賀茂泉酒造/純米大吟醸｢広大｣.md,SRC_159D0406AB68,1
KAMOIZUMI_86FCF503C2,賀茂泉酒造,賀茂泉,純米酒 一 (はじめ),純米酒 一 (はじめ),販売中,2026-09-05,純米酒,75%,15度,,,,,酒造用米（国産米100%） 精米歩合：75% 甘辛度：やや辛口 アルコール度数：15度 2015年スローフードジャパン燗酒コントスト金賞受賞酒 2018年全国燗,,,冷酒 / ぬる燗 / 燗酒,,,,,,,,公式オンラインショップで販売確認,賀茂泉酒造/純米酒 一 (はじめ).md,SRC_A9CE80F6DE72,3
KAMOIZUMI_EFF3448FBA,賀茂泉酒造,賀茂泉,純米酒｢広大｣,純米酒｢広大｣,販売中,2026-09-05,純米酒,,,,,,,,,,,,,,,,,,公式オンラインショップで販売確認,賀茂泉酒造/純米酒｢広大｣.md,SRC_E51A86058DDC,1
KAMOIZUMI_9090B7DB12,賀茂泉酒造,賀茂泉,緑泉普通酒,緑泉普通酒,販売中,2026-09-05,,75%,15.0〜15.9度,+0.5,1.4,,,広島八反・酒造用米(国産米100%) 精米歩合：75% アルコール度数：15.0〜15.9度 日本酒度：+0.5 酸度：1.4 使用酵母：協会701号 やや辛口,,,冷酒 / 熱燗 / 燗酒,,,,,,,,公式オンラインショップで販売確認,賀茂泉酒造/緑泉普通酒.md,SRC_C2825D54C31E,1
KAMOIZUMI_AE0C0C96D4,賀茂泉酒造,賀茂泉,緑泉普通酒紙パック,緑泉普通酒紙パック,販売中,2026-09-05,,75%,15.0〜15.9度,+0.5,1.4,,,広島八反・酒造用米(国産米100%) 精米歩合：75% アルコール度数：15.0〜15.9度 日本酒度：+0.5 酸度：1.4 使用酵母：協会701号 やや辛口,,,冷酒 / 熱燗 / 燗酒,,,,,,,,公式オンラインショップで販売確認,賀茂泉酒造/緑泉普通酒紙パック.md,SRC_40D71766CEB8,1
KAMOIZUMI_0D936BFEFA,賀茂泉酒造,賀茂泉,緑泉本仕込,緑泉本仕込,販売中,2026-09-05,,60%,15～15.9度,,,,,広島八反・新千本(国産米100%) 精米歩合：60% アルコール度数：15～15.9度 オンラインショップ 「青泉純米吟醸生酒」純米吟醸冬場に仕込み、春先に搾り,,,ロック,,,,,,,,公式オンラインショップで販売確認,賀茂泉酒造/緑泉本仕込.md,SRC_3A8C8CFC925A,4
KAMOIZUMI_8E355A7B5F,賀茂泉酒造,賀茂泉,蔵元限定 山田錦 純米吟醸生酒,蔵元限定 山田錦 純米吟醸生酒,販売中,2026-09-05,純米吟醸,,,,,,,,,,ロック,,,,,,,,2026-08-07公式直売所で販売中,賀茂泉酒造/蔵元限定 山田錦 純米吟醸生酒.md,SRC_EBE5F6E2C276,1
KAMOIZUMI_D5971421CD,賀茂泉酒造,賀茂泉,造賀,造賀,販売中,2026-09-05,,40%,16度,,,,,山田錦100%(広島県東広島市造賀地区産米100%)精米歩合：40% アルコ―ル度数：16度 オンラインショップ 「延寿」純米大吟醸清らかな酒都・西条の伏流水と,,,常温 / ぬる燗 / ロック,,,,,,,,,賀茂泉酒造/造賀.md,SRC_3A8C8CFC925A,1
KAMOIZUMI_88E08EBD11,賀茂泉酒造,賀茂泉,造賀純米生酒,造賀純米生酒,販売中,2026-09-05,純米酒,70%,15度,,,,,山田錦100% 産地：広島県東広島市造賀地区精米歩合：70% アルコール度数：15度 オンラインショップ 「一」純米酒 ‘はじめ’ふくらみのある柔らかな米の旨み,,,ロック,,,,,,,,,賀茂泉酒造/造賀純米生酒.md,SRC_3A8C8CFC925A,1
KAMOIZUMI_A5CB940EA6,賀茂泉酒造,賀茂泉,造賀純米酒,造賀純米酒,販売中,2026-09-05,純米酒,,,,,,,,,,,,,,,,,,公式オンラインショップで販売確認,賀茂泉酒造/造賀純米酒.md,SRC_C90C3B0ACF80,2
KAMOIZUMI_32226EC2AB,賀茂泉酒造,賀茂泉,造賀純米酒 ひやおろし,造賀純米酒 ひやおろし,販売中,2026-09-05,純米酒,70%,15度,,,,,東広島造賀地区産山田錦100% 精米歩合：70% アルコール度数：15度 オンラインショップ 「造賀純米生酒」純米酒東広島市造賀地区で収穫された「山田錦」を10,,,ロック,,,,,,,,,賀茂泉酒造/造賀純米酒 ひやおろし.md,SRC_3A8C8CFC925A,1
KAMOIZUMI_0FE3136C06,賀茂泉酒造,賀茂泉,青泉 本仕込 生酒,青泉 本仕込 生酒,販売中,2026-09-05,,,,,,,,,,,ロック,,,,,,,,公式オンラインショップで販売確認 / 2026-08-07公式直売所で販売案内,賀茂泉酒造/青泉 本仕込 生酒.md,SRC_E13243429E6C,3
KAMOIZUMI_9B68D9B0A2,賀茂泉酒造,賀茂泉,青泉純米吟醸生酒,青泉純米吟醸生酒,販売中,2026-09-05,純米吟醸,60%,15度,,,,,山田錦100％(東広島市造賀地区産米100％) 精米歩合：70% アルコール度数：15度 オンラインショップ 「造賀純米酒 ひやおろし」純米酒外気と蔵内の気温が,,,ロック,,,,,,,,,賀茂泉酒造/青泉純米吟醸生酒.md,SRC_3A8C8CFC925A,1
KAMOTSURU_78416FCA3D,賀茂鶴酒造,賀茂鶴,上撰パック,上撰パック,販売中,2026-09-05,,,,,,,,,,,冷酒 / ぬる燗 / 熱燗 / 燗酒,,,,,,,,,賀茂鶴酒造/上撰パック.md,SRC_4E7D02C65C20,1
KAMOTSURU_3EB833A50A,賀茂鶴酒造,賀茂鶴,吟醸辛口,吟醸辛口,販売中,2026-09-05,吟醸酒,,,,,,,,,,冷酒 / 燗酒,,,,,,,,,賀茂鶴酒造/吟醸辛口.md,SRC_47CB5BDBE43B,2
KAMOTSURU_E8F16C35B4,賀茂鶴酒造,賀茂鶴,大吟醸 特製ゴールド賀茂鶴,大吟醸 特製ゴールド賀茂鶴,販売中,2026-09-05,大吟醸,,,,,,,,,,冷酒 / 燗酒,,,,,,,,,賀茂鶴酒造/大吟醸 特製ゴールド賀茂鶴.md,SRC_2E9708B9ED68,6
KAMOTSURU_EE2FDF6221,賀茂鶴酒造,賀茂鶴,大吟醸 賀茂鶴 双鶴,大吟醸 賀茂鶴 双鶴,販売中,2026-09-05,大吟醸,32％,,,,,,,,,冷酒 / 燗酒,,,,,,,,,賀茂鶴酒造/大吟醸 賀茂鶴 双鶴.md,SRC_5893C3E1510D,3
KAMOTSURU_3449F74263,賀茂鶴酒造,賀茂鶴,安芸の宮島,安芸の宮島,不明,2026-09-05,,66%,15～16度,+1.5,,,,,,,上燗 / 人肌燗 / 常温 / 冷,,,,,,,,2012年限定セット『瀬戸内紀行』構成酒。現在の販売状態は確認できず,賀茂鶴酒造/安芸の宮島.md,SRC_D8208D07C774,1
KAMOTSURU_7EDC7E37A0,賀茂鶴酒造,賀茂鶴,本醸造 からくち,本醸造 からくち,販売中,2026-09-05,本醸造,,,,,,,,,,冷酒 / 燗酒,,,,,,,,,賀茂鶴酒造/本醸造 からくち.md,SRC_8AE3DE533E18,2
KAMOTSURU_9A6C3B2EAD,賀茂鶴酒造,賀茂鶴,本醸造 上等酒,本醸造 上等酒,販売中,2026-09-05,本醸造,,,,,,,,,,冷酒 / ぬる燗 / 熱燗 / 燗酒,,,,,,,,,賀茂鶴酒造/本醸造 上等酒.md,SRC_07FA1D26F349,2
KAMOTSURU_96CB96F146,賀茂鶴酒造,賀茂鶴,本醸造 上等酒 カップ,本醸造 上等酒 カップ,販売中,2026-09-05,本醸造,,,,,,,,,,冷酒 / ぬる燗 / 熱燗 / 燗酒,,,,,,,,,賀茂鶴酒造/本醸造 上等酒 カップ.md,SRC_A6B855393FDE,1
KAMOTSURU_745988C067,賀茂鶴酒造,賀茂鶴,樽酒,樽酒,販売中,2026-09-05,,,,,,,,,,,冷酒 / ぬる燗 / 燗酒,,,,,,,,,賀茂鶴酒造/樽酒.md,SRC_5986B26DEE3F,1
KAMOTSURU_25D0632A34,賀茂鶴酒造,賀茂鶴,熟成大吟醸（2020酒まつり）,熟成大吟醸（2020酒まつり）,不明,2026-09-05,大吟醸,50％,,,,,,"/ 広系酒33号 100％使用 精米歩合 / 38％ 販売価格: 4,000 円 (税込) 購入する 爽やかな香り、すっきりとした味わい 酒まつり限定 のん太ラ",,,,,,,,,,,2020年本数限定・シリアルナンバー入。現在状態不明,賀茂鶴酒造/熟成大吟醸（2020酒まつり）.md,SRC_6E9B2DCDCB98,1
KAMOTSURU_56DCD9DE4F,賀茂鶴酒造,賀茂鶴,特別本醸造 超特撰特等酒,特別本醸造 超特撰特等酒,販売中,2026-09-05,特別本醸造,,,,,,,,,,冷酒 / ぬる燗 / 燗酒,,,,,,,,,賀茂鶴酒造/特別本醸造 超特撰特等酒.md,SRC_8543A9106B8A,2
KAMOTSURU_8EB3302FB2,賀茂鶴酒造,賀茂鶴,瑞兆（2010年限定・精米歩合20%）,瑞兆（2010年限定・精米歩合20%）,終売,2026-09-05,,20％,,,,,,／山田錦 100％ ・アルコール分／16度以上17度未満 ・精米歩合／20％ ・容量／720ｍｌ 価格：￥１０，５００（税込）参考小売価格 ネット販売はこちら…,,,燗酒,,,,,,,,2010年限定1000本、なくなり次第終売と公式告知,賀茂鶴酒造/瑞兆（2010年限定・精米歩合20%）.md,SRC_647397C6CC9B,1
KAMOTSURU_B1DBBE0B56,賀茂鶴酒造,賀茂鶴,生貯蔵酒 冷温「蔵生」囲い,生貯蔵酒 冷温「蔵生」囲い,販売中,2026-09-05,,,,,,,,を吟味し、丹念に磨き、じっくりと醸しました,,,冷酒 / 燗酒,,,,,,,,,賀茂鶴酒造/生貯蔵酒 冷温「蔵生」囲い.md,SRC_DFAF17C6E04F,1
KAMOTSURU_80128AA144,賀茂鶴酒造,賀茂鶴,白壁の郷,白壁の郷,販売中,2026-09-05,,,,,,,,,,,冷酒 / 熱燗 / 燗酒,,,,,,,,,賀茂鶴酒造/白壁の郷.md,SRC_A52E29BA522D,1
KAMOTSURU_32510DF796,賀茂鶴酒造,賀茂鶴,純米吟醸,純米吟醸,販売中,2026-09-05,純米吟醸,,,,,,,,,,冷酒 / ぬる燗 / 燗酒,,,,,,,,,賀茂鶴酒造/純米吟醸.md,SRC_8730D2E93590,1
KAMOTSURU_DC49602508,賀茂鶴酒造,賀茂鶴,純米吟醸 厳島,純米吟醸 厳島,不明,2026-09-05,純米吟醸,55%,16～17度,+4,,,,八反100%,,,人肌燗 / 常温 / 冷 / ロック,,,,,,,,2012年限定セット『瀬戸内紀行』構成酒。現在の販売状態は確認できず,賀茂鶴酒造/純米吟醸 厳島.md,SRC_D8208D07C774,1
KAMOTSURU_404EAA2453,賀茂鶴酒造,賀茂鶴,純米吟醸 熟成酒,純米吟醸 熟成酒,終売,2026-09-05,純米吟醸,,,,,,,,,,冷酒 / 燗酒,,,,,,,,公式オンラインストアに『終売しました』と明記,賀茂鶴酒造/純米吟醸 熟成酒.md,SRC_7ADC857E3D42,1
KAMOTSURU_6A8A81B1BF,賀茂鶴酒造,賀茂鶴,純米吟醸酒,純米吟醸酒,終売,2026-09-05,純米吟醸,,,,,,,,,,ぬる燗 / 燗酒,,,,,,,,2016年3月、後継GP-A1発売をもって販売終了,賀茂鶴酒造/純米吟醸酒.md,SRC_2EF446EEEA22,1
KAMOTSURU_D7A3EE83C3,賀茂鶴酒造,賀茂鶴,純米大吟醸 大吟峰,純米大吟醸 大吟峰,販売中,2026-09-05,純米大吟醸,50％,15度以上16度未満,,,,,山田錦 100% 酒米の王様「山田錦」 「山田錦」は、数ある酒造好適米の中でも、その品質、知名度、作付面積でトップを誇る品種で、「酒造好適米(酒米)の王様」とも,,,冷酒 / 燗酒,,,,,,,,,賀茂鶴酒造/純米大吟醸 大吟峰.md,SRC_5BA22AF1FC79,3
KAMOTSURU_3C35E7FB49,賀茂鶴酒造,賀茂鶴,純米大吟醸 広島錦,純米大吟醸 広島錦,販売中,2026-09-05,純米大吟醸,,,,,,,,,,冷酒 / 燗酒,,,,,,,,,賀茂鶴酒造/純米大吟醸 広島錦.md,SRC_A78F6DD0F81B,2
KAMOTSURU_2FE12A5356,賀茂鶴酒造,賀茂鶴,純米酒,純米酒,販売中,2026-09-05,純米酒,,,,,,,のもつ旨味と純米特有の酸味とがほどよくマッチした爽やかな辛口純米酒,,,冷酒 / 冷やして / 燗酒,,,,,,,,,賀茂鶴酒造/純米酒.md,SRC_D9E56B080E0D,2
KAMOTSURU_150E054D84,賀茂鶴酒造,賀茂鶴,純米酒 カップ,純米酒 カップ,販売中,2026-09-05,純米酒,,,,,,,のもつ旨味と純米特有の酸味とがほどよくマッチした爽やかな辛口純米酒,,,冷酒 / 冷やして / 燗酒,,,,,,,,,賀茂鶴酒造/純米酒 カップ.md,SRC_12694927B814,1
KAMOTSURU_A5543B5ED1,賀茂鶴酒造,賀茂鶴,見学室直売所 一周年記念酒 雄町,見学室直売所 一周年記念酒 雄町,不明,2026-09-05,,50％,,,,,,"/ 広系酒33号 100％使用 精米歩合 / 38％ 販売価格: 4,000 円 (税込) 購入する 爽やかな香り、すっきりとした味わい 酒まつり限定 のん太ラ",,,,,,,,,,,2020年限定・シリアルナンバー入。現在状態不明,賀茂鶴酒造/見学室直売所 一周年記念酒 雄町.md,SRC_6E9B2DCDCB98,1
KAMOTSURU_04B1ED5BF5,賀茂鶴酒造,賀茂鶴,酒まつり2020 大吟醸 のん太ラベル,酒まつり2020 大吟醸 のん太ラベル,不明,2026-09-05,大吟醸,50％,,,,,,"/ 広系酒33号 100％使用 精米歩合 / 38％ 販売価格: 4,000 円 (税込) 購入する 爽やかな香り、すっきりとした味わい 酒まつり限定 のん太ラ",,,,,,,,,,,2020年10月限定販売。現在状態不明,賀茂鶴酒造/酒まつり2020 大吟醸 のん太ラベル.md,SRC_6E9B2DCDCB98,1
KAMOTSURU_EFAF69EAD1,賀茂鶴酒造,賀茂鶴,酒まつり2020 純米大吟醸 広系酒33号,酒まつり2020 純米大吟醸 広系酒33号,不明,2026-09-05,純米大吟醸,50％,,,,,,"/ 広系酒33号 100％使用 精米歩合 / 38％ 販売価格: 4,000 円 (税込) 購入する 爽やかな香り、すっきりとした味わい 酒まつり限定 のん太ラ",,,,,,,,,,,2020年10月限定販売。現在状態不明,賀茂鶴酒造/酒まつり2020 純米大吟醸 広系酒33号.md,SRC_6E9B2DCDCB98,1
KAMOTSURU_639126E96D,賀茂鶴酒造,賀茂鶴,酒まつり限定 純米大吟醸 山田錦,酒まつり限定 純米大吟醸 山田錦,不明,2026-09-05,純米大吟醸,,,,,,,,,,燗酒,,,,,,,,2018酒まつり限定。現在状態不明,賀茂鶴酒造/酒まつり限定 純米大吟醸 山田錦.md,SRC_3502C0DCA133,1
KAMOTSURU_62D0D76273,賀茂鶴酒造,賀茂鶴,酒中在心 橙 純米吟醸 生もと 八反35号,酒中在心 橙 純米吟醸 生もと 八反35号,販売中,2026-09-05,純米吟醸,60％,16度以上17度未満,,,,,は酒造好適米「八反35号」,,,冷酒 / 常温 / ぬる燗 / 燗酒,,,,,,,,,賀茂鶴酒造/酒中在心 橙 純米吟醸 生もと 八反35号.md,SRC_7291409D4CB1,1
KAMOTSURU_584363D4C8,賀茂鶴酒造,賀茂鶴,酒中在心 茜 純米酒 広島錦,酒中在心 茜 純米酒 広島錦,販売中,2026-09-05,純米酒,65％,15度以上16度未満,,,,,広島錦100% ・精米歩合：65％ 賀茂鶴の酒造り 「賀茂鶴が追及する “アマ・カラ・ピン・ウマ”」 賀茂鶴酒造の蔵には1枚の文章が入った額が掲げられています,,,冷酒 / 常温 / ぬる燗 / 燗酒,,,,,,,,,賀茂鶴酒造/酒中在心 茜 純米酒 広島錦.md,SRC_AFC4F8457D36,1
KAMOTSURU_83FD2B1F98,賀茂鶴酒造,賀茂鶴,酒中在心 藍 特別純米酒 生もと 雄町,酒中在心 藍 特別純米酒 生もと 雄町,販売中,2026-09-05,特別純米酒,60％,16度以上17度未満,,,,,には、芳醇でコクのある味わいで知られる酒米「雄町」を使用,,,冷酒 / 常温 / ぬる燗 / 燗酒,,,,,,,,,賀茂鶴酒造/酒中在心 藍 特別純米酒 生もと 雄町.md,SRC_98BB5019BE35,1
KAMOTSURU_176CD7625B,賀茂鶴酒造,賀茂鶴,金紋,金紋,販売中,2026-09-05,,,,,,,,を吟味し、丹念に磨き、じっくりと伏流井水で仕込みました,,,冷酒 / 燗酒,,,,,,,,,賀茂鶴酒造/金紋.md,SRC_CDF65B704B91,1
KAMOTSURU_F4123635C6,賀茂鶴酒造,賀茂鶴,鞆の浦,鞆の浦,不明,2026-09-05,普通酒（生貯蔵酒）,69%,14～15度,+3,,,,,,,常温 / 冷,,,,,,,,2012年限定セット『瀬戸内紀行』構成酒。現在の販売状態は確認できず,賀茂鶴酒造/鞆の浦.md,SRC_D8208D07C774,1
KANEMITSU_9502CF3E4A,金光酒造,賀茂金秀 / 桜吹雪,桜吹雪 特別純米うすにごり生,桜吹雪 特別純米うすにごり生,不明,2026-09-05,特別純米酒,,,,,,,,,,,,,,,,,,公式限定ラインナップ掲載。現在の在庫・販売時期は断定せず,金光酒造/桜吹雪 特別純米うすにごり生.md,SRC_652DCA8542FA,1
KANEMITSU_F8DFD9F785,金光酒造,賀茂金秀 / 桜吹雪,賀茂金秀 SUITOH 雄町,賀茂金秀 SUITOH 雄町,不明,2026-09-05,,,,,,,,,,,,,,,,,,,公式限定ラインナップ掲載。現在の在庫・販売時期は断定せず / 二次DBでも存在確認,金光酒造/賀茂金秀 SUITOH 雄町.md,SRC_652DCA8542FA,2
KANEMITSU_AA707517AA,金光酒造,賀茂金秀 / 桜吹雪,賀茂金秀 特別純米,賀茂金秀 特別純米,販売中,2026-09-05,特別純米酒,,,,,,,,,,,,,,,,,,公式定番ラインナップ掲載 / 二次DBでも存在確認,金光酒造/賀茂金秀 特別純米.md,SRC_F202A9D80AEE,2
KANEMITSU_1DB4E750AD,金光酒造,賀茂金秀 / 桜吹雪,賀茂金秀 特別純米13,賀茂金秀 特別純米13,販売中,2026-09-05,特別純米酒,,,,,,,,,,,,,,,,,,日本酒造組合中央会系JSP蔵元ページの代表商品,金光酒造/賀茂金秀 特別純米13.md,SRC_6A8001DA4DAB,1
KANEMITSU_D9A9F06E15,金光酒造,賀茂金秀 / 桜吹雪,賀茂金秀 特別純米秋上がり,賀茂金秀 特別純米秋上がり,不明,2026-09-05,特別純米酒,,,,,,,,,,,,,,,,,,公式限定ラインナップ掲載。現在の在庫・販売時期は断定せず,金光酒造/賀茂金秀 特別純米秋上がり.md,SRC_652DCA8542FA,1
KANEMITSU_D2AEAD8053,金光酒造,賀茂金秀 / 桜吹雪,賀茂金秀 純米お燗,賀茂金秀 純米お燗,不明,2026-09-05,純米酒,,,,,,,,,,,,,,,,,,公式限定ラインナップ掲載。現在の在庫・販売時期は断定せず,金光酒造/賀茂金秀 純米お燗.md,SRC_652DCA8542FA,1
KANEMITSU_954B2AF7D5,金光酒造,賀茂金秀 / 桜吹雪,賀茂金秀 純米しぼりたて生,賀茂金秀 純米しぼりたて生,不明,2026-09-05,純米酒,,,,,,,,,,,,,,,,,,公式限定ラインナップ掲載。現在の在庫・販売時期は断定せず,金光酒造/賀茂金秀 純米しぼりたて生.md,SRC_652DCA8542FA,1
KANEMITSU_3DBAEA0CEF,金光酒造,賀茂金秀 / 桜吹雪,賀茂金秀 純米吟醸 愛山,賀茂金秀 純米吟醸 愛山,不明,2026-09-05,純米吟醸,,,,,,,,,,,,,,,,,,公式限定ラインナップ掲載。現在の在庫・販売時期は断定せず / 二次DBでも存在確認,金光酒造/賀茂金秀 純米吟醸 愛山.md,SRC_652DCA8542FA,2
KANEMITSU_D79B5D35B9,金光酒造,賀茂金秀 / 桜吹雪,賀茂金秀 純米吟醸 雄町,賀茂金秀 純米吟醸 雄町,販売中,2026-09-05,純米吟醸,,,,,,,,,,,,,,,,,,公式定番ラインナップ掲載 / 日本酒造組合中央会系JSP蔵元ページの代表商品 / 二次DBでも存在確認,金光酒造/賀茂金秀 純米吟醸 雄町.md,SRC_F202A9D80AEE,3
KANEMITSU_6B83205512,金光酒造,賀茂金秀 / 桜吹雪,賀茂金秀 純米大吟醸35,賀茂金秀 純米大吟醸35,販売中,2026-09-05,純米大吟醸,,,,,,,,,,,,,,,,,,公式定番ラインナップ掲載 / 日本酒造組合中央会系JSP蔵元ページの代表商品,金光酒造/賀茂金秀 純米大吟醸35.md,SRC_F202A9D80AEE,2
KANEMITSU_47199D7189,金光酒造,賀茂金秀 / 桜吹雪,賀茂金秀 純米大吟醸40,賀茂金秀 純米大吟醸40,販売中,2026-09-05,純米大吟醸,,,,,,,,,,,,,,,,,,公式定番ラインナップ掲載 / 二次DBでも存在確認,金光酒造/賀茂金秀 純米大吟醸40.md,SRC_F202A9D80AEE,2
KANEMITSU_36D076169E,金光酒造,賀茂金秀 / 桜吹雪,賀茂金秀 辛口夏純,賀茂金秀 辛口夏純,不明,2026-09-05,,,,,,,,,,,,,,,,,,,公式限定ラインナップ掲載。現在の在庫・販売時期は断定せず,金光酒造/賀茂金秀 辛口夏純.md,SRC_652DCA8542FA,1
KANEMITSU_C1D2B0D992,金光酒造,賀茂金秀 / 桜吹雪,賀茂金秀 辛口特別純米,賀茂金秀 辛口特別純米,販売中,2026-09-05,特別純米酒,,,,,,,,,,,,,,,,,,公式定番ラインナップ掲載 / 二次DBでも存在確認,金光酒造/賀茂金秀 辛口特別純米.md,SRC_F202A9D80AEE,2
