酒蔵,ブランド,商品名,出典URL,http_status,serving_terms,serving_snippet,scan_error
亀齢酒造,亀齢,吉田屋の酒,https://kireikireikirei.jimdofree.com/酒蔵土産売場-まねきや/,200.0,,,
亀齢酒造,亀齢,純米大吟醸 亀香,https://kireikireikirei.jimdofree.com/酒蔵土産売場-まねきや/,200.0,,,
今田酒造本店,FUKUCHO LEGACY,FUKUCHO LEGACY I,https://fukucho.jp/products/legacy1,200.0,おすすめ温度 / 冷酒 / 常温," 原料米 兵庫県特A地区山田錦 精米歩合 麹米 : 40% 掛米 : 40% アルコール分 16％ 酵母 広島県酵母 酒母 速醸 仕様 直汲み / 原酒 / 瓶火入れ / 瓶貯蔵 おすすめ温度 冷酒 / 常温 保存方法 冷蔵庫 販売時期 通年 # おすすめ # ヴィンテージ酒 # 山田錦 # 火入れ # 貴醸酒 # 長期熟成 {""id"":6987724456111,""title"":""FUKUCHO LEGACY I"",""handle"":""legacy1"",""descripti",
今田酒造本店,FUKUCHO LEGACY,FUKUCHO LEGACY II,https://fukucho.jp/products/legacy2,200.0,おすすめ温度 / 冷酒 / 常温," 原料米 兵庫県特A地区山田錦 精米歩合 麹米 : 40% 掛米 : 40% アルコール分 16％ 酵母 広島県酵母 酒母 速醸 仕様 直汲み / 原酒 / 瓶火入れ / 瓶貯蔵 おすすめ温度 冷酒 / 常温 保存方法 冷蔵庫 販売時期 通年 # おすすめ # ヴィンテージ酒 # 山田錦 # 火入れ # 白 麹 # 貴醸酒 # 長期熟成 {""id"":6987732123823,""title"":""FUKUCHO LEGACY II"",""handle"":""legacy2"",""de",
今田酒造本店,富久長,八反草 サタケシリーズ GENKEI,https://fukucho.jp/products/hattansogenkei,200.0,おすすめ温度 / 冷酒,"八反草（契約栽培） 精米歩合 麹米 : 50% 掛米 : 60% 原形精米 アルコール分 15％ 酵母 広島県酵母 酒母 速醸 仕様 直汲み / 原酒 / 一回火入れ / 瓶貯蔵 おすすめ温度 冷酒 保存方法 冷蔵庫 販売時期 通年 # おすすめ # 八反草 # 原形精米 # 火入れ # 純米吟醸酒 # 純米酒 {""id"":6987663442095,""title"":""富久長 八反草 サタケシリーズ GENKEI"",""handle"":""hattansogenkei"",""des",
今田酒造本店,富久長,八反草 サタケシリーズ HENPEI,https://fukucho.jp/products/hattansohenpei,200.0,おすすめ温度 / 冷酒,"八反草（契約栽培） 精米歩合 麹米 : 50% 掛米 : 60% 扁平精米 アルコール分 15％ 酵母 広島県酵母 酒母 速醸 仕様 直汲み / 原酒 / 一回火入れ / 瓶貯蔵 おすすめ温度 冷酒 保存方法 冷蔵庫 販売時期 通年 # おすすめ # 八反草 # 扁平精米 # 火入れ # 純米吟醸酒 # 純米酒 {""id"":6987637031087,""title"":""富久長 八反草 サタケシリーズ HENPEI"",""handle"":""hattansohenpei"",""des",
今田酒造本店,富久長,八反草 純米 ハイブリッド生酛 特別栽培米R3,https://fukucho.jp/products/hybridkimoto-r3-2021by,200.0,おすすめ温度 / 冷酒 / 常温 / 燗酒,"培八反草（契約栽培） 精米歩合 麹米 : 60% 掛米 : 70% 原形精米 アルコール分 14％ 酵母 広島県酵母 酒母 ハイブリッド生酛 仕様 原酒 / 瓶火入れ / 瓶貯蔵 おすすめ温度 冷酒 / 常温 / 燗酒 保存方法 冷暗所 販売時期 通年 # おすすめ # ハイブリッド生酛 # 低アルコール # 八反草 # 原形精米 # 火入れ # 純米酒 {""id"":7174208520367,""title"":""富久長 八反草 純米 ハイブリッド生酛 特別栽培米R3"",""ha",
今田酒造本店,富久長,八反草 純米 ハイブリッド生酛 特別栽培米R4,https://fukucho.jp/products/hybridkimoto-r4-2022by,200.0,おすすめ温度 / 冷酒 / 常温 / 燗酒,"培八反草（契約栽培） 精米歩合 麹米 : 60% 掛米 : 70% 原形精米 アルコール分 14％ 酵母 広島県酵母 酒母 ハイブリッド生酛 仕様 原酒 / 瓶火入れ / 瓶貯蔵 おすすめ温度 冷酒 / 常温 / 燗酒 保存方法 冷暗所 販売時期 通年 # おすすめ # ハイブリッド生酛 # 低アルコール # 八反草 # 原形精米 # 火入れ # 純米酒 {""id"":7480485445807,""title"":""富久長 八反草 純米 ハイブリッド生酛 特別栽培米R4"",""ha",
今田酒造本店,富久長,八反草 純米 軟水仕込 辛口,https://fukucho.jp/products/hattansojunmai,200.0,おすすめ温度 / 冷酒 / 常温,"広島県安芸高田市産八反草（契約栽培） 精米歩合 麹米 : 60% 掛米 : 65% 一部に真吟精米 アルコール分 14％ 酵母 広島県酵母 酒母 速醸 仕様 瓶火入れ / 瓶貯蔵 おすすめ温度 冷酒 / 常温 保存方法 冷暗所 販売時期 通年 # おすすめ # 八反草 # 火入れ # 真吟精米 # 純米酒 {""id"":6964362281135,""title"":""富久長 八反草 純米 軟水仕込 辛口"",""handle"":""hattansojunmai"",""descriptio",
今田酒造本店,富久長,八反草 純米吟醸,https://fukucho.jp/products/hattanso-junmaiginjo,200.0,おすすめ温度 / 冷酒,"芸高田市産八反草（契約栽培） 精米歩合 麹米 : 50% 掛米 : 60% アルコール分 15％ 酵母 広島県酵母 酒母 速醸 仕様 直汲み / 原酒 / 一回火入れ / 瓶貯蔵 おすすめ温度 冷酒 保存方法 冷蔵庫 販売時期 通年 # おすすめ # 八反草 # 火入れ # 純米吟醸酒 # 純米酒 {""id"":6969266471087,""title"":""富久長 八反草 純米吟醸"",""handle"":""hattanso-junmaiginjo"",""description"":""",
今田酒造本店,富久長,八反草 純米吟醸 ハイブリッド生酛,https://fukucho.jp/products/hybridkimoto-junmaiginjo,200.0,おすすめ温度 / 冷酒 / 常温,"安芸高田市産八反草（契約栽培） 精米歩合 麹米 : 50% 掛米 : 60% アルコール分 15％ 酵母 広島県酵母 酒母 ハイブリッド生酛 仕様 原酒 / 瓶火入れ / 瓶貯蔵 おすすめ温度 冷酒 / 常温 保存方法 冷蔵庫 販売時期 通年 # おすすめ # ハイブリッド生酛 # 八反草 # 火入れ # 純米吟醸酒 # 純米酒 {""id"":6969412911279,""title"":""富久長 八反草 純米吟醸 ハイブリッド生酛"",""handle"":""hybridkimoto",
今田酒造本店,富久長,八反草 純米大吟醸,https://fukucho.jp/products/daiginjo,200.0,おすすめ温度 / 冷酒,"市産特別栽培八反草（契約栽培） 精米歩合 麹米 : 40% 掛米 : 40% アルコール分 15％ 酵母 広島県酵母 酒母 速醸 仕様 直汲み / 原酒 / 瓶火入れ / 瓶貯蔵 おすすめ温度 冷酒 保存方法 冷蔵庫 販売時期 通年 # おすすめ # 八反草 # 火入れ # 純米大吟醸酒 # 純米酒 {""id"":7614222401711,""title"":""富久長 八反草 純米大吟醸 【特別栽培米】"",""handle"":""daiginjo"",""description"":""\u",
今田酒造本店,富久長,八反草 純米大吟醸 はしり,https://fukucho.jp/products/daiginjo_hashiri,200.0,おすすめ温度 / 冷酒,"市産特別栽培八反草（契約栽培） 精米歩合 麹米 : 40% 掛米 : 40% アルコール分 16％ 酵母 広島県酵母 酒母 速醸 仕様 直汲み / 原酒 / 瓶火入れ / 瓶貯蔵 おすすめ温度 冷酒 保存方法 冷蔵庫 販売時期 通年 # おすすめ # 八反草 # 火入れ # 純米大吟醸酒 # 純米酒 {""id"":7614221451439,""title"":""富久長 八反草 純米大吟醸 はしり 【特別栽培米】"",""handle"":""daiginjo_hashiri"",""desc",
今田酒造本店,富久長,八反草 純米大吟醸 妙花風,https://fukucho.jp/products/daiginjo_myokafu,200.0,おすすめ温度 / 冷酒,"安芸高田市産八反草（契約栽培） 精米歩合 麹米 : 40% 掛米 : 40% アルコール分 16％ 酵母 広島県酵母 酒母 速醸 仕様 直汲み / 原酒 / 瓶火入れ / 瓶貯蔵 おすすめ温度 冷酒 保存方法 冷蔵庫 販売時期 通年 # おすすめ # 八反草 # 火入れ # 純米大吟醸酒 # 純米酒 # 雫 酒 {""id"":7614219026607,""title"":""富久長 八反草 純米大吟醸 妙花風 【特別栽培米】"",""handle"":""daiginjo_myokafu""",
今田酒造本店,富久長,山田錦 純米吟醸,https://fukucho.jp/products/yamadanishiki-junmaiginjo,200.0,おすすめ温度 / 冷酒,"庫県特A地区山田錦 精米歩合 麹米 : 50% 掛米 : 60% アルコール分 16％ 酵母 広島県酵母のブレンド 酒母 速醸 仕様 直汲み / 原酒 / 一回火入れ / 瓶貯蔵 おすすめ温度 冷酒 保存方法 冷蔵庫 販売時期 通年 # 山田錦 # 火入れ # 純米吟醸酒 # 純米酒 {""id"":6987737333935,""title"":""富久長 山田錦 純米吟醸"",""handle"":""yamadanishiki-junmaiginjo"",""description"":""\u",
今田酒造本店,富久長,海風土 Seafood 純米,https://fukucho.jp/products/seafood,200.0,おすすめ温度 / 冷酒 / 冷やして,"酒 原材料 米 / 米麹 原料米 国産米 精米歩合 麹米 : 60% 掛米 : 70% アルコール分 13％ 酵母 広島県酵母 酒母 速醸 仕様 原酒 / 一回火入れ / 瓶貯蔵 おすすめ温度 冷酒 保存方法 冷蔵庫 販売時期 通年 # おすすめ # 低アルコール # 火入れ # 白 麹 # 純米酒 {""id"":6987609768111,""title"":""富久長 海風土 Seafood 純米"",""handle"":""seafood"",""description"":""\u003c",
今田酒造本店,富久長,秋櫻〈コスモス〉 純米 ひやおろし,https://fukucho.jp/products/cosmos,200.0,おすすめ温度 / 冷酒 / 常温,"A地区山田錦 / 広島県産米 精米歩合 麹米 : 60% 掛米 : 60% アルコール分 15％ 酵母 広島県酵母 酒母 速醸 仕様 直汲み / 原酒 / 一回火入れ / 瓶貯蔵 おすすめ温度 冷酒 / 常温 保存方法 冷暗所 販売時期 秋季 # 季節限定 # 火入れ # 純米酒 {""id"":6969625346223,""title"":""富久長 秋櫻〈コスモス〉 純米 ひやおろし"",""handle"":""cosmos"",""description"":""\u003cp\u003eコ",
今田酒造本店,富久長,秋櫻〈コスモス〉 純米吟醸 ひやおろし,https://fukucho.jp/products/cosmos-junmaiginjo,200.0,おすすめ温度 / 冷酒,"A地区山田錦 / 広島県産米 精米歩合 麹米 : 50% 掛米 : 60% アルコール分 15％ 酵母 広島県酵母 酒母 速醸 仕様 直汲み / 原酒 / 一回火入れ / 瓶貯蔵 おすすめ温度 冷酒 保存方法 冷暗所 販売時期 秋季 # 季節限定 # 火入れ # 純米吟醸酒 # 純米酒 {""id"":6969578193071,""title"":""富久長 秋櫻〈コスモス〉 純米吟醸 ひやおろし"",""handle"":""cosmos-junmaiginjo"",""description",
今田酒造本店,富久長,純米にごり スパークリング 白美 HAKUBI,https://fukucho.jp/products/hakubi,200.0,おすすめ温度 / 冷酒 / 常温,"/ 兵庫県特A地区山田錦 / 広島県産米 精米歩合 麹米 : 60% 掛米 : 65% アルコール分 14％ 酵母 広島県酵母 酒母 速醸 仕様 原酒 / 一回火入れ / 瓶貯蔵 おすすめ温度 冷酒 保存方法 冷蔵庫 販売時期 通年 # おすすめ # にごり # スパークリング # 低アルコール # 火入れ # 純米酒 {""id"":6987774296239,""title"":""富久長 純米にごり スパークリング 白美 HAKUBI"",""handle"":""hakubi"",""de",
今田酒造本店,富久長,純米吟醸 美穂 Biho,https://fukucho.jp/products/biho,200.0,おすすめ温度 / 冷酒,"A地区山田錦 / 広島県産米 精米歩合 麹米 : 50% 掛米 : 60% アルコール分 15％ 酵母 広島県酵母 酒母 速醸 仕様 直汲み / 原酒 / 一回火入れ / 瓶貯蔵 おすすめ温度 冷酒 保存方法 冷蔵庫 販売時期 通年 # 火入れ # 直汲み # 純米吟醸酒 # 純米酒 {""id"":6987741233327,""title"":""富久長 純米吟醸 美穂 Biho"",""handle"":""biho"",""description"":""\u003cp\u003e「さわやかで",
今田酒造本店,富久長,辛口純米,https://fukucho.jp/products/karakuchi,200.0,おすすめ温度 / 冷酒 / 常温 / 燗酒,"特A地区山田錦 / 広島県産米 精米歩合 麹米 : 60% 掛米 : 65% 原形精米 アルコール分 15％ 酵母 広島県酵母 酒母 速醸 仕様 原酒 / 一回火入れ / 瓶貯蔵 おすすめ温度 冷酒 / 常温 / 燗酒 保存方法 冷暗所 販売時期 通年 # おすすめ # 原形精米 # 火入れ # 純米酒 # 辛 口 {""id"":6987615469743,""title"":""富久長 辛口純米"",""handle"":""karakuchi"",""description"":""\u003c",
山陽鶴酒造,山陽鶴,にごり酒,https://sanyotsuru.jp/archives/product/gosyu,200.0,,,
山陽鶴酒造,山陽鶴,上撰,https://sanyotsuru.jp/archives/product/gosyu,200.0,,,
山陽鶴酒造,山陽鶴,大吟醸,https://sanyotsuru.jp/archives/product/gosyu,200.0,,,
山陽鶴酒造,山陽鶴,本醸造,https://sanyotsuru.jp/archives/product/gosyu,200.0,,,
山陽鶴酒造,山陽鶴,純米吟醸,https://sanyotsuru.jp/archives/product/gosyu,200.0,,,
柄酒造,9代目於多福,9代目於多福 protos. 火入れ,https://www.tsukasyuzou.jp/products/9代目於多福-protos-720ml-火入れ,200.0,,,
柄酒造,9代目於多福,9代目於多福 特別純米 火入れ,https://www.tsukasyuzou.jp/products/火入れ-9代目於多福-特別純米,200.0,飲み方 / 冷酒 / 常温,"方お選びいただけます。「容量」のタブから選択してください。 内容量：720ml 又は 1800ml 原料米：八反錦 精米歩合：米麹 50% 掛け米 60% アルコール度数：15度 飲み方：◎冷酒 ○常温 {""id"":7981920288942,""title"":""【火入れ】9代目於多福 特別純米 720ml・1800ml"",""handle"":""火入れ-9代目於多福-特別純米"",""description"":""\u003cp\u003e「9代目於多福 特別純米 火入れ」。柄酒造のラ",
柄酒造,9代目於多福,9代目於多福 純米 つきあかり,https://www.tsukasyuzou.jp/products/9代目於多福-つきあかり-720ml,200.0,飲み方 / 冷酒 / 常温,"みずしく、まろやかな秋のお酒です。 月あかりの下で、ゆったりとした時間をお酒と共にお過ごしください。 内容量：720ml 原料米：山田錦 精米歩合：60% アルコール度数：15度 飲み方：◎冷酒 ○常温 {""id"":8046672674990,""title"":""9代目於多福 つきあかり 720ml"",""handle"":""9代目於多福-つきあかり-720ml"",""description"":""\u003cp\u003e「9代目於多福 純米つきあかり」。みずみずしく、まろやかな秋の",
柄酒造,9代目於多福,9代目於多福 純米 火入れ,https://www.tsukasyuzou.jp/products/火入れ-9代目於多福-純米,200.0,飲み方 / 冷酒 / 常温,"00ml（一升瓶）両方お選びいただけます。 「容量」のタブから選択してください。 内容量：720ml 又は 1800ml 原料米：八反錦 精米歩合：60% アルコール度数：15度 飲み方：◎冷酒 ○常温 {""id"":7981013172398,""title"":""【火入れ】9代目於多福 純米 720ml・1800ml"",""handle"":""火入れ-9代目於多福-純米"",""description"":""\u003cp\u003e「9代目於多福 純米 火入れ」。米の旨味を感じられるす",
柄酒造,9代目於多福,9代目於多福 純米吟醸 すずかぜ,https://www.tsukasyuzou.jp/products/9代目於多福-すずかぜ-720ml,200.0,飲み方 / 冷酒 / 常温 / ロック / オンザロック,"醸 すずかぜ」。みずみずしく爽やかな夏のお酒です。 常温や冷酒、オンザロックでも飲んで頂ける商品です。 内容量：720ml 原料米：雄町 精米歩合：50% アルコール度数：15度 飲み方：◎冷酒 ○常温 {""id"":8008537899182,""title"":""9代目於多福 純米吟醸 すずかぜ 720ml"",""handle"":""9代目於多福-すずかぜ-720ml"",""description"":""\u003cp\u003e「9代目於多福 純米吟醸 すずかぜ」。みずみずしく爽やか",
柄酒造,9代目於多福,9代目於多福 純米吟醸 火入れ,https://www.tsukasyuzou.jp/products/火入れ-9代目於多福-純米吟醸,200.0,飲み方 / 冷酒 / 常温,"00ml（一升瓶）両方お選びいただけます。 「容量」のタブから選択してください。 内容量：720ml 又は 1800ml 使用米：八反錦 精米歩合：50% アルコール度数：15度 飲み方：◎冷酒 〇常温 {""id"":7981919305902,""title"":""【火入れ】9代目於多福 純米吟醸 720ml・1800ml"",""handle"":""火入れ-9代目於多福-純米吟醸"",""description"":""\u003cp\u003e「9代目於多福 純米吟醸 火入れ」。\u003",
柄酒造,9代目於多福,9代目於多福 純米大吟醸 火入れ,https://www.tsukasyuzou.jp/products/火入れ-9代目於多福-純米大吟醸-720ml-1800ml,200.0,飲み方 / 冷酒 / 常温,"800ml（一升瓶）両方お選びいただけます。「容量」のタブから選択してください。 内容量：720ml 又は 1800ml 原料米：千本錦 精米歩合：40% アルコール度数：15度 飲み方：◎冷酒 ○常温 {""id"":8053542846638,""title"":""【火入れ】9代目於多福 純米大吟醸 720ml・1800ml"",""handle"":""火入れ-9代目於多福-純米大吟醸-720ml-1800ml"",""description"":""\u003cp\u003e「9代目於多福 ",
柄酒造,於多福,於多福 一番取り,https://www.tsukasyuzou.jp/products/関西一-一番取り-720ml,200.0,飲み方 / 冷酒,"けを集めた贅沢な高級酒。辛口でキレがあり、香りが広がる大吟醸です。桐箱に入れての送付となります。 内容量：720ml 使用米：千本錦 精米歩合：40％ アルコール度数：16.5度 飲み方：◎冷酒 {""id"":7986565415086,""title"":""於多福 一番取り 720ml（桐箱入り）"",""handle"":""関西一-一番取り-720ml"",""description"":""\u003cp\u003e丁寧に発酵させた日本酒のもとである「もろみ」を袋に入れて吊るし、自然に滴る",
柄酒造,於多福,於多福 大吟醸,https://www.tsukasyuzou.jp/products/於多福-大吟醸-1800ml,200.0,飲み方 / 冷酒 / 常温,"。特別な時や普段づかいなど、様々なシーンでご利用いただけます。 内容量：1800ml（一升瓶） 720mlは こちら 使用米：千本錦 精米歩合：40% アルコール度数：16.5度 飲み方：◎冷酒 〇常温 「関西一 大吟醸 1800ml」という名称で親しまれてきましたが、2023年5月よりブランド名を「於多福」に統一することとなりました。また、同じく2023年5月よりラベルが刷新されています。 {""id"":7986565251246,""title"":""於多福 大吟醸 1800m",
柄酒造,於多福,於多福 本醸造,https://www.tsukasyuzou.jp/products/関西一-本醸造-720ml,200.0,飲み方 / 冷酒 / 常温 / 熱燗,"中酒。米の旨味を感じる日本酒です。どんな温度帯でもおいしく召し上がれる普段使いに最適な一品です。 内容量：720ml 使用米：八反錦 精米歩合：65％ アルコール度数：15.5度 飲み方：◎冷酒 ◎常温 ◎熱燗 {""id"":7986570035374,""title"":""於多福 本醸造 720ml"",""handle"":""関西一-本醸造-720ml"",""description"":""\u003cp\u003e飲んだ後のキレがよく、食事を引き立たせてくれる食中酒。米の旨味を感じる日本",
柄酒造,於多福,於多福 純米,https://www.tsukasyuzou.jp/products/於多福-純米-1800ml,200.0,飲み方 / 冷酒 / 常温 / 熱燗,"る傾向がある、日本酒らしい日本酒です。冷でも燗でも楽しめます。 内容量：1800ml（一升瓶） 720mlは こちら 精米歩合：60％ 使用米：八反錦 アルコール度数：15.5度 飲み方：〇冷酒 ◎常温 ◎熱燗 {""id"":7986568560814,""title"":""於多福 純米 1800ml"",""handle"":""於多福-純米-1800ml"",""description"":""\u003cp\u003e於多福 純米の一升瓶（1800ml）。米の旨味がギュッと詰まった辛口の純米",
柄酒造,於多福,於多福 純米吟醸,https://www.tsukasyuzou.jp/products/於多福-純米吟醸-1800ml,200.0,飲み方 / 冷酒 / 常温 / 冷やして,"れることが多いすっきり辛口の酒。冷やしても常温でも楽しめます。 内容量：1800ml（一升瓶） 720mlは こちら 使用米：八反錦 精米歩合：60％ アルコール度数：15.5度 飲み方：◎冷酒 ◎常温 {""id"":7986567381166,""title"":""於多福 純米吟醸 1800ml"",""handle"":""於多福-純米吟醸-1800ml"",""description"":""\u003cp\u003e於多福 純米吟醸の一升瓶(1800ml)。穏やかな香りと味わいの調和が取れ",
白牡丹酒造,白牡丹,Paeon(ピオン),https://www.hakubotan.co.jp/products/%E3%80%90%E6%97%A5%E6%9C%AC%E9%85%92-%E7%99%BD%E7%89%A1%E4%B8%B9%E3%80%91paeon%E3%83%94%E3%82%AA%E3%83%B3%E3%80%90%E6%96%B0%E3%80%91/,,,,"ReadTimeout: HTTPSConnectionPool(host='www.hakubotan.co.jp', port=443): Read timed out. (read timeout=12)"
白牡丹酒造,白牡丹,さらりとうまくち,https://www.hakubotan.co.jp/products/%e3%80%90%e6%97%a5%e6%9c%ac%e9%85%92-%e7%99%bd%e7%89%a1%e4%b8%b9%e3%80%91%e3%81%95%e3%82%89%e3%82%8a%e3%81%a8%e3%81%86%e3%81%be%e3%81%8f%e3%81%a1-720ml%e3%83%91%e3%83%83%e3%82%af%e8%a9%b0/,,,,"ReadTimeout: HTTPSConnectionPool(host='www.hakubotan.co.jp', port=443): Read timed out. (read timeout=12)"
白牡丹酒造,白牡丹,すっきり旨口,https://www.hakubotan.co.jp/products/%e3%80%90%e6%97%a5%e6%9c%ac%e9%85%92-%e7%99%bd%e7%89%a1%e4%b8%b9%e3%80%91%e3%81%99%e3%81%a3%e3%81%8d%e3%82%8a%e6%97%a8%e5%8f%a3-2l%e3%83%91%e3%83%83%e3%82%af%e8%a9%b0/,,,,"ReadTimeout: HTTPSConnectionPool(host='www.hakubotan.co.jp', port=443): Read timed out. (read timeout=12)"
白牡丹酒造,白牡丹,ひろしま一途な純米酒 紅甘萬(べにかんまん),https://www.hakubotan.co.jp/products/%e3%80%90%e6%97%a5%e6%9c%ac%e9%85%92-%e7%99%bd%e7%89%a1%e4%b8%b9%e3%80%91%e3%81%b2%e3%82%8d%e3%81%97%e3%81%be%e4%b8%80%e9%80%94%e3%81%aa%e7%b4%94%e7%b1%b3%e9%85%92%e3%80%80%e7%b4%85%e7%94%98%e8%90%ac/,,,,"ReadTimeout: HTTPSConnectionPool(host='www.hakubotan.co.jp', port=443): Read timed out. (read timeout=12)"
白牡丹酒造,白牡丹,大吟醸,https://www.hakubotan.co.jp/products/,200.0,燗酒,"にはフルーティーでさわやかな香りを生み出す『広島もみじ酵母』を使用しました。 広島伝統の軟水醸造法により仕上げた、上品できめ細やかなお酒を食事とともにお楽しみ下さい。 2020全国燗酒コンテスト 最高金賞受賞 11,000円(税1,000円) 白牡丹 【日本酒 白牡丹】純米大吟醸 原酒 万年蔵 杜氏 鹿島正720ml瓶詰 白牡丹酒造 万年蔵杜氏 鹿島正が『広島らしさ』にこだわり醸し出した極上の逸品です。 広島独自の酒造好適米『千本錦』を自社精米所で３８％まで丁寧に精米したもの",
白牡丹酒造,白牡丹,大吟醸 いちの雫（しずく酒）,https://www.hakubotan.co.jp/products/%e3%80%90%e6%97%a5%e6%9c%ac%e9%85%92-%e7%99%bd%e7%89%a1%e4%b8%b9%e3%80%91%e5%a4%a7%e5%90%9f%e9%86%b8%e3%80%80%e3%81%84%e3%81%a1%e3%81%ae%e9%9b%ab720ml%e7%93%b6%e8%a9%b0%ef%bc%88%e3%81%97%e3%81%9a/,,,,"ReadTimeout: HTTPSConnectionPool(host='www.hakubotan.co.jp', port=443): Read timed out. (read timeout=12)"
白牡丹酒造,白牡丹,大吟醸 中汲み,https://www.hakubotan.co.jp/products/%e3%80%90%e6%97%a5%e6%9c%ac%e9%85%92-%e7%99%bd%e7%89%a1%e4%b8%b9%e3%80%91%e5%a4%a7%e5%90%9f%e9%86%b8-%e4%b8%ad%e6%b1%b2%e3%81%bf-720ml%e7%93%b6%e8%a9%b0%e3%80%90%e6%b5%81%e9%80%9a%e9%99%90%e5%ae%9a/,,,,"ReadTimeout: HTTPSConnectionPool(host='www.hakubotan.co.jp', port=443): Read timed out. (read timeout=12)"
白牡丹酒造,白牡丹,山田錦 純米吟醸 うすにごり,https://www.hakubotan.co.jp/products/%e3%80%90%e6%97%a5%e6%9c%ac%e9%85%92-%e7%99%bd%e7%89%a1%e4%b8%b9%e3%80%91%e5%b1%b1%e7%94%b0%e9%8c%a6%e3%80%80%e7%b4%94%e7%b1%b3%e5%90%9f%e9%86%b8%e3%80%80%e3%81%86%e3%81%99%e3%81%ab%e3%81%94%e3%82%8a/,,,,"ReadTimeout: HTTPSConnectionPool(host='www.hakubotan.co.jp', port=443): Read timed out. (read timeout=12)"
白牡丹酒造,白牡丹,山田錦 純米大吟醸 氷華,https://www.hakubotan.co.jp/products/%e3%80%90%e5%87%8d%e7%b5%90%e7%94%9f%e9%85%92%e3%80%91%e3%80%90%e6%97%a5%e6%9c%ac%e9%85%92-%e7%99%bd%e7%89%a1%e4%b8%b9%e3%80%91%e5%b1%b1%e7%94%b0%e9%8c%a6-%e7%b4%94%e7%b1%b3%e5%a4%a7%e5%90%9f%e9%86%b8/,,,,"ReadTimeout: HTTPSConnectionPool(host='www.hakubotan.co.jp', port=443): Read timed out. (read timeout=12)"
白牡丹酒造,白牡丹,山田錦 純米酒,https://www.hakubotan.co.jp/products/%e3%80%90%e6%97%a5%e6%9c%ac%e9%85%92-%e7%99%bd%e7%89%a1%e4%b8%b9%e3%80%91%e5%b1%b1%e7%94%b0%e9%8c%a6%e7%b4%94%e7%b1%b3%e9%85%921-8l%e7%93%b6%e8%a9%b0/,,,,"ReadTimeout: HTTPSConnectionPool(host='www.hakubotan.co.jp', port=443): Read timed out. (read timeout=12)"
白牡丹酒造,白牡丹,広島の酒,https://www.hakubotan.co.jp/products/%e3%80%90%e6%97%a5%e6%9c%ac%e9%85%92-%e7%99%bd%e7%89%a1%e4%b8%b9%e3%80%91%e5%ba%83%e5%b3%b6%e3%81%ae%e9%85%92-1-8l%e7%93%b6%e8%a9%b0/,200.0,飲み方 / 常温 / ぬる燗 / 熱燗,ド 350110 記号 JAN 4950198361109 ALC度 15度 精米歩合 75％ 原料米 国産米100％ 日本酒度 -5 酸度 1.0 アミノ酸度 0.9 おすすめの飲み方 熱燗 ぬる燗 常 温 冷 酒 公式ネットショップへ 一覧へ戻る 〒739-0011 広島県東広島市西条本町15番5号 082-422-2142 0120-76-1675 東広島観光協会 個人情報の取り扱いについて © Copyright 白牡丹酒造株式会社 All Right Reserve,
白牡丹酒造,白牡丹,広島の酒 原酒,https://www.hakubotan.co.jp/products/%e3%80%90%e6%97%a5%e6%9c%ac%e9%85%92-%e7%99%bd%e7%89%a1%e4%b8%b9%e3%80%91%e5%ba%83%e5%b3%b6%e3%81%ae%e9%85%92%e5%8e%9f%e9%85%92-720ml%e7%93%b6%e8%a9%b0/,,,,"ReadTimeout: HTTPSConnectionPool(host='www.hakubotan.co.jp', port=443): Read timed out. (read timeout=12)"
白牡丹酒造,白牡丹,広島上撰 金紋,https://www.hakubotan.co.jp/products/%e3%80%90%e6%97%a5%e6%9c%ac%e9%85%92-%e7%99%bd%e7%89%a1%e4%b8%b9%e3%80%91%e5%ba%83%e5%b3%b6%e4%b8%8a%e6%92%b0%e3%80%80%e9%87%91%e7%b4%8b-1-8l%e7%93%b6%e8%a9%b0/,200.0,飲み方 / 常温 / ぬる燗 / 熱燗,ド 240410 記号 JAN 4950198261102 ALC度 15度 精米歩合 70％ 原料米 国産米100％ 日本酒度 -2 酸度 1.1 アミノ酸度 0.9 おすすめの飲み方 熱燗 ぬる燗 常 温 冷 酒 公式ネットショップへ 一覧へ戻る 〒739-0011 広島県東広島市西条本町15番5号 082-422-2142 0120-76-1675 東広島観光協会 個人情報の取り扱いについて © Copyright 白牡丹酒造株式会社 All Right Reserve,
白牡丹酒造,白牡丹,広島上撰 金紋 原酒,https://www.hakubotan.co.jp/products/%e3%80%90%e6%97%a5%e6%9c%ac%e9%85%92-%e7%99%bd%e7%89%a1%e4%b8%b9%e3%80%91%e5%ba%83%e5%b3%b6%e4%b8%8a%e6%92%b0%e3%80%80%e9%87%91%e7%b4%8b%e3%80%80%e5%8e%9f%e9%85%92720ml%e7%93%b6%e8%a9%b0%e3%80%90/,,,,"ReadTimeout: HTTPSConnectionPool(host='www.hakubotan.co.jp', port=443): Read timed out. (read timeout=12)"
白牡丹酒造,白牡丹,広島八反 純米吟醸,https://www.hakubotan.co.jp/products/%e3%80%90%e6%97%a5%e6%9c%ac%e9%85%92-%e7%99%bd%e7%89%a1%e4%b8%b9%e3%80%91%e5%ba%83%e5%b3%b6%e5%85%ab%e5%8f%8d-%e7%b4%94%e7%b1%b3%e5%90%9f%e9%86%b8-1-8l%e7%93%b6%e8%a9%b0/,,,,"ReadTimeout: HTTPSConnectionPool(host='www.hakubotan.co.jp', port=443): Read timed out. (read timeout=12)"
白牡丹酒造,白牡丹,広島八反 純米大吟醸 原酒,https://www.hakubotan.co.jp/products/%e3%80%90%e6%97%a5%e6%9c%ac%e9%85%92-%e7%99%bd%e7%89%a1%e4%b8%b9%e3%80%91%e5%ba%83%e5%b3%b6%e5%85%ab%e5%8f%8d-%e7%b4%94%e7%b1%b3%e5%a4%a7%e5%90%9f%e9%86%b8-%e5%8e%9f%e9%85%92720ml%e7%93%b6%e8%a9%b0/,,,,"ReadTimeout: HTTPSConnectionPool(host='www.hakubotan.co.jp', port=443): Read timed out. (read timeout=12)"
白牡丹酒造,白牡丹,広島八反 純米大吟醸 氷華,https://www.hakubotan.co.jp/products/%e3%80%90%e5%87%8d%e7%b5%90%e7%94%9f%e9%85%92%e3%80%91%e3%80%90%e6%97%a5%e6%9c%ac%e9%85%92-%e7%99%bd%e7%89%a1%e4%b8%b9%e3%80%91%e5%ba%83%e5%b3%b6%e5%85%ab%e5%8f%8d-%e7%b4%94%e7%b1%b3%e5%a4%a7%e5%90%9f/,,,,"ReadTimeout: HTTPSConnectionPool(host='www.hakubotan.co.jp', port=443): Read timed out. (read timeout=12)"
白牡丹酒造,白牡丹,広島特撰 芳華金紋,https://www.hakubotan.co.jp/products/%e3%80%90%e6%97%a5%e6%9c%ac%e9%85%92-%e7%99%bd%e7%89%a1%e4%b8%b9%e3%80%91%e5%ba%83%e5%b3%b6%e7%89%b9%e6%92%b0-1-8l%e7%93%b6%e8%a9%b0-2/,,,,"ReadTimeout: HTTPSConnectionPool(host='www.hakubotan.co.jp', port=443): Read timed out. (read timeout=12)"
白牡丹酒造,白牡丹,恋華 RENKA,https://www.hakubotan.co.jp/products/%e3%80%90%e6%97%a5%e6%9c%ac%e9%85%92-%e7%99%bd%e7%89%a1%e4%b8%b9%e3%80%91%e6%81%8b%e8%8f%af-300ml%e7%93%b6%e8%a9%b0-2/,200.0,飲み方 / 常温, 201890 記号 JAN 4950198271613 ALC度 13度 精米歩合 60％ 原料米 中生新千本 日本酒度 -15 酸度 1.96 アミノ酸度 0.72 おすすめの飲み方 常 温 冷 酒 公式ネットショップへ 一覧へ戻る 〒739-0011 広島県東広島市西条本町15番5号 082-422-2142 0120-76-1675 東広島観光協会 個人情報の取り扱いについて © Copyright 白牡丹酒造株式会社 All Right Reserved. お問合せ,
白牡丹酒造,白牡丹,恋華 RENKA ROUGE,https://www.hakubotan.co.jp/products/%e3%80%90%e6%97%a5%e6%9c%ac%e9%85%92-%e7%99%bd%e7%89%a1%e4%b8%b9%e3%80%91%e6%81%8b%e8%8f%af-renka-rouge-300ml%e7%93%b6%e8%a9%b0/,,,,"ReadTimeout: HTTPSConnectionPool(host='www.hakubotan.co.jp', port=443): Read timed out. (read timeout=12)"
白牡丹酒造,白牡丹,新酒純米,https://www.hakubotan.co.jp/products/%e3%80%90%e6%97%a5%e6%9c%ac%e9%85%92-%e7%99%bd%e7%89%a1%e4%b8%b9%e3%80%91%e6%96%b0%e9%85%92%e7%b4%94%e7%b1%b3-1-8l%e7%93%b6%e8%a9%b0-2/,,,,"ReadTimeout: HTTPSConnectionPool(host='www.hakubotan.co.jp', port=443): Read timed out. (read timeout=12)"
白牡丹酒造,白牡丹,本醸造,https://www.hakubotan.co.jp/products/honjouzou-1-8l/,,,,"ReadTimeout: HTTPSConnectionPool(host='www.hakubotan.co.jp', port=443): Read timed out. (read timeout=12)"
白牡丹酒造,白牡丹,本醸造 生貯蔵酒,https://www.hakubotan.co.jp/products/%e3%80%90%e6%97%a5%e6%9c%ac%e9%85%92-%e7%99%bd%e7%89%a1%e4%b8%b9%e3%80%91%e6%9c%ac%e9%86%b8%e9%80%a0-%e7%94%9f%e8%b2%af%e8%94%b5%e9%85%92-300ml%e7%93%b6%e8%a9%b0/,,,,"ReadTimeout: HTTPSConnectionPool(host='www.hakubotan.co.jp', port=443): Read timed out. (read timeout=12)"
白牡丹酒造,白牡丹,純米吟醸,https://www.hakubotan.co.jp/products/%e3%80%90%e6%97%a5%e6%9c%ac%e9%85%92-%e7%99%bd%e7%89%a1%e4%b8%b9%e3%80%91%e7%b4%94%e7%b1%b3%e5%90%9f%e9%86%b8-1-8l%e7%93%b6%e8%a9%b0/,,,,"ReadTimeout: HTTPSConnectionPool(host='www.hakubotan.co.jp', port=443): Read timed out. (read timeout=12)"
白牡丹酒造,白牡丹,純米吟醸 中汲み,https://www.hakubotan.co.jp/products/%e3%80%90%e6%97%a5%e6%9c%ac%e9%85%92-%e7%99%bd%e7%89%a1%e4%b8%b9%e3%80%91%e7%b4%94%e7%b1%b3%e5%90%9f%e9%86%b8-%e4%b8%ad%e6%b1%b2%e3%81%bf-720ml%e7%93%b6%e8%a9%b0%e3%80%90%e6%b5%81%e9%80%9a%e9%99%90/,,,,"ReadTimeout: HTTPSConnectionPool(host='www.hakubotan.co.jp', port=443): Read timed out. (read timeout=12)"
白牡丹酒造,白牡丹,純米吟醸 生貯蔵酒,https://www.hakubotan.co.jp/products/%e3%80%90%e6%97%a5%e6%9c%ac%e9%85%92-%e7%99%bd%e7%89%a1%e4%b8%b9%e3%80%91%e7%b4%94%e7%b1%b3%e5%90%9f%e9%86%b8-%e7%94%9f%e8%b2%af%e8%94%b5%e9%85%92-300ml%e7%93%b6%e8%a9%b0-%e3%80%90%e8%bc%b8%e5%87%ba/,,,,"ReadTimeout: HTTPSConnectionPool(host='www.hakubotan.co.jp', port=443): Read timed out. (read timeout=12)"
白牡丹酒造,白牡丹,純米吟醸萌えいぶき,https://www.hakubotan.co.jp/products/%e3%80%90%e6%97%a5%e6%9c%ac%e9%85%92-%e7%99%bd%e7%89%a1%e4%b8%b9%e3%80%91%e7%b4%94%e7%b1%b3%e5%90%9f%e9%86%b8%e8%90%8c%e3%81%88%e3%81%84%e3%81%b6%e3%81%8d1-8%ef%bd%8c%e7%93%b6%e8%a9%b0/,,,,"ReadTimeout: HTTPSConnectionPool(host='www.hakubotan.co.jp', port=443): Read timed out. (read timeout=12)"
白牡丹酒造,白牡丹,純米大吟醸 令和一号酵母,https://www.hakubotan.co.jp/products/%e3%80%90%e6%97%a5%e6%9c%ac%e9%85%92-%e7%99%bd%e7%89%a1%e4%b8%b9%e3%80%91%e7%b4%94%e7%b1%b3%e5%a4%a7%e5%90%9f%e9%86%b8-%e4%bb%a4%e5%92%8c%e4%b8%80%e5%8f%b7%e9%85%b5%e6%af%8d-720ml%e7%93%b6%e8%a9%b0/,,,,"ReadTimeout: HTTPSConnectionPool(host='www.hakubotan.co.jp', port=443): Read timed out. (read timeout=12)"
白牡丹酒造,白牡丹,純米大吟醸 原酒 万年蔵 杜氏 鹿島正,https://www.hakubotan.co.jp/products/%e3%80%90%e6%97%a5%e6%9c%ac%e9%85%92-%e7%99%bd%e7%89%a1%e4%b8%b9%e3%80%91%e7%b4%94%e7%b1%b3%e5%a4%a7%e5%90%9f%e9%86%b8-%e5%8e%9f%e9%85%92-%e4%b8%87%e5%b9%b4%e8%94%b5-%e6%9d%9c%e6%b0%8f-%e9%b9%bf/,,,,"ReadTimeout: HTTPSConnectionPool(host='www.hakubotan.co.jp', port=443): Read timed out. (read timeout=12)"
白牡丹酒造,白牡丹,純米大吟醸 悠星(ゆうせい),https://www.hakubotan.co.jp/products/%e3%80%90%e6%97%a5%e6%9c%ac%e9%85%92-%e7%99%bd%e7%89%a1%e4%b8%b9%e3%80%91%e7%b4%94%e7%b1%b3%e5%a4%a7%e5%90%9f%e9%86%b8-%e6%82%a0%e6%98%9f%e3%82%86%e3%81%86%e3%81%9b%e3%81%84720ml%e7%93%b6%e8%a9%b0/,,,,"ReadTimeout: HTTPSConnectionPool(host='www.hakubotan.co.jp', port=443): Read timed out. (read timeout=12)"
白牡丹酒造,白牡丹,純米大吟醸 龍王井,https://www.hakubotan.co.jp/products/%e3%80%90%e6%97%a5%e6%9c%ac%e9%85%92-%e7%99%bd%e7%89%a1%e4%b8%b9%e3%80%91%e9%be%8d%e7%8e%8b%e4%ba%95-300ml%e7%93%b6%e8%a9%b0%e3%80%90%e8%bc%b8%e5%87%ba/,,,,"ReadTimeout: HTTPSConnectionPool(host='www.hakubotan.co.jp', port=443): Read timed out. (read timeout=12)"
白牡丹酒造,白牡丹,純米生酒 氷華,https://www.hakubotan.co.jp/products/%e3%80%90%e5%87%8d%e7%b5%90%e7%94%9f%e9%85%92%e3%80%91%e3%80%90%e6%97%a5%e6%9c%ac%e9%85%92-%e7%99%bd%e7%89%a1%e4%b8%b9%e3%80%91%e7%b4%94%e7%b1%b3%e7%94%9f%e9%85%92%e3%80%80%e6%b0%b7%e8%8f%af300ml/,,,,"ReadTimeout: HTTPSConnectionPool(host='www.hakubotan.co.jp', port=443): Read timed out. (read timeout=12)"
白牡丹酒造,白牡丹,純米酒,https://www.hakubotan.co.jp/products/%e3%80%90%e6%97%a5%e6%9c%ac%e9%85%92-%e7%99%bd%e7%89%a1%e4%b8%b9%e3%80%91%e7%b4%94%e7%b1%b3%e9%85%92-1-8l%e7%93%b6%e8%a9%b0/,200.0,飲み方 / 常温 / ぬる燗 / 熱燗 / 燗酒,ド 349010 記号 JAN 4950198321172 ALC度 14度 精米歩合 70％ 原料米 国産米 日本酒度 +0.5 酸度 1.72 アミノ酸度 0.94 おすすめの飲み方 熱燗 ぬる燗 常 温 冷 酒 公式ネットショップへ 一覧へ戻る 〒739-0011 広島県東広島市西条本町15番5号 082-422-2142 0120-76-1675 東広島観光協会 個人情報の取り扱いについて © Copyright 白牡丹酒造株式会社 All Right Reserve,
白牡丹酒造,白牡丹,純米酒 山田錦 米だけの酒,https://www.hakubotan.co.jp/products/%e3%80%90%e6%97%a5%e6%9c%ac%e9%85%92-%e7%99%bd%e7%89%a1%e4%b8%b9%e3%80%91%e7%b4%94%e7%b1%b3%e9%85%92%e3%80%80%e5%b1%b1%e7%94%b0%e9%8c%a6%e3%80%80%e7%b1%b3%e3%81%a0%e3%81%91%e3%81%ae%e9%85%92-900ml/,,,,"ReadTimeout: HTTPSConnectionPool(host='www.hakubotan.co.jp', port=443): Read timed out. (read timeout=12)"
白牡丹酒造,白牡丹,華 純米吟醸,https://www.hakubotan.co.jp/products/%e3%80%90%e6%97%a5%e6%9c%ac%e9%85%92-%e7%99%bd%e7%89%a1%e4%b8%b9%e3%80%91%e8%8f%af%e3%80%80%e7%b4%94%e7%b1%b3%e5%90%9f%e9%86%b8%e3%80%80-300ml%e7%93%b6%e3%80%90%e8%bc%b8%e5%87%ba%e5%b0%82%e7%94%a8/,,,,"ReadTimeout: HTTPSConnectionPool(host='www.hakubotan.co.jp', port=443): Read timed out. (read timeout=12)"
白牡丹酒造,白牡丹,超特撰,https://www.hakubotan.co.jp/products/%e3%80%90%e6%97%a5%e6%9c%ac%e9%85%92-%e7%99%bd%e7%89%a1%e4%b8%b9%e3%80%91%e8%b6%85%e7%89%b9%e6%92%b0-1-8l%e7%93%b6%e8%a9%b0-2%e6%9c%ac/,,,,"ReadTimeout: HTTPSConnectionPool(host='www.hakubotan.co.jp', port=443): Read timed out. (read timeout=12)"
白牡丹酒造,白牡丹,超特撰 純金箔入,https://www.hakubotan.co.jp/products/%e3%80%90%e6%97%a5%e6%9c%ac%e9%85%92-%e7%99%bd%e7%89%a1%e4%b8%b9%e3%80%91%e8%b6%85%e7%89%b9%e6%92%b0%e3%80%80%e7%b4%94%e9%87%91%e7%ae%94%e5%85%a5-1-8l%e7%93%b6%e8%a9%b0/,,,,"ReadTimeout: HTTPSConnectionPool(host='www.hakubotan.co.jp', port=443): Read timed out. (read timeout=12)"
白牡丹酒造,白牡丹,長期低温熟成 大吟醸 FLUSSO,https://www.hakubotan.co.jp/products/flusso/,,,,"ReadTimeout: HTTPSConnectionPool(host='www.hakubotan.co.jp', port=443): Read timed out. (read timeout=12)"
白牡丹酒造,藝陽男山,生酛純米酒 夏仕込み,https://www.hakubotan.co.jp/products/%e3%80%90%e6%97%a5%e6%9c%ac%e9%85%92-%e8%97%9d%e9%99%bd%e7%94%b7%e5%b1%b1%e3%80%91%e7%94%9f%e9%85%9b%e7%b4%94%e7%b1%b3%e9%85%92-%e5%a4%8f%e4%bb%95%e8%be%bc%e3%81%bf-720ml%e7%93%b6%e8%a9%b0/,,,,"ReadTimeout: HTTPSConnectionPool(host='www.hakubotan.co.jp', port=443): Read timed out. (read timeout=12)"
白牡丹酒造,藝陽男山,生酛純米酒 夏仕込み おりがらみ,https://www.hakubotan.co.jp/products/%e3%80%90%e6%97%a5%e6%9c%ac%e9%85%92-%e8%97%9d%e9%99%bd%e7%94%b7%e5%b1%b1%e3%80%91%e7%94%9f%e9%85%9b%e7%b4%94%e7%b1%b3%e9%85%92-%e5%a4%8f%e4%bb%95%e8%be%bc%e3%81%bf-%e3%81%8a%e3%82%8a%e3%81%8c/,,,,"ReadTimeout: HTTPSConnectionPool(host='www.hakubotan.co.jp', port=443): Read timed out. (read timeout=12)"
白牡丹酒造,藝陽男山,生酛純米酒 夏仕込み 生酒,https://www.hakubotan.co.jp/products/%e3%80%90%e6%97%a5%e6%9c%ac%e9%85%92-%e8%97%9d%e9%99%bd%e7%94%b7%e5%b1%b1%e3%80%91%e7%94%9f%e9%85%9b%e7%b4%94%e7%b1%b3%e9%85%92-%e5%a4%8f%e4%bb%95%e8%be%bc%e3%81%bf-%e7%94%9f%e9%85%92-720ml%e7%93%b6/,,,,"ReadTimeout: HTTPSConnectionPool(host='www.hakubotan.co.jp', port=443): Read timed out. (read timeout=12)"
福美人酒造,福美人,上撰,https://www.fukubijin.co.jp/SHOP/2212.html,200.0,,,
福美人酒造,福美人,上撰 さけパック,https://www.fukubijin.co.jp/SHOP/2268.html,200.0,,,
福美人酒造,福美人,大吟醸,https://www.fukubijin.co.jp/SHOP/1157.html,200.0,,,
福美人酒造,福美人,大吟醸 蔵乃華 （ くらのはな ）,https://www.fukubijin.co.jp/SHOP/1020.html,200.0,,,
福美人酒造,福美人,大吟醸 西條酒造学校,https://www.fukubijin.co.jp/SHOP/1120.html,200.0,,,
福美人酒造,福美人,広島の酒,https://www.fukubijin.co.jp/SHOP/3110.html,200.0,,,
福美人酒造,福美人,本醸造 舞,https://www.fukubijin.co.jp/SHOP/3010.html,200.0,,,
福美人酒造,福美人,樽酒,https://www.fukubijin.co.jp/SHOP/3220.html,200.0,,,
福美人酒造,福美人,特別純米酒「ひめあま」,https://www.fukubijin.co.jp/SHOP/2080.html,200.0,,,
福美人酒造,福美人,純米吟醸,https://www.fukubijin.co.jp/SHOP/1221.html,200.0,,,
福美人酒造,福美人,純米酒,https://www.fukubijin.co.jp/SHOP/2020.html,200.0,,,
福美人酒造,福美人,純金箔入り,https://www.fukubijin.co.jp/SHOP/3818.html,200.0,,,
福美人酒造,福美人,蔵内限定 甘い口どけ豊醇原酒,https://www.fukubijin.co.jp/SHOP/2203.html,200.0,,,
西條鶴醸造,西條鶴,吟醸酒「ゴールド西條鶴」,https://saijotsuru.co.jp/?pid=157617449,200.0,,,
西條鶴醸造,西條鶴,広島流辛口吟醸 吟醸生酒,https://saijotsuru.co.jp/?pid=178569049,200.0,,,
西條鶴醸造,西條鶴,新・生酛純米原酒「Natural」,https://saijotsuru.co.jp/?pid=168115135,200.0,,,
西條鶴醸造,西條鶴,純米『愛山』70,https://saijotsuru.co.jp/?pid=191215726,200.0,,,
西條鶴醸造,西條鶴,純米にごり酒（微発泡タイプ生酒）,https://saijotsuru.co.jp/?pid=155394785,200.0,,,
西條鶴醸造,西條鶴,純米吟醸「大地の冠」,https://saijotsuru.co.jp/?pid=157617368,200.0,,,
西條鶴醸造,西條鶴,純米吟醸「雄町・秋あがり」,https://saijotsuru.co.jp/?pid=154356132,200.0,,,
西條鶴醸造,西條鶴,純米大吟醸「西鶴」,https://saijotsuru.co.jp/?pid=157617273,200.0,,,
西條鶴醸造,西條鶴,純米大吟醸原酒「神髄」,https://saijotsuru.co.jp/?pid=180817561,200.0,,,
西條鶴醸造,西條鶴,純米大吟醸原酒「飛天空」,https://saijotsuru.co.jp/?pid=154356442,200.0,,,
西條鶴醸造,西條鶴,純米生原酒,https://saijotsuru.co.jp/?pid=154356753,200.0,,,
西條鶴醸造,西條鶴,純米酒「大地の風」,https://saijotsuru.co.jp/?pid=157617524,200.0,,,
西條鶴醸造,西條鶴,辛口純米酒『きんさいや』,https://saijotsuru.co.jp/?pid=189850838,200.0,,,
西條鶴醸造,西條鶴,酒蔵限定酒・杜氏入魂無濾過純米生酒,https://saijotsuru.co.jp/?pid=154356283,200.0,,,
西條鶴醸造,西條鶴,酒蔵限定酒・無濾過純米吟醸生酒,https://saijotsuru.co.jp/?pid=154356266,200.0,,,
西條鶴醸造,西條鶴,酒蔵限定酒・無濾過純米生酒,https://saijotsuru.co.jp/?pid=154356253,200.0,,,
西條鶴醸造,西條鶴,酒蔵限定酒・純米吟醸「備前雄町」,https://saijotsuru.co.jp/?pid=154356303,200.0,,,
西條鶴醸造,西條鶴,酒蔵限定酒・純米大吟醸原酒,https://saijotsuru.co.jp/?pid=154356394,200.0,,,
賀茂泉酒造,COKUN,COKUN,https://www.kamoizumi.co.jp/sake/index.php,200.0,常温 / ぬる燗 / ロック,中生新千本(国産米100%) 精米歩合：60% アルコール度数：16度 オンラインショップ 「山吹色の酒」 純米吟醸 弊社が自信をもって醸造している純米吟醸酒を土蔵庫にて2～3年、常温でじっくり熟成させた長期熟成酒です。 本品の仕込は、三段仕込を忠実に守り活性炭素濾過を行っていないため、日本酒本来の山吹色を呈しております。 芳醇で後味さわやかな酒質です。ぬる燗でお楽しみいただくと、また違った味わいがあります。是非、お試しください。 使用米：広島八反・新千本(国産米100%) ,
賀茂泉酒造,ROCK HOPPER,純米吟醸生原酒 ROCK HOPPER,https://www.kamoizumi.co.jp/sake/index.php,200.0,常温 / ぬる燗 / ロック,中生新千本(国産米100%) 精米歩合：60% アルコール度数：16度 オンラインショップ 「山吹色の酒」 純米吟醸 弊社が自信をもって醸造している純米吟醸酒を土蔵庫にて2～3年、常温でじっくり熟成させた長期熟成酒です。 本品の仕込は、三段仕込を忠実に守り活性炭素濾過を行っていないため、日本酒本来の山吹色を呈しております。 芳醇で後味さわやかな酒質です。ぬる燗でお楽しみいただくと、また違った味わいがあります。是非、お試しください。 使用米：広島八反・新千本(国産米100%) ,
賀茂泉酒造,賀茂泉,山吹色の酒,https://www.kamoizumi.co.jp/sake/index.php,200.0,常温 / ぬる燗 / ロック,中生新千本(国産米100%) 精米歩合：60% アルコール度数：16度 オンラインショップ 「山吹色の酒」 純米吟醸 弊社が自信をもって醸造している純米吟醸酒を土蔵庫にて2～3年、常温でじっくり熟成させた長期熟成酒です。 本品の仕込は、三段仕込を忠実に守り活性炭素濾過を行っていないため、日本酒本来の山吹色を呈しております。 芳醇で後味さわやかな酒質です。ぬる燗でお楽しみいただくと、また違った味わいがあります。是非、お試しください。 使用米：広島八反・新千本(国産米100%) ,
賀茂泉酒造,賀茂泉,延寿,https://www.kamoizumi.co.jp/sake/index.php,200.0,常温 / ぬる燗 / ロック,中生新千本(国産米100%) 精米歩合：60% アルコール度数：16度 オンラインショップ 「山吹色の酒」 純米吟醸 弊社が自信をもって醸造している純米吟醸酒を土蔵庫にて2～3年、常温でじっくり熟成させた長期熟成酒です。 本品の仕込は、三段仕込を忠実に守り活性炭素濾過を行っていないため、日本酒本来の山吹色を呈しております。 芳醇で後味さわやかな酒質です。ぬる燗でお楽しみいただくと、また違った味わいがあります。是非、お試しください。 使用米：広島八反・新千本(国産米100%) ,
賀茂泉酒造,賀茂泉,朱泉本仕込,https://www.kamoizumi.co.jp/sake/index.php,200.0,常温 / ぬる燗 / ロック,中生新千本(国産米100%) 精米歩合：60% アルコール度数：16度 オンラインショップ 「山吹色の酒」 純米吟醸 弊社が自信をもって醸造している純米吟醸酒を土蔵庫にて2～3年、常温でじっくり熟成させた長期熟成酒です。 本品の仕込は、三段仕込を忠実に守り活性炭素濾過を行っていないため、日本酒本来の山吹色を呈しております。 芳醇で後味さわやかな酒質です。ぬる燗でお楽しみいただくと、また違った味わいがあります。是非、お試しください。 使用米：広島八反・新千本(国産米100%) ,
賀茂泉酒造,賀茂泉,皇寿,https://www.kamoizumi.co.jp/sake/index.php,200.0,常温 / ぬる燗 / ロック,中生新千本(国産米100%) 精米歩合：60% アルコール度数：16度 オンラインショップ 「山吹色の酒」 純米吟醸 弊社が自信をもって醸造している純米吟醸酒を土蔵庫にて2～3年、常温でじっくり熟成させた長期熟成酒です。 本品の仕込は、三段仕込を忠実に守り活性炭素濾過を行っていないため、日本酒本来の山吹色を呈しております。 芳醇で後味さわやかな酒質です。ぬる燗でお楽しみいただくと、また違った味わいがあります。是非、お試しください。 使用米：広島八反・新千本(国産米100%) ,
賀茂泉酒造,賀茂泉,緑泉本仕込,https://www.kamoizumi.co.jp/sake/index.php,200.0,常温 / ぬる燗 / ロック,中生新千本(国産米100%) 精米歩合：60% アルコール度数：16度 オンラインショップ 「山吹色の酒」 純米吟醸 弊社が自信をもって醸造している純米吟醸酒を土蔵庫にて2～3年、常温でじっくり熟成させた長期熟成酒です。 本品の仕込は、三段仕込を忠実に守り活性炭素濾過を行っていないため、日本酒本来の山吹色を呈しております。 芳醇で後味さわやかな酒質です。ぬる燗でお楽しみいただくと、また違った味わいがあります。是非、お試しください。 使用米：広島八反・新千本(国産米100%) ,
賀茂泉酒造,賀茂泉,蔵元限定 山田錦 純米吟醸生酒,https://kamoizumi.co.jp/syusenkan/s_detail.php?id=510,200.0,ロック,しょう。 酒泉館では今年も『かき氷』を販売中。 梅酒をかけて食べるかき氷と 優しい味わいの和三盆かき氷 賀茂泉のお酒に使用する≪仕込み水≫を 己斐製氷さんというプロの氷屋さんに ブロック氷にしてもらい作る 酒蔵ならではのかき氷です。 是非、食べに来てくださいね♪ 常時、酒泉館ではグラス試飲（５０ｍｌ）も提供中。 お店で瓶でお酒を売ってるのを見るけど どんな味かな～？(・・？ 量が多くて飲み切れるかな～(・・？ と買うのを悩むことありますよね！ 酒泉館では賀茂泉のほとんどの銘柄,
賀茂泉酒造,賀茂泉,造賀純米生酒,https://www.kamoizumi.co.jp/sake/index.php,200.0,常温 / ぬる燗 / ロック,中生新千本(国産米100%) 精米歩合：60% アルコール度数：16度 オンラインショップ 「山吹色の酒」 純米吟醸 弊社が自信をもって醸造している純米吟醸酒を土蔵庫にて2～3年、常温でじっくり熟成させた長期熟成酒です。 本品の仕込は、三段仕込を忠実に守り活性炭素濾過を行っていないため、日本酒本来の山吹色を呈しております。 芳醇で後味さわやかな酒質です。ぬる燗でお楽しみいただくと、また違った味わいがあります。是非、お試しください。 使用米：広島八反・新千本(国産米100%) ,
賀茂泉酒造,賀茂泉,造賀純米酒 ひやおろし,https://www.kamoizumi.co.jp/sake/index.php,200.0,常温 / ぬる燗 / ロック,中生新千本(国産米100%) 精米歩合：60% アルコール度数：16度 オンラインショップ 「山吹色の酒」 純米吟醸 弊社が自信をもって醸造している純米吟醸酒を土蔵庫にて2～3年、常温でじっくり熟成させた長期熟成酒です。 本品の仕込は、三段仕込を忠実に守り活性炭素濾過を行っていないため、日本酒本来の山吹色を呈しております。 芳醇で後味さわやかな酒質です。ぬる燗でお楽しみいただくと、また違った味わいがあります。是非、お試しください。 使用米：広島八反・新千本(国産米100%) ,
賀茂泉酒造,賀茂泉,青泉純米吟醸生酒,https://www.kamoizumi.co.jp/sake/index.php,200.0,常温 / ぬる燗 / ロック,中生新千本(国産米100%) 精米歩合：60% アルコール度数：16度 オンラインショップ 「山吹色の酒」 純米吟醸 弊社が自信をもって醸造している純米吟醸酒を土蔵庫にて2～3年、常温でじっくり熟成させた長期熟成酒です。 本品の仕込は、三段仕込を忠実に守り活性炭素濾過を行っていないため、日本酒本来の山吹色を呈しております。 芳醇で後味さわやかな酒質です。ぬる燗でお楽しみいただくと、また違った味わいがあります。是非、お試しください。 使用米：広島八反・新千本(国産米100%) ,
賀茂鶴酒造,賀茂鶴,2026蔵開き限定 純米大吟醸 山田錦 精米歩合38%,https://shop.kamotsuru.jp/SHOP/2026kurabiraki_6600hukubako.html,200.0,飲み方 / 冷酒 / 常温 / 燗酒,県内で生産された酒米の王様「山田錦」を精米歩合38％まで磨きあげた一本。 みずみずしさを感じる華やかな香りと上品な米の旨味。キレのよい後味も特徴的な純米大吟醸酒です。 【おすすめの飲み方】冷温・常温◎ アルコール分：16度以上17度未満 原材料名：米(広島県産)、米こうじ(広島県産米) 精米歩合：38％ 原料米：山田錦 100% 原料米「山田錦」の産地は東広島市高屋町造賀地区。酒蔵のある西条から北へ約10km、標高約350ｍの高原盆地に位置します。 水・日照・昼夜・夏冬の温度,
賀茂鶴酒造,賀茂鶴,UNDER 30 純米酒,https://shop.kamotsuru.jp/SHOP/under30junmai-shu720ml.html,200.0,冷酒 / 燗酒,"酒 グッズ・食品 価格から探す 1,000円以下 1,001円～3,000円 3,001円～5,000円 5,001円～10,000円 10,001円以上 シーンから探す ギフト 冷酒にオススメ 燗酒にオススメ 祝宴・晴れの席 ご結婚・結納 父の日 母の日 コンテスト受賞酒 バレンタイン 奉献酒（御供・棟上げ） 就職祝いや退職・昇進・栄転など ブランドから探す 大吟醸 賀茂鶴天凛 大吟醸 吟凛雅 スパークリング清酒 賀茂鶴光壽 純米大吟醸 瑞兆賀茂鶴 大吟醸 吉祥賀茂鶴 大吟",
賀茂鶴酒造,賀茂鶴,上撰パック,https://shop.kamotsuru.jp/SHOP/jousenpack1800.html,,,,"ConnectionError: HTTPSConnectionPool(host='shop.kamotsuru.jp', port=443): Read timed out."
賀茂鶴酒造,賀茂鶴,吟醸辛口,https://shop.kamotsuru.jp/SHOP/LG-A1.html,200.0,冷酒 / 燗酒,"酒 グッズ・食品 価格から探す 1,000円以下 1,001円～3,000円 3,001円～5,000円 5,001円～10,000円 10,001円以上 シーンから探す ギフト 冷酒にオススメ 燗酒にオススメ 祝宴・晴れの席 ご結婚・結納 父の日 母の日 コンテスト受賞酒 バレンタイン 奉献酒（御供・棟上げ） 就職祝いや退職・昇進・栄転など ブランドから探す 大吟醸 賀茂鶴天凛 大吟醸 吟凛雅 スパークリング清酒 賀茂鶴光壽 純米大吟醸 瑞兆賀茂鶴 大吟醸 吉祥賀茂鶴 大吟",
賀茂鶴酒造,賀茂鶴,大吟醸 吉祥 賀茂鶴,https://shop.kamotsuru.jp/SHOP/kissho720.html,200.0,冷酒 / 燗酒,"酒 グッズ・食品 価格から探す 1,000円以下 1,001円～3,000円 3,001円～5,000円 5,001円～10,000円 10,001円以上 シーンから探す ギフト 冷酒にオススメ 燗酒にオススメ 祝宴・晴れの席 ご結婚・結納 父の日 母の日 コンテスト受賞酒 バレンタイン 奉献酒（御供・棟上げ） 就職祝いや退職・昇進・栄転など ブランドから探す 大吟醸 賀茂鶴天凛 大吟醸 吟凛雅 スパークリング清酒 賀茂鶴光壽 純米大吟醸 瑞兆賀茂鶴 大吟醸 吉祥賀茂鶴 大吟",
賀茂鶴酒造,賀茂鶴,大吟醸 吟凛雅,https://shop.kamotsuru.jp/SHOP/ginringa900.html,,,,"ConnectionError: HTTPSConnectionPool(host='shop.kamotsuru.jp', port=443): Read timed out."
賀茂鶴酒造,賀茂鶴,大吟醸 天凜,https://shop.kamotsuru.jp/SHOP/tenrin720.html,200.0,冷酒 / 燗酒,"酒 グッズ・食品 価格から探す 1,000円以下 1,001円～3,000円 3,001円～5,000円 5,001円～10,000円 10,001円以上 シーンから探す ギフト 冷酒にオススメ 燗酒にオススメ 祝宴・晴れの席 ご結婚・結納 父の日 母の日 コンテスト受賞酒 バレンタイン 奉献酒（御供・棟上げ） 就職祝いや退職・昇進・栄転など ブランドから探す 大吟醸 賀茂鶴天凛 大吟醸 吟凛雅 スパークリング清酒 賀茂鶴光壽 純米大吟醸 瑞兆賀茂鶴 大吟醸 吉祥賀茂鶴 大吟",
賀茂鶴酒造,賀茂鶴,大吟醸 特製ゴールド賀茂鶴,https://shop.kamotsuru.jp/SHOP/GK-A2.html,200.0,冷酒 / 燗酒,"酒 グッズ・食品 価格から探す 1,000円以下 1,001円～3,000円 3,001円～5,000円 5,001円～10,000円 10,001円以上 シーンから探す ギフト 冷酒にオススメ 燗酒にオススメ 祝宴・晴れの席 ご結婚・結納 父の日 母の日 コンテスト受賞酒 バレンタイン 奉献酒（御供・棟上げ） 就職祝いや退職・昇進・栄転など ブランドから探す 大吟醸 賀茂鶴天凛 大吟醸 吟凛雅 スパークリング清酒 賀茂鶴光壽 純米大吟醸 瑞兆賀茂鶴 大吟醸 吉祥賀茂鶴 大吟",
賀茂鶴酒造,賀茂鶴,大吟醸 賀茂鶴 双鶴,https://shop.kamotsuru.jp/SHOP/SK-A1.html,200.0,冷酒 / 燗酒,"酒 グッズ・食品 価格から探す 1,000円以下 1,001円～3,000円 3,001円～5,000円 5,001円～10,000円 10,001円以上 シーンから探す ギフト 冷酒にオススメ 燗酒にオススメ 祝宴・晴れの席 ご結婚・結納 父の日 母の日 コンテスト受賞酒 バレンタイン 奉献酒（御供・棟上げ） 就職祝いや退職・昇進・栄転など ブランドから探す 大吟醸 賀茂鶴天凛 大吟醸 吟凛雅 スパークリング清酒 賀茂鶴光壽 純米大吟醸 瑞兆賀茂鶴 大吟醸 吉祥賀茂鶴 大吟",
賀茂鶴酒造,賀茂鶴,大吟醸 限定搾汁,https://shop.kamotsuru.jp/SHOP/346519/346484/list.html,200.0,冷酒 / 燗酒,"酒 グッズ・食品 価格から探す 1,000円以下 1,001円～3,000円 3,001円～5,000円 5,001円～10,000円 10,001円以上 シーンから探す ギフト 冷酒にオススメ 燗酒にオススメ 祝宴・晴れの席 ご結婚・結納 父の日 母の日 コンテスト受賞酒 バレンタイン 奉献酒（御供・棟上げ） 就職祝いや退職・昇進・栄転など ブランドから探す 大吟醸 賀茂鶴天凛 大吟醸 吟凛雅 スパークリング清酒 賀茂鶴光壽 純米大吟醸 瑞兆賀茂鶴 大吟醸 吉祥賀茂鶴 大吟",
賀茂鶴酒造,賀茂鶴,大吟醸原酒 あらばしり,https://shop.kamotsuru.jp/SHOP/346440/346519/list.html,200.0,冷酒 / 燗酒 / 冷やして,"酒 グッズ・食品 価格から探す 1,000円以下 1,001円～3,000円 3,001円～5,000円 5,001円～10,000円 10,001円以上 シーンから探す ギフト 冷酒にオススメ 燗酒にオススメ 祝宴・晴れの席 ご結婚・結納 父の日 母の日 コンテスト受賞酒 バレンタイン 奉献酒（御供・棟上げ） 就職祝いや退職・昇進・栄転など ブランドから探す 大吟醸 賀茂鶴天凛 大吟醸 吟凛雅 スパークリング清酒 賀茂鶴光壽 純米大吟醸 瑞兆賀茂鶴 大吟醸 吉祥賀茂鶴 大吟",
賀茂鶴酒造,賀茂鶴,本醸造 からくち,https://shop.kamotsuru.jp/SHOP/honkara1800.html,200.0,冷酒 / 燗酒,"酒 グッズ・食品 価格から探す 1,000円以下 1,001円～3,000円 3,001円～5,000円 5,001円～10,000円 10,001円以上 シーンから探す ギフト 冷酒にオススメ 燗酒にオススメ 祝宴・晴れの席 ご結婚・結納 父の日 母の日 コンテスト受賞酒 バレンタイン 奉献酒（御供・棟上げ） 就職祝いや退職・昇進・栄転など ブランドから探す 大吟醸 賀茂鶴天凛 大吟醸 吟凛雅 スパークリング清酒 賀茂鶴光壽 純米大吟醸 瑞兆賀茂鶴 大吟醸 吉祥賀茂鶴 大吟",
賀茂鶴酒造,賀茂鶴,本醸造 上等酒,https://shop.kamotsuru.jp/SHOP/joutou1800.html,200.0,冷酒 / ぬる燗 / 熱燗 / 燗酒,"酒 グッズ・食品 価格から探す 1,000円以下 1,001円～3,000円 3,001円～5,000円 5,001円～10,000円 10,001円以上 シーンから探す ギフト 冷酒にオススメ 燗酒にオススメ 祝宴・晴れの席 ご結婚・結納 父の日 母の日 コンテスト受賞酒 バレンタイン 奉献酒（御供・棟上げ） 就職祝いや退職・昇進・栄転など ブランドから探す 大吟醸 賀茂鶴天凛 大吟醸 吟凛雅 スパークリング清酒 賀茂鶴光壽 純米大吟醸 瑞兆賀茂鶴 大吟醸 吉祥賀茂鶴 大吟",
賀茂鶴酒造,賀茂鶴,本醸造生貯蔵酒 ひやしざけ,https://shop.kamotsuru.jp/SHOP/hiyashizake720.html,200.0,冷酒 / 常温 / 燗酒 / 冷やして,"酒 グッズ・食品 価格から探す 1,000円以下 1,001円～3,000円 3,001円～5,000円 5,001円～10,000円 10,001円以上 シーンから探す ギフト 冷酒にオススメ 燗酒にオススメ 祝宴・晴れの席 ご結婚・結納 父の日 母の日 コンテスト受賞酒 バレンタイン 奉献酒（御供・棟上げ） 就職祝いや退職・昇進・栄転など ブランドから探す 大吟醸 賀茂鶴天凛 大吟醸 吟凛雅 スパークリング清酒 賀茂鶴光壽 純米大吟醸 瑞兆賀茂鶴 大吟醸 吉祥賀茂鶴 大吟",
賀茂鶴酒造,賀茂鶴,樽酒,https://shop.kamotsuru.jp/SHOP/taruzake1800.html,200.0,飲み頃 / 冷酒 / ぬる燗 / 燗酒,×115×410（ｍｍ） （1.8L瓶サイズ：110×110×400（ｍｍ）） 穏やかな杉の香り まろやかな味わい 芳醇な味わいの「賀茂鶴」を杉樽に貯蔵し、 杉の香りが移った最高の飲み頃時期に瓶詰めしました。 樽酒特有の香りとコク、旨みを、お楽しみ下さい。 賀茂鶴の味わい 賀茂鶴の酒は創醸以来「アマ・カラ・ピン・ウマ」の四拍子揃った味を心掛けています。 歴代の杜氏が醸し続けてきた味を守ることは、ただ同じ味を造り続けることではありません。 受け継がれてきた酒造りの技を今に伝えさ,
賀茂鶴酒造,賀茂鶴,特別本醸造 蔵出し原酒,https://shop.kamotsuru.jp/SHOP/kuradashi-genshu720.html,200.0,冷酒 / 燗酒,"酒 グッズ・食品 価格から探す 1,000円以下 1,001円～3,000円 3,001円～5,000円 5,001円～10,000円 10,001円以上 シーンから探す ギフト 冷酒にオススメ 燗酒にオススメ 祝宴・晴れの席 ご結婚・結納 父の日 母の日 コンテスト受賞酒 バレンタイン 奉献酒（御供・棟上げ） 就職祝いや退職・昇進・栄転など ブランドから探す 大吟醸 賀茂鶴天凛 大吟醸 吟凛雅 スパークリング清酒 賀茂鶴光壽 純米大吟醸 瑞兆賀茂鶴 大吟醸 吉祥賀茂鶴 大吟",
賀茂鶴酒造,賀茂鶴,特別本醸造 超特撰特等酒,https://shop.kamotsuru.jp/SHOP/tokutou1800.html,200.0,飲み方 / 冷酒 / ぬる燗 / 燗酒,長きにわたりお取扱いいただいております。 燗にして旨味が増し、料理の味を引き立たせます。 京都・先斗町「ますだ」の太田晴章さんは賀茂鶴法人設立100周年誌のインタビューで、「どんな飲み方にも料理にも応えてくれる。そんな器の大きいお酒だと思います。」とおっしゃっています。 是非、一度おいしいお料理と一緒にお召し上がりください。 「おうちキャンプ」「キャンプ」にお燗酒 秋から冬にかけては燗酒がおすすめです。「燗酒」は安らぎを感じさせ、ときには 癒しを感じさせるといいます。「キャン,
賀茂鶴酒造,賀茂鶴,生囲い純米,https://shop.kamotsuru.jp/SHOP/namakakoi-junmai720.html,200.0,冷酒 / 燗酒,"酒 グッズ・食品 価格から探す 1,000円以下 1,001円～3,000円 3,001円～5,000円 5,001円～10,000円 10,001円以上 シーンから探す ギフト 冷酒にオススメ 燗酒にオススメ 祝宴・晴れの席 ご結婚・結納 父の日 母の日 コンテスト受賞酒 バレンタイン 奉献酒（御供・棟上げ） 就職祝いや退職・昇進・栄転など ブランドから探す 大吟醸 賀茂鶴天凛 大吟醸 吟凛雅 スパークリング清酒 賀茂鶴光壽 純米大吟醸 瑞兆賀茂鶴 大吟醸 吉祥賀茂鶴 大吟",
賀茂鶴酒造,賀茂鶴,生貯蔵酒 冷温「蔵生」囲い,https://shop.kamotsuru.jp/SHOP/kuranama1800.html,200.0,冷酒 / 燗酒,"酒 グッズ・食品 価格から探す 1,000円以下 1,001円～3,000円 3,001円～5,000円 5,001円～10,000円 10,001円以上 シーンから探す ギフト 冷酒にオススメ 燗酒にオススメ 祝宴・晴れの席 ご結婚・結納 父の日 母の日 コンテスト受賞酒 バレンタイン 奉献酒（御供・棟上げ） 就職祝いや退職・昇進・栄転など ブランドから探す 大吟醸 賀茂鶴天凛 大吟醸 吟凛雅 スパークリング清酒 賀茂鶴光壽 純米大吟醸 瑞兆賀茂鶴 大吟醸 吉祥賀茂鶴 大吟",
賀茂鶴酒造,賀茂鶴,白壁の郷,https://shop.kamotsuru.jp/SHOP/sirakabe1800.html,200.0,冷酒 / 熱燗 / 燗酒,"酒 グッズ・食品 価格から探す 1,000円以下 1,001円～3,000円 3,001円～5,000円 5,001円～10,000円 10,001円以上 シーンから探す ギフト 冷酒にオススメ 燗酒にオススメ 祝宴・晴れの席 ご結婚・結納 父の日 母の日 コンテスト受賞酒 バレンタイン 奉献酒（御供・棟上げ） 就職祝いや退職・昇進・栄転など ブランドから探す 大吟醸 賀茂鶴天凛 大吟醸 吟凛雅 スパークリング清酒 賀茂鶴光壽 純米大吟醸 瑞兆賀茂鶴 大吟醸 吉祥賀茂鶴 大吟",
賀茂鶴酒造,賀茂鶴,純米吟醸,https://shop.kamotsuru.jp/SHOP/GP-A1.html,200.0,冷酒 / ぬる燗 / 燗酒,"酒 グッズ・食品 価格から探す 1,000円以下 1,001円～3,000円 3,001円～5,000円 5,001円～10,000円 10,001円以上 シーンから探す ギフト 冷酒にオススメ 燗酒にオススメ 祝宴・晴れの席 ご結婚・結納 父の日 母の日 コンテスト受賞酒 バレンタイン 奉献酒（御供・棟上げ） 就職祝いや退職・昇進・栄転など ブランドから探す 大吟醸 賀茂鶴天凛 大吟醸 吟凛雅 スパークリング清酒 賀茂鶴光壽 純米大吟醸 瑞兆賀茂鶴 大吟醸 吉祥賀茂鶴 大吟",
賀茂鶴酒造,賀茂鶴,純米吟醸 一滴入魂,https://shop.kamotsuru.jp/SHOP/itteki720.html,200.0,冷酒 / 熱燗 / 燗酒 / 冷やして,"酒 グッズ・食品 価格から探す 1,000円以下 1,001円～3,000円 3,001円～5,000円 5,001円～10,000円 10,001円以上 シーンから探す ギフト 冷酒にオススメ 燗酒にオススメ 祝宴・晴れの席 ご結婚・結納 父の日 母の日 コンテスト受賞酒 バレンタイン 奉献酒（御供・棟上げ） 就職祝いや退職・昇進・栄転など ブランドから探す 大吟醸 賀茂鶴天凛 大吟醸 吟凛雅 スパークリング清酒 賀茂鶴光壽 純米大吟醸 瑞兆賀茂鶴 大吟醸 吉祥賀茂鶴 大吟",
賀茂鶴酒造,賀茂鶴,純米吟醸 五,https://shop.kamotsuru.jp/SHOP/junmaiginjo-go.html,200.0,冷酒 / 燗酒,"酒 グッズ・食品 価格から探す 1,000円以下 1,001円～3,000円 3,001円～5,000円 5,001円～10,000円 10,001円以上 シーンから探す ギフト 冷酒にオススメ 燗酒にオススメ 祝宴・晴れの席 ご結婚・結納 父の日 母の日 コンテスト受賞酒 バレンタイン 奉献酒（御供・棟上げ） 就職祝いや退職・昇進・栄転など ブランドから探す 大吟醸 賀茂鶴天凛 大吟醸 吟凛雅 スパークリング清酒 賀茂鶴光壽 純米大吟醸 瑞兆賀茂鶴 大吟醸 吉祥賀茂鶴 大吟",
賀茂鶴酒造,賀茂鶴,純米大吟醸 大吟峰,https://shop.kamotsuru.jp/SHOP/originalbottle_DK-B1.html,200.0,冷酒 / 燗酒,"酒 グッズ・食品 価格から探す 1,000円以下 1,001円～3,000円 3,001円～5,000円 5,001円～10,000円 10,001円以上 シーンから探す ギフト 冷酒にオススメ 燗酒にオススメ 祝宴・晴れの席 ご結婚・結納 父の日 母の日 コンテスト受賞酒 バレンタイン 奉献酒（御供・棟上げ） 就職祝いや退職・昇進・栄転など ブランドから探す 大吟醸 賀茂鶴天凛 大吟醸 吟凛雅 スパークリング清酒 賀茂鶴光壽 純米大吟醸 瑞兆賀茂鶴 大吟醸 吉祥賀茂鶴 大吟",
賀茂鶴酒造,賀茂鶴,純米大吟醸 広島錦,https://shop.kamotsuru.jp/SHOP/HK-180.html,200.0,冷酒 / 燗酒,"酒 グッズ・食品 価格から探す 1,000円以下 1,001円～3,000円 3,001円～5,000円 5,001円～10,000円 10,001円以上 シーンから探す ギフト 冷酒にオススメ 燗酒にオススメ 祝宴・晴れの席 ご結婚・結納 父の日 母の日 コンテスト受賞酒 バレンタイン 奉献酒（御供・棟上げ） 就職祝いや退職・昇進・栄転など ブランドから探す 大吟醸 賀茂鶴天凛 大吟醸 吟凛雅 スパークリング清酒 賀茂鶴光壽 純米大吟醸 瑞兆賀茂鶴 大吟醸 吉祥賀茂鶴 大吟",
賀茂鶴酒造,賀茂鶴,純米大吟醸 広島錦 精米歩合38% 超辛口,https://shop.kamotsuru.jp/SHOP/hiroshimanishiki38_karakuchi.html,200.0,飲み方 / 冷酒 / 常温 / 燗酒 / 冷やして,口好きの方にこそ、味わっていただきたい蔵元限定酒です。おすすめはこれからの季節にぴったりの「冷温」で。ぜひキンキンに冷やして。 一味違う、異色の一本をこの機会にぜひ。 【おすすめの飲み方】冷温◎・常温〇 ※事前予約商品となります。10/14(火)頃より順次発送予定です。 --> 種籾からよみがえった幻の酒米「広島錦」 昭和初期、広島県の推奨品種として栽培されていたものの、背丈が高く倒れやすいことから次第に作られなくなりました。 しかし酒に仕立てると、芳醇でふくらみのある味わい,
賀茂鶴酒造,賀茂鶴,純米大吟醸 広系酒33号,https://shop.kamotsuru.jp/SHOP/junmaidaiginjo-hirokei720.html,200.0,冷酒 / 燗酒,"酒 グッズ・食品 価格から探す 1,000円以下 1,001円～3,000円 3,001円～5,000円 5,001円～10,000円 10,001円以上 シーンから探す ギフト 冷酒にオススメ 燗酒にオススメ 祝宴・晴れの席 ご結婚・結納 父の日 母の日 コンテスト受賞酒 バレンタイン 奉献酒（御供・棟上げ） 就職祝いや退職・昇進・栄転など ブランドから探す 大吟醸 賀茂鶴天凛 大吟醸 吟凛雅 スパークリング清酒 賀茂鶴光壽 純米大吟醸 瑞兆賀茂鶴 大吟醸 吉祥賀茂鶴 大吟",
賀茂鶴酒造,賀茂鶴,純米大吟醸 瑞兆賀茂鶴,https://shop.kamotsuru.jp/SHOP/zuicho720.html,200.0,飲み頃 / 冷酒 / 常温 / ぬる燗 / 燗酒,"ます。 商品紹介 ■内容量 720ml ■アルコール分 16度以上17度未満 ■原材料名 米（広島県産）、米こうじ（広島県産米） ■原料米 山田錦100% ■精米歩合 38％ 【 飲み頃温度／冷温 ◎・常温 ◎・ぬる燗 ー・上燗 ー 】 function escape_html (string) { if(typeof string !== 'string') { return string; } return string.replace(/[&'`""<>]/g, func",
賀茂鶴酒造,賀茂鶴,純米酒,https://shop.kamotsuru.jp/SHOP/junmai1800.html,200.0,冷酒 / 燗酒 / 冷やして,"酒 グッズ・食品 価格から探す 1,000円以下 1,001円～3,000円 3,001円～5,000円 5,001円～10,000円 10,001円以上 シーンから探す ギフト 冷酒にオススメ 燗酒にオススメ 祝宴・晴れの席 ご結婚・結納 父の日 母の日 コンテスト受賞酒 バレンタイン 奉献酒（御供・棟上げ） 就職祝いや退職・昇進・栄転など ブランドから探す 大吟醸 賀茂鶴天凛 大吟醸 吟凛雅 スパークリング清酒 賀茂鶴光壽 純米大吟醸 瑞兆賀茂鶴 大吟醸 吉祥賀茂鶴 大吟",
賀茂鶴酒造,賀茂鶴,純米酒 しぼりたて,https://shop.kamotsuru.jp/SHOP/346519/346479/list.html,200.0,冷酒 / 燗酒,"酒 グッズ・食品 価格から探す 1,000円以下 1,001円～3,000円 3,001円～5,000円 5,001円～10,000円 10,001円以上 シーンから探す ギフト 冷酒にオススメ 燗酒にオススメ 祝宴・晴れの席 ご結婚・結納 父の日 母の日 コンテスト受賞酒 バレンタイン 奉献酒（御供・棟上げ） 就職祝いや退職・昇進・栄転など ブランドから探す 大吟醸 賀茂鶴天凛 大吟醸 吟凛雅 スパークリング清酒 賀茂鶴光壽 純米大吟醸 瑞兆賀茂鶴 大吟醸 吉祥賀茂鶴 大吟",
賀茂鶴酒造,賀茂鶴,純米酒 にごり酒,https://shop.kamotsuru.jp/SHOP/346519/346502/list.html,200.0,冷酒 / 燗酒,"酒 グッズ・食品 価格から探す 1,000円以下 1,001円～3,000円 3,001円～5,000円 5,001円～10,000円 10,001円以上 シーンから探す ギフト 冷酒にオススメ 燗酒にオススメ 祝宴・晴れの席 ご結婚・結納 父の日 母の日 コンテスト受賞酒 バレンタイン 奉献酒（御供・棟上げ） 就職祝いや退職・昇進・栄転など ブランドから探す 大吟醸 賀茂鶴天凛 大吟醸 吟凛雅 スパークリング清酒 賀茂鶴光壽 純米大吟醸 瑞兆賀茂鶴 大吟醸 吉祥賀茂鶴 大吟",
賀茂鶴酒造,賀茂鶴,純米酒 ひやおろし,https://shop.kamotsuru.jp/SHOP/hiyaoroshi720.html,200.0,飲み頃 / 冷酒 / 燗酒 / 冷やして,の熟成した味わい 2026年、秋の季節限定酒「純米 ひやおろし」。 「ひやおろし」は、涼しい蔵で夏のあいだじっくりと熟成させた純米酒。 トンボが舞い始める秋口に、ほどよい熟成を経た飲み頃の状態で出荷されます。 穏やかな香りと奥行きのある味わいは、秋の味覚に寄り添い、食中酒に最適。 残暑の頃は冷やして爽やかに、気温が下がれば燗で温かみを楽しめる、温度帯を選ばず味わえる一本です。 〈賀茂鶴酒造 二号蔵杜氏 椋田茂 醸造〉 広島県産「雄町」100％使用 お隣の岡山県で生まれた酒米「,
賀茂鶴酒造,賀茂鶴,花咲かじいさん 純米吟醸 萌えいぶき,https://shop.kamotsuru.jp/SHOP/346441/346462/list.html,200.0,冷酒 / 燗酒 / 冷やして,"冷酒におすすめ 賀茂鶴 直営オンラインストア (function(w,d,s,l,i){w[l]=w[l]||[];w[l].push({'gtm.start': new Date().getTime(),event:'gtm.js'});var f=d.getElementsByTagName(s)[0], j=d.createElement(s),dl= ||  価格から探す 1,000円以下 1,001円～3,000円 3,001円～5,000円 5,001円～10,0",
賀茂鶴酒造,賀茂鶴,豊醇冷酒,https://shop.kamotsuru.jp/SHOP/346437/346505/list.html,200.0,冷酒 / 燗酒 / 冷やして,"豊醇冷酒 賀茂鶴 直営オンラインストア (function(w,d,s,l,i){w[l]=w[l]||[];w[l].push({'gtm.start': new Date().getTime(),event:'gtm.js'});var f=d.getElementsByTagName(s)[0], j=d.createElement(s),dl=l!='d ||  価格から探す 1,000円以下 1,001円～3,000円 3,001円～5,000円 5,001円～10",
賀茂鶴酒造,賀茂鶴,賀茂鶴 光壽,https://shop.kamotsuru.jp/SHOP/kouju750.html,200.0,飲み頃 / 冷酒 / 常温 / ぬる燗 / 燗酒,内二次発酵純米酒 ■内容量 750ml ■アルコール分 10度以上11度未満 ■原材料名 米（広島県産）、米こうじ（広島県産米） ■原料米 山田錦100% ■精米歩合 28％ 【 飲み頃温度／冷温 ◎・常温 〇・ぬる燗 ー・上燗 ー 】 ご注意 受注生産品 商品到着まで少しだけお時間を頂戴します。ご注文から2営業日以降の出荷です。 到着後は冷蔵庫へ 常温で発送可能なよう商品設計しています。お客様へは常温配送させていただきますが、商品到着後は冷蔵庫で保存をお勧めします。 ひと月,
賀茂鶴酒造,賀茂鶴,金紋,https://shop.kamotsuru.jp/SHOP/kinmon1800.html,200.0,冷酒 / 燗酒,"酒 グッズ・食品 価格から探す 1,000円以下 1,001円～3,000円 3,001円～5,000円 5,001円～10,000円 10,001円以上 シーンから探す ギフト 冷酒にオススメ 燗酒にオススメ 祝宴・晴れの席 ご結婚・結納 父の日 母の日 コンテスト受賞酒 バレンタイン 奉献酒（御供・棟上げ） 就職祝いや退職・昇進・栄転など ブランドから探す 大吟醸 賀茂鶴天凛 大吟醸 吟凛雅 スパークリング清酒 賀茂鶴光壽 純米大吟醸 瑞兆賀茂鶴 大吟醸 吉祥賀茂鶴 大吟",
賀茂鶴酒造,賀茂鶴,青冴え 2026 純米吟醸生原酒,https://shop.kamotsuru.jp/SHOP/346441/346462/list.html,200.0,冷酒 / 燗酒 / 冷やして,"冷酒におすすめ 賀茂鶴 直営オンラインストア (function(w,d,s,l,i){w[l]=w[l]||[];w[l].push({'gtm.start': new Date().getTime(),event:'gtm.js'});var f=d.getElementsByTagName(s)[0], j=d.createElement(s),dl= ||  価格から探す 1,000円以下 1,001円～3,000円 3,001円～5,000円 5,001円～10,0",
賀茂鶴酒造,酒中在心,酒中在心 橙 純米吟醸 生もと 八反35号,https://shop.kamotsuru.jp/SHOP/shutyuzaishin-daidai_1800.html,200.0,飲み頃 / 冷酒 / 常温 / ぬる燗 / 燗酒,手法の一つです。 「生もと造り」の工程の一つ「もと擦り」は桶の中の蒸し米と麹を2人1組になってすり潰す、骨の折れる重労働。 2号蔵の醸造社員が寒さに耐え、作業をこなしました。 【 飲み頃温度／冷温 ◎・常温 ◎・ぬる燗 ○・上燗 ー 】 内容量：720ml アルコール分：16度以上17度未満 原材料名：米(広島県産)、米こうじ(広島県産米) 精米歩合：60％ 原料米：八反35号 100% 賀茂鶴の酒造り 「賀茂鶴が追及する “アマ・カラ・ピン・ウマ”」 賀茂鶴酒造の蔵には1枚,
賀茂鶴酒造,酒中在心,酒中在心 茜 純米酒 広島錦,https://shop.kamotsuru.jp/SHOP/shutyuzaishin-akane_1800.html,200.0,飲み頃 / 冷酒 / 常温 / ぬる燗 / 燗酒,なる特徴でしたが、背が高く倒れやすいなどの理由から栽培されなくなりました。賀茂鶴酒造は、その芳醇な味わいを求め、高宮地区の委託農家様のご協力のもと「広島錦」を復活させました。 【 飲み頃温度／冷温 ー・常温 △・ぬる燗 ○・上燗 ◎ 】 ぬる燗で優しく、温めるごとにキレが増す「燗上がり純米酒」です。 ふくらみと奥行きがある味わいをお楽しみください。 ・内容量：1.8L ・アルコール分：15度以上16度未満 ・原材料名：米（広島県産）、米こうじ（広島県産米） ・原料米：広島錦1,
賀茂鶴酒造,酒中在心,酒中在心 藍 特別純米酒 生もと 雄町,https://shop.kamotsuru.jp/SHOP/shutyuzaishin-ai_1800.html,200.0,飲み頃 / 冷酒 / 常温 / ぬる燗 / 燗酒,手法の一つです。 「生もと造り」の工程の一つ「もと擦り」は桶の中の蒸し米と麹を2人1組になってすり潰す、骨の折れる重労働。 2号蔵の醸造社員が寒さに耐え、作業をこなしました。 【 飲み頃温度／冷温○ ・常温◎・ぬる燗○・上燗ー 】 内容量：720ｍｌ アルコール分：16度以上17度未満 原材料名：米(広島県産)、米こうじ(広島県産米) 精米歩合：60％ 原料米：雄町 100% 賀茂鶴の酒造り 「賀茂鶴が追及する “アマ・カラ・ピン・ウマ”」 賀茂鶴酒造の蔵には1枚の文章が入っ,
賀茂鶴酒造,酒中在心,酒中在心 鶯 純米大吟醸 山田錦,https://shop.kamotsuru.jp/SHOP/shutyuzaishin-uguisu_720.html,200.0,飲み頃 / 冷酒 / 常温 / ぬる燗 / 燗酒,区の田畑を潤わせます。水・日照・昼夜の温度差などの自然条件に恵まれ、稲作が盛んな地域で平成４年東広島市酒米栽培酔心協議会が立ち上がり、山田錦の栽培が行われるようになりました。 【 飲み頃温度／冷温◎・常温○ ・ぬる燗ー・上燗ー 】 葡萄を連想させる華やかな香りと膨らみある米の旨味。 盃を重ねるごとに「旨味が増す純米大吟醸」です。 内容量：720ｍｌ アルコール分：16度以上17度未満 原材料名：米(広島県産)、米こうじ(広島県産米) 精米歩合：38％ 原料米：山田錦 100%,
金光酒造,桜吹雪,桜吹雪 特別純米うすにごり生,https://www.kamokin.com/line_up/Limited/limited.html,200.0,燗酒 / ロック / 冷やして,"当たりと程よい酸味が調和した、丸みのあるお酒に仕上がっています。お燗もgood! ※販売開始時期 9月上旬 720㎖ 1,958円（税込） 1.8ℓ 3,476円（税込） 純米 お燗酒 原材料名／米（国産） 米こうじ（国産米） 精米歩合／麹米 60% 掛米 65% アルコール分／15度 冬の限定酒。 寒い冬はやっぱりお燗！ しっかりとした味わいのあるお酒です。 ※販売開始時期 10月中旬 720ml 無し 1.8ℓ 2,948円（税込） Message About Us Co",
金光酒造,賀茂金秀,賀茂金秀 SUITOH,https://www.kamokin.com/line_up/Limited/limited.html,200.0,燗酒 / ロック / 冷やして,"当たりと程よい酸味が調和した、丸みのあるお酒に仕上がっています。お燗もgood! ※販売開始時期 9月上旬 720㎖ 1,958円（税込） 1.8ℓ 3,476円（税込） 純米 お燗酒 原材料名／米（国産） 米こうじ（国産米） 精米歩合／麹米 60% 掛米 65% アルコール分／15度 冬の限定酒。 寒い冬はやっぱりお燗！ しっかりとした味わいのあるお酒です。 ※販売開始時期 10月中旬 720ml 無し 1.8ℓ 2,948円（税込） Message About Us Co",
金光酒造,賀茂金秀,賀茂金秀 特別純米,https://www.kamokin.com/line_up/regular.html,200.0,ロック,===== 年齢確認ポップアップ（BiNDup「ページ設定 > スクリプトと詳細設定」貼り付け用） このコード一式を、head内に挿入するタグの欄にそのまま貼り付けてください。 ブロックエディタの「カスタムタグ」には貼り付けないでください。 ============================================================ */ (function () { // ---- 設定項目 ---------------------------,
金光酒造,賀茂金秀,賀茂金秀 特別純米 秋あがり,https://www.kamokin.com/line_up/Limited/limited.html,200.0,燗酒 / ロック / 冷やして,"当たりと程よい酸味が調和した、丸みのあるお酒に仕上がっています。お燗もgood! ※販売開始時期 9月上旬 720㎖ 1,958円（税込） 1.8ℓ 3,476円（税込） 純米 お燗酒 原材料名／米（国産） 米こうじ（国産米） 精米歩合／麹米 60% 掛米 65% アルコール分／15度 冬の限定酒。 寒い冬はやっぱりお燗！ しっかりとした味わいのあるお酒です。 ※販売開始時期 10月中旬 720ml 無し 1.8ℓ 2,948円（税込） Message About Us Co",
金光酒造,賀茂金秀,賀茂金秀 純米 お燗酒,https://www.kamokin.com/line_up/Limited/limited.html,200.0,燗酒 / ロック / 冷やして,"当たりと程よい酸味が調和した、丸みのあるお酒に仕上がっています。お燗もgood! ※販売開始時期 9月上旬 720㎖ 1,958円（税込） 1.8ℓ 3,476円（税込） 純米 お燗酒 原材料名／米（国産） 米こうじ（国産米） 精米歩合／麹米 60% 掛米 65% アルコール分／15度 冬の限定酒。 寒い冬はやっぱりお燗！ しっかりとした味わいのあるお酒です。 ※販売開始時期 10月中旬 720ml 無し 1.8ℓ 2,948円（税込） Message About Us Co",
金光酒造,賀茂金秀,賀茂金秀 純米しぼりたて生,https://www.kamokin.com/line_up/Limited/limited.html,200.0,燗酒 / ロック / 冷やして,"当たりと程よい酸味が調和した、丸みのあるお酒に仕上がっています。お燗もgood! ※販売開始時期 9月上旬 720㎖ 1,958円（税込） 1.8ℓ 3,476円（税込） 純米 お燗酒 原材料名／米（国産） 米こうじ（国産米） 精米歩合／麹米 60% 掛米 65% アルコール分／15度 冬の限定酒。 寒い冬はやっぱりお燗！ しっかりとした味わいのあるお酒です。 ※販売開始時期 10月中旬 720ml 無し 1.8ℓ 2,948円（税込） Message About Us Co",
金光酒造,賀茂金秀,賀茂金秀 純米吟醸 愛山,https://www.kamokin.com/line_up/Limited/limited.html,200.0,燗酒 / ロック / 冷やして,"当たりと程よい酸味が調和した、丸みのあるお酒に仕上がっています。お燗もgood! ※販売開始時期 9月上旬 720㎖ 1,958円（税込） 1.8ℓ 3,476円（税込） 純米 お燗酒 原材料名／米（国産） 米こうじ（国産米） 精米歩合／麹米 60% 掛米 65% アルコール分／15度 冬の限定酒。 寒い冬はやっぱりお燗！ しっかりとした味わいのあるお酒です。 ※販売開始時期 10月中旬 720ml 無し 1.8ℓ 2,948円（税込） Message About Us Co",
金光酒造,賀茂金秀,賀茂金秀 純米吟醸 雄町,https://www.kamokin.com/line_up/regular.html,200.0,ロック,===== 年齢確認ポップアップ（BiNDup「ページ設定 > スクリプトと詳細設定」貼り付け用） このコード一式を、head内に挿入するタグの欄にそのまま貼り付けてください。 ブロックエディタの「カスタムタグ」には貼り付けないでください。 ============================================================ */ (function () { // ---- 設定項目 ---------------------------,
金光酒造,賀茂金秀,賀茂金秀 純米大吟醸35,https://www.kamokin.com/line_up/regular.html,200.0,ロック,===== 年齢確認ポップアップ（BiNDup「ページ設定 > スクリプトと詳細設定」貼り付け用） このコード一式を、head内に挿入するタグの欄にそのまま貼り付けてください。 ブロックエディタの「カスタムタグ」には貼り付けないでください。 ============================================================ */ (function () { // ---- 設定項目 ---------------------------,
金光酒造,賀茂金秀,賀茂金秀 純米大吟醸40,https://www.kamokin.com/line_up/regular.html,200.0,ロック,===== 年齢確認ポップアップ（BiNDup「ページ設定 > スクリプトと詳細設定」貼り付け用） このコード一式を、head内に挿入するタグの欄にそのまま貼り付けてください。 ブロックエディタの「カスタムタグ」には貼り付けないでください。 ============================================================ */ (function () { // ---- 設定項目 ---------------------------,
金光酒造,賀茂金秀,賀茂金秀 辛口夏純,https://www.kamokin.com/line_up/Limited/limited.html,200.0,燗酒 / ロック / 冷やして,"当たりと程よい酸味が調和した、丸みのあるお酒に仕上がっています。お燗もgood! ※販売開始時期 9月上旬 720㎖ 1,958円（税込） 1.8ℓ 3,476円（税込） 純米 お燗酒 原材料名／米（国産） 米こうじ（国産米） 精米歩合／麹米 60% 掛米 65% アルコール分／15度 冬の限定酒。 寒い冬はやっぱりお燗！ しっかりとした味わいのあるお酒です。 ※販売開始時期 10月中旬 720ml 無し 1.8ℓ 2,948円（税込） Message About Us Co",
金光酒造,賀茂金秀,賀茂金秀 辛口特別純米,https://www.kamokin.com/line_up/regular.html,200.0,ロック,===== 年齢確認ポップアップ（BiNDup「ページ設定 > スクリプトと詳細設定」貼り付け用） このコード一式を、head内に挿入するタグの欄にそのまま貼り付けてください。 ブロックエディタの「カスタムタグ」には貼り付けないでください。 ============================================================ */ (function () { // ---- 設定項目 ---------------------------,
金光酒造,賀茂金秀,賀茂金秀 麗酸 雄町60,https://www.kamokin.com/line_up/Limited/limited.html,200.0,燗酒 / ロック / 冷やして,"当たりと程よい酸味が調和した、丸みのあるお酒に仕上がっています。お燗もgood! ※販売開始時期 9月上旬 720㎖ 1,958円（税込） 1.8ℓ 3,476円（税込） 純米 お燗酒 原材料名／米（国産） 米こうじ（国産米） 精米歩合／麹米 60% 掛米 65% アルコール分／15度 冬の限定酒。 寒い冬はやっぱりお燗！ しっかりとした味わいのあるお酒です。 ※販売開始時期 10月中旬 720ml 無し 1.8ℓ 2,948円（税込） Message About Us Co",
