酒蔵,対象商品数,対象商品,根拠URL
亀齢酒造,1,亀齢 純米吟醸 六拾,https://e-sake.jp/article/article-1369/
今田酒造本店,1,純米吟醸 美穂 Biho,https://fukucho.jp/products/biho
今田酒造本店,1,秋櫻〈コスモス〉 純米 ひやおろし,https://fukucho.jp/products/cosmos
今田酒造本店,1,秋櫻〈コスモス〉 純米吟醸 ひやおろし,https://fukucho.jp/products/cosmos-junmaiginjo
今田酒造本店,1,八反草 純米大吟醸,https://fukucho.jp/products/daiginjo
今田酒造本店,1,八反草 純米大吟醸 はしり,https://fukucho.jp/products/daiginjo_hashiri
今田酒造本店,1,八反草 純米大吟醸 妙花風,https://fukucho.jp/products/daiginjo_myokafu
今田酒造本店,1,純米にごり スパークリング 白美 HAKUBI,https://fukucho.jp/products/hakubi
今田酒造本店,1,八反草 純米吟醸,https://fukucho.jp/products/hattanso-junmaiginjo
今田酒造本店,1,八反草 サタケシリーズ GENKEI,https://fukucho.jp/products/hattansogenkei
今田酒造本店,1,八反草 サタケシリーズ HENPEI,https://fukucho.jp/products/hattansohenpei
今田酒造本店,1,八反草 純米 軟水仕込 辛口,https://fukucho.jp/products/hattansojunmai
今田酒造本店,1,八反草 純米吟醸 ハイブリッド生酛,https://fukucho.jp/products/hybridkimoto-junmaiginjo
今田酒造本店,1,八反草 純米 ハイブリッド生酛 特別栽培米R3,https://fukucho.jp/products/hybridkimoto-r3-2021by
今田酒造本店,1,八反草 純米 ハイブリッド生酛 特別栽培米R4,https://fukucho.jp/products/hybridkimoto-r4-2022by
今田酒造本店,1,辛口純米,https://fukucho.jp/products/karakuchi
今田酒造本店,1,FUKUCHO LEGACY I,https://fukucho.jp/products/legacy1
今田酒造本店,1,FUKUCHO LEGACY II,https://fukucho.jp/products/legacy2
今田酒造本店,1,海風土 Seafood 純米,https://fukucho.jp/products/seafood
今田酒造本店,1,山田錦 純米吟醸,https://fukucho.jp/products/yamadanishiki-junmaiginjo
金光酒造,1,賀茂金秀 特別純米13,https://j-s-p.or.jp/kuramoto/kanemitsu
賀茂泉酒造,1,蔵元限定 山田錦 純米吟醸生酒,https://kamoizumi.co.jp/syusenkan/s_detail.php?id=510
亀齢酒造,2,吉田屋の酒 / 純米大吟醸 亀香,https://kireikireikirei.jimdofree.com/酒蔵土産売場-まねきや/
賀茂泉酒造,1,純米大吟醸「壽」,https://online.kamoizumi.com/?pid=141742792
賀茂泉酒造,1,純米及川,https://online.kamoizumi.com/?pid=151187597
賀茂泉酒造,1,NAO,https://online.kamoizumi.com/?pid=151187707
賀茂泉酒造,1,純米酒｢広大｣,https://online.kamoizumi.com/?pid=188370634
賀茂泉酒造,1,純米大吟醸｢広大｣,https://online.kamoizumi.com/?pid=188371751
賀茂泉酒造,1,純米大吟醸,https://online.kamoizumi.com/?pid=188371835
賀茂泉酒造,1,純米吟醸「古酒」,https://online.kamoizumi.com/?pid=188373081
賀茂泉酒造,1,造賀純米酒,https://online.kamoizumi.com/?pid=188377419
賀茂泉酒造,1,純米酒 一 (はじめ),https://online.kamoizumi.com/?pid=188377558
賀茂泉酒造,1,朱泉普通酒,https://online.kamoizumi.com/?pid=188378827
賀茂泉酒造,1,次郎丸井水,https://online.kamoizumi.com/?pid=188379071
賀茂泉酒造,1,緑泉普通酒,https://online.kamoizumi.com/?pid=188379527
賀茂泉酒造,1,青泉 本仕込 生酒,https://online.kamoizumi.com/?pid=191995192
賀茂泉酒造,1,Rock Hopper Moon Walk,https://online.kamoizumi.com/?pid=193198460
亀齢酒造,1,亀齢 上撰,https://osake-style.com/SHOP/11012948.html
西條鶴醸造,1,純米吟醸「雄町・秋あがり」,https://saijotsuru.co.jp/?pid=154356132
西條鶴醸造,1,酒蔵限定酒・無濾過純米生酒,https://saijotsuru.co.jp/?pid=154356253
西條鶴醸造,1,酒蔵限定酒・無濾過純米吟醸生酒,https://saijotsuru.co.jp/?pid=154356266
西條鶴醸造,1,酒蔵限定酒・杜氏入魂無濾過純米生酒,https://saijotsuru.co.jp/?pid=154356283
西條鶴醸造,1,酒蔵限定酒・純米吟醸「備前雄町」,https://saijotsuru.co.jp/?pid=154356303
西條鶴醸造,1,酒蔵限定酒・純米大吟醸原酒,https://saijotsuru.co.jp/?pid=154356394
西條鶴醸造,1,純米大吟醸原酒「飛天空」,https://saijotsuru.co.jp/?pid=154356442
西條鶴醸造,1,純米生原酒,https://saijotsuru.co.jp/?pid=154356753
西條鶴醸造,1,純米にごり酒（微発泡タイプ生酒）,https://saijotsuru.co.jp/?pid=155394785
西條鶴醸造,1,純米大吟醸「西鶴」,https://saijotsuru.co.jp/?pid=157617273
西條鶴醸造,1,純米吟醸「大地の冠」,https://saijotsuru.co.jp/?pid=157617368
西條鶴醸造,1,吟醸酒「ゴールド西條鶴」,https://saijotsuru.co.jp/?pid=157617449
西條鶴醸造,1,純米酒「大地の風」,https://saijotsuru.co.jp/?pid=157617524
西條鶴醸造,1,新・生酛純米原酒「Natural」,https://saijotsuru.co.jp/?pid=168115135
西條鶴醸造,1,広島流辛口吟醸 吟醸生酒,https://saijotsuru.co.jp/?pid=178569049
西條鶴醸造,1,純米大吟醸原酒「神髄」,https://saijotsuru.co.jp/?pid=180817561
西條鶴醸造,1,辛口純米酒『きんさいや』,https://saijotsuru.co.jp/?pid=189850838
西條鶴醸造,1,純米『愛山』70,https://saijotsuru.co.jp/?pid=191215726
山陽鶴酒造,5,にごり酒 / 上撰 / 大吟醸 / 本醸造 / 純米吟醸,https://sanyotsuru.jp/archives/product/gosyu
賀茂鶴酒造,1,2026蔵開き限定 純米大吟醸 山田錦 精米歩合38%,https://shop.kamotsuru.jp/SHOP/2026kurabiraki_6600hukubako.html
賀茂鶴酒造,1,豊醇冷酒,https://shop.kamotsuru.jp/SHOP/346437/346505/list.html
賀茂鶴酒造,1,大吟醸原酒 あらばしり,https://shop.kamotsuru.jp/SHOP/346440/346519/list.html
賀茂鶴酒造,2,花咲かじいさん 純米吟醸 萌えいぶき / 青冴え 2026 純米吟醸生原酒,https://shop.kamotsuru.jp/SHOP/346441/346462/list.html
賀茂鶴酒造,1,純米酒 しぼりたて,https://shop.kamotsuru.jp/SHOP/346519/346479/list.html
賀茂鶴酒造,1,大吟醸 限定搾汁,https://shop.kamotsuru.jp/SHOP/346519/346484/list.html
賀茂鶴酒造,1,純米酒 にごり酒,https://shop.kamotsuru.jp/SHOP/346519/346502/list.html
賀茂鶴酒造,1,大吟醸 特製ゴールド賀茂鶴,https://shop.kamotsuru.jp/SHOP/GK-A2.html
賀茂鶴酒造,1,純米吟醸,https://shop.kamotsuru.jp/SHOP/GP-A1.html
賀茂鶴酒造,1,純米大吟醸 広島錦,https://shop.kamotsuru.jp/SHOP/HK-180.html
賀茂鶴酒造,1,吟醸辛口,https://shop.kamotsuru.jp/SHOP/LG-A1.html
賀茂鶴酒造,1,大吟醸 賀茂鶴 双鶴,https://shop.kamotsuru.jp/SHOP/SK-A1.html
賀茂鶴酒造,1,大吟醸 吟凛雅,https://shop.kamotsuru.jp/SHOP/ginringa900.html
賀茂鶴酒造,1,純米大吟醸 広島錦 精米歩合38% 超辛口,https://shop.kamotsuru.jp/SHOP/hiroshimanishiki38_karakuchi.html
賀茂鶴酒造,1,純米酒 ひやおろし,https://shop.kamotsuru.jp/SHOP/hiyaoroshi720.html
賀茂鶴酒造,1,本醸造生貯蔵酒 ひやしざけ,https://shop.kamotsuru.jp/SHOP/hiyashizake720.html
賀茂鶴酒造,1,本醸造 からくち,https://shop.kamotsuru.jp/SHOP/honkara1800.html
賀茂鶴酒造,1,純米吟醸 一滴入魂,https://shop.kamotsuru.jp/SHOP/itteki720.html
賀茂鶴酒造,1,上撰パック,https://shop.kamotsuru.jp/SHOP/jousenpack1800.html
賀茂鶴酒造,1,本醸造 上等酒,https://shop.kamotsuru.jp/SHOP/joutou1800.html
賀茂鶴酒造,1,純米酒,https://shop.kamotsuru.jp/SHOP/junmai1800.html
賀茂鶴酒造,1,純米大吟醸 広系酒33号,https://shop.kamotsuru.jp/SHOP/junmaidaiginjo-hirokei720.html
賀茂鶴酒造,1,純米吟醸 五,https://shop.kamotsuru.jp/SHOP/junmaiginjo-go.html
賀茂鶴酒造,1,金紋,https://shop.kamotsuru.jp/SHOP/kinmon1800.html
賀茂鶴酒造,1,大吟醸 吉祥 賀茂鶴,https://shop.kamotsuru.jp/SHOP/kissho720.html
賀茂鶴酒造,1,賀茂鶴 光壽,https://shop.kamotsuru.jp/SHOP/kouju750.html
賀茂鶴酒造,1,特別本醸造 蔵出し原酒,https://shop.kamotsuru.jp/SHOP/kuradashi-genshu720.html
賀茂鶴酒造,1,生貯蔵酒 冷温「蔵生」囲い,https://shop.kamotsuru.jp/SHOP/kuranama1800.html
賀茂鶴酒造,1,生囲い純米,https://shop.kamotsuru.jp/SHOP/namakakoi-junmai720.html
賀茂鶴酒造,1,純米大吟醸 大吟峰,https://shop.kamotsuru.jp/SHOP/originalbottle_DK-B1.html
賀茂鶴酒造,1,酒中在心 藍 特別純米酒 生もと 雄町,https://shop.kamotsuru.jp/SHOP/shutyuzaishin-ai_1800.html
賀茂鶴酒造,1,酒中在心 茜 純米酒 広島錦,https://shop.kamotsuru.jp/SHOP/shutyuzaishin-akane_1800.html
賀茂鶴酒造,1,酒中在心 橙 純米吟醸 生もと 八反35号,https://shop.kamotsuru.jp/SHOP/shutyuzaishin-daidai_1800.html
賀茂鶴酒造,1,酒中在心 鶯 純米大吟醸 山田錦,https://shop.kamotsuru.jp/SHOP/shutyuzaishin-uguisu_720.html
賀茂鶴酒造,1,白壁の郷,https://shop.kamotsuru.jp/SHOP/sirakabe1800.html
賀茂鶴酒造,1,樽酒,https://shop.kamotsuru.jp/SHOP/taruzake1800.html
賀茂鶴酒造,1,大吟醸 天凜,https://shop.kamotsuru.jp/SHOP/tenrin720.html
賀茂鶴酒造,1,特別本醸造 超特撰特等酒,https://shop.kamotsuru.jp/SHOP/tokutou1800.html
賀茂鶴酒造,1,UNDER 30 純米酒,https://shop.kamotsuru.jp/SHOP/under30junmai-shu720ml.html
賀茂鶴酒造,1,純米大吟醸 瑞兆賀茂鶴,https://shop.kamotsuru.jp/SHOP/zuicho720.html
山陽鶴酒造,1,大吟醸 ほんと,https://www.buyhiro.com/database/products/products_0549/
福美人酒造,1,大吟醸 蔵乃華 （ くらのはな ）,https://www.fukubijin.co.jp/SHOP/1020.html
福美人酒造,1,大吟醸 西條酒造学校,https://www.fukubijin.co.jp/SHOP/1120.html
福美人酒造,1,大吟醸,https://www.fukubijin.co.jp/SHOP/1157.html
福美人酒造,1,純米吟醸,https://www.fukubijin.co.jp/SHOP/1221.html
福美人酒造,1,純米酒,https://www.fukubijin.co.jp/SHOP/2020.html
福美人酒造,1,特別純米酒「ひめあま」,https://www.fukubijin.co.jp/SHOP/2080.html
福美人酒造,1,蔵内限定 甘い口どけ豊醇原酒,https://www.fukubijin.co.jp/SHOP/2203.html
福美人酒造,1,上撰,https://www.fukubijin.co.jp/SHOP/2212.html
福美人酒造,1,上撰 さけパック,https://www.fukubijin.co.jp/SHOP/2268.html
福美人酒造,1,本醸造 舞,https://www.fukubijin.co.jp/SHOP/3010.html
福美人酒造,1,広島の酒,https://www.fukubijin.co.jp/SHOP/3110.html
福美人酒造,1,樽酒,https://www.fukubijin.co.jp/SHOP/3220.html
福美人酒造,1,純金箔入り,https://www.fukubijin.co.jp/SHOP/3818.html
山陽鶴酒造,1,純米大吟醸 KUBO,https://www.furusato.aeon.co.jp/gift-in-return/aaa72316281ae6d75280fb28cb3cae46/
白牡丹酒造,1,大吟醸,https://www.hakubotan.co.jp/products/
白牡丹酒造,1,Paeon(ピオン),https://www.hakubotan.co.jp/products/%E3%80%90%E6%97%A5%E6%9C%AC%E9%85%92-%E7%99%BD%E7%89%A1%E4%B8%B9%E3%80%91paeon%E3%83%94%E3%82%AA%E3%83%B3%E3%80%90%E6%96%B0%E3%80%91/
白牡丹酒造,1,山田錦 純米大吟醸 氷華,https://www.hakubotan.co.jp/products/%e3%80%90%e5%87%8d%e7%b5%90%e7%94%9f%e9%85%92%e3%80%91%e3%80%90%e6%97%a5%e6%9c%ac%e9%85%92-%e7%99%bd%e7%89%a1%e4%b8%b9%e3%80%91%e5%b1%b1%e7%94%b0%e9%8c%a6-%e7%b4%94%e7%b1%b3%e5%a4%a7%e5%90%9f%e9%86%b8/
白牡丹酒造,1,広島八反 純米大吟醸 氷華,https://www.hakubotan.co.jp/products/%e3%80%90%e5%87%8d%e7%b5%90%e7%94%9f%e9%85%92%e3%80%91%e3%80%90%e6%97%a5%e6%9c%ac%e9%85%92-%e7%99%bd%e7%89%a1%e4%b8%b9%e3%80%91%e5%ba%83%e5%b3%b6%e5%85%ab%e5%8f%8d-%e7%b4%94%e7%b1%b3%e5%a4%a7%e5%90%9f/
白牡丹酒造,1,純米生酒 氷華,https://www.hakubotan.co.jp/products/%e3%80%90%e5%87%8d%e7%b5%90%e7%94%9f%e9%85%92%e3%80%91%e3%80%90%e6%97%a5%e6%9c%ac%e9%85%92-%e7%99%bd%e7%89%a1%e4%b8%b9%e3%80%91%e7%b4%94%e7%b1%b3%e7%94%9f%e9%85%92%e3%80%80%e6%b0%b7%e8%8f%af300ml/
白牡丹酒造,1,さらりとうまくち,https://www.hakubotan.co.jp/products/%e3%80%90%e6%97%a5%e6%9c%ac%e9%85%92-%e7%99%bd%e7%89%a1%e4%b8%b9%e3%80%91%e3%81%95%e3%82%89%e3%82%8a%e3%81%a8%e3%81%86%e3%81%be%e3%81%8f%e3%81%a1-720ml%e3%83%91%e3%83%83%e3%82%af%e8%a9%b0/
白牡丹酒造,1,すっきり旨口,https://www.hakubotan.co.jp/products/%e3%80%90%e6%97%a5%e6%9c%ac%e9%85%92-%e7%99%bd%e7%89%a1%e4%b8%b9%e3%80%91%e3%81%99%e3%81%a3%e3%81%8d%e3%82%8a%e6%97%a8%e5%8f%a3-2l%e3%83%91%e3%83%83%e3%82%af%e8%a9%b0/
白牡丹酒造,1,ひろしま一途な純米酒 紅甘萬(べにかんまん),https://www.hakubotan.co.jp/products/%e3%80%90%e6%97%a5%e6%9c%ac%e9%85%92-%e7%99%bd%e7%89%a1%e4%b8%b9%e3%80%91%e3%81%b2%e3%82%8d%e3%81%97%e3%81%be%e4%b8%80%e9%80%94%e3%81%aa%e7%b4%94%e7%b1%b3%e9%85%92%e3%80%80%e7%b4%85%e7%94%98%e8%90%ac/
白牡丹酒造,1,大吟醸 いちの雫（しずく酒）,https://www.hakubotan.co.jp/products/%e3%80%90%e6%97%a5%e6%9c%ac%e9%85%92-%e7%99%bd%e7%89%a1%e4%b8%b9%e3%80%91%e5%a4%a7%e5%90%9f%e9%86%b8%e3%80%80%e3%81%84%e3%81%a1%e3%81%ae%e9%9b%ab720ml%e7%93%b6%e8%a9%b0%ef%bc%88%e3%81%97%e3%81%9a/
白牡丹酒造,1,大吟醸 中汲み,https://www.hakubotan.co.jp/products/%e3%80%90%e6%97%a5%e6%9c%ac%e9%85%92-%e7%99%bd%e7%89%a1%e4%b8%b9%e3%80%91%e5%a4%a7%e5%90%9f%e9%86%b8-%e4%b8%ad%e6%b1%b2%e3%81%bf-720ml%e7%93%b6%e8%a9%b0%e3%80%90%e6%b5%81%e9%80%9a%e9%99%90%e5%ae%9a/
白牡丹酒造,1,山田錦 純米吟醸 うすにごり,https://www.hakubotan.co.jp/products/%e3%80%90%e6%97%a5%e6%9c%ac%e9%85%92-%e7%99%bd%e7%89%a1%e4%b8%b9%e3%80%91%e5%b1%b1%e7%94%b0%e9%8c%a6%e3%80%80%e7%b4%94%e7%b1%b3%e5%90%9f%e9%86%b8%e3%80%80%e3%81%86%e3%81%99%e3%81%ab%e3%81%94%e3%82%8a/
白牡丹酒造,1,山田錦 純米酒,https://www.hakubotan.co.jp/products/%e3%80%90%e6%97%a5%e6%9c%ac%e9%85%92-%e7%99%bd%e7%89%a1%e4%b8%b9%e3%80%91%e5%b1%b1%e7%94%b0%e9%8c%a6%e7%b4%94%e7%b1%b3%e9%85%921-8l%e7%93%b6%e8%a9%b0/
白牡丹酒造,1,広島の酒 原酒,https://www.hakubotan.co.jp/products/%e3%80%90%e6%97%a5%e6%9c%ac%e9%85%92-%e7%99%bd%e7%89%a1%e4%b8%b9%e3%80%91%e5%ba%83%e5%b3%b6%e3%81%ae%e9%85%92%e5%8e%9f%e9%85%92-720ml%e7%93%b6%e8%a9%b0/
白牡丹酒造,1,広島の酒,https://www.hakubotan.co.jp/products/%e3%80%90%e6%97%a5%e6%9c%ac%e9%85%92-%e7%99%bd%e7%89%a1%e4%b8%b9%e3%80%91%e5%ba%83%e5%b3%b6%e3%81%ae%e9%85%92-1-8l%e7%93%b6%e8%a9%b0/
白牡丹酒造,1,広島上撰 金紋 原酒,https://www.hakubotan.co.jp/products/%e3%80%90%e6%97%a5%e6%9c%ac%e9%85%92-%e7%99%bd%e7%89%a1%e4%b8%b9%e3%80%91%e5%ba%83%e5%b3%b6%e4%b8%8a%e6%92%b0%e3%80%80%e9%87%91%e7%b4%8b%e3%80%80%e5%8e%9f%e9%85%92720ml%e7%93%b6%e8%a9%b0%e3%80%90/
白牡丹酒造,1,広島上撰 金紋,https://www.hakubotan.co.jp/products/%e3%80%90%e6%97%a5%e6%9c%ac%e9%85%92-%e7%99%bd%e7%89%a1%e4%b8%b9%e3%80%91%e5%ba%83%e5%b3%b6%e4%b8%8a%e6%92%b0%e3%80%80%e9%87%91%e7%b4%8b-1-8l%e7%93%b6%e8%a9%b0/
白牡丹酒造,1,広島八反 純米吟醸,https://www.hakubotan.co.jp/products/%e3%80%90%e6%97%a5%e6%9c%ac%e9%85%92-%e7%99%bd%e7%89%a1%e4%b8%b9%e3%80%91%e5%ba%83%e5%b3%b6%e5%85%ab%e5%8f%8d-%e7%b4%94%e7%b1%b3%e5%90%9f%e9%86%b8-1-8l%e7%93%b6%e8%a9%b0/
白牡丹酒造,1,広島八反 純米大吟醸 原酒,https://www.hakubotan.co.jp/products/%e3%80%90%e6%97%a5%e6%9c%ac%e9%85%92-%e7%99%bd%e7%89%a1%e4%b8%b9%e3%80%91%e5%ba%83%e5%b3%b6%e5%85%ab%e5%8f%8d-%e7%b4%94%e7%b1%b3%e5%a4%a7%e5%90%9f%e9%86%b8-%e5%8e%9f%e9%85%92720ml%e7%93%b6%e8%a9%b0/
白牡丹酒造,1,広島特撰 芳華金紋,https://www.hakubotan.co.jp/products/%e3%80%90%e6%97%a5%e6%9c%ac%e9%85%92-%e7%99%bd%e7%89%a1%e4%b8%b9%e3%80%91%e5%ba%83%e5%b3%b6%e7%89%b9%e6%92%b0-1-8l%e7%93%b6%e8%a9%b0-2/
白牡丹酒造,1,恋華 RENKA,https://www.hakubotan.co.jp/products/%e3%80%90%e6%97%a5%e6%9c%ac%e9%85%92-%e7%99%bd%e7%89%a1%e4%b8%b9%e3%80%91%e6%81%8b%e8%8f%af-300ml%e7%93%b6%e8%a9%b0-2/
白牡丹酒造,1,恋華 RENKA ROUGE,https://www.hakubotan.co.jp/products/%e3%80%90%e6%97%a5%e6%9c%ac%e9%85%92-%e7%99%bd%e7%89%a1%e4%b8%b9%e3%80%91%e6%81%8b%e8%8f%af-renka-rouge-300ml%e7%93%b6%e8%a9%b0/
白牡丹酒造,1,新酒純米,https://www.hakubotan.co.jp/products/%e3%80%90%e6%97%a5%e6%9c%ac%e9%85%92-%e7%99%bd%e7%89%a1%e4%b8%b9%e3%80%91%e6%96%b0%e9%85%92%e7%b4%94%e7%b1%b3-1-8l%e7%93%b6%e8%a9%b0-2/
白牡丹酒造,1,本醸造 生貯蔵酒,https://www.hakubotan.co.jp/products/%e3%80%90%e6%97%a5%e6%9c%ac%e9%85%92-%e7%99%bd%e7%89%a1%e4%b8%b9%e3%80%91%e6%9c%ac%e9%86%b8%e9%80%a0-%e7%94%9f%e8%b2%af%e8%94%b5%e9%85%92-300ml%e7%93%b6%e8%a9%b0/
白牡丹酒造,1,純米吟醸萌えいぶき,https://www.hakubotan.co.jp/products/%e3%80%90%e6%97%a5%e6%9c%ac%e9%85%92-%e7%99%bd%e7%89%a1%e4%b8%b9%e3%80%91%e7%b4%94%e7%b1%b3%e5%90%9f%e9%86%b8%e8%90%8c%e3%81%88%e3%81%84%e3%81%b6%e3%81%8d1-8%ef%bd%8c%e7%93%b6%e8%a9%b0/
白牡丹酒造,1,純米吟醸 中汲み,https://www.hakubotan.co.jp/products/%e3%80%90%e6%97%a5%e6%9c%ac%e9%85%92-%e7%99%bd%e7%89%a1%e4%b8%b9%e3%80%91%e7%b4%94%e7%b1%b3%e5%90%9f%e9%86%b8-%e4%b8%ad%e6%b1%b2%e3%81%bf-720ml%e7%93%b6%e8%a9%b0%e3%80%90%e6%b5%81%e9%80%9a%e9%99%90/
白牡丹酒造,1,純米吟醸 生貯蔵酒,https://www.hakubotan.co.jp/products/%e3%80%90%e6%97%a5%e6%9c%ac%e9%85%92-%e7%99%bd%e7%89%a1%e4%b8%b9%e3%80%91%e7%b4%94%e7%b1%b3%e5%90%9f%e9%86%b8-%e7%94%9f%e8%b2%af%e8%94%b5%e9%85%92-300ml%e7%93%b6%e8%a9%b0-%e3%80%90%e8%bc%b8%e5%87%ba/
白牡丹酒造,1,純米吟醸,https://www.hakubotan.co.jp/products/%e3%80%90%e6%97%a5%e6%9c%ac%e9%85%92-%e7%99%bd%e7%89%a1%e4%b8%b9%e3%80%91%e7%b4%94%e7%b1%b3%e5%90%9f%e9%86%b8-1-8l%e7%93%b6%e8%a9%b0/
白牡丹酒造,1,純米大吟醸 令和一号酵母,https://www.hakubotan.co.jp/products/%e3%80%90%e6%97%a5%e6%9c%ac%e9%85%92-%e7%99%bd%e7%89%a1%e4%b8%b9%e3%80%91%e7%b4%94%e7%b1%b3%e5%a4%a7%e5%90%9f%e9%86%b8-%e4%bb%a4%e5%92%8c%e4%b8%80%e5%8f%b7%e9%85%b5%e6%af%8d-720ml%e7%93%b6%e8%a9%b0/
白牡丹酒造,1,純米大吟醸 原酒 万年蔵 杜氏 鹿島正,https://www.hakubotan.co.jp/products/%e3%80%90%e6%97%a5%e6%9c%ac%e9%85%92-%e7%99%bd%e7%89%a1%e4%b8%b9%e3%80%91%e7%b4%94%e7%b1%b3%e5%a4%a7%e5%90%9f%e9%86%b8-%e5%8e%9f%e9%85%92-%e4%b8%87%e5%b9%b4%e8%94%b5-%e6%9d%9c%e6%b0%8f-%e9%b9%bf/
白牡丹酒造,1,純米大吟醸 悠星(ゆうせい),https://www.hakubotan.co.jp/products/%e3%80%90%e6%97%a5%e6%9c%ac%e9%85%92-%e7%99%bd%e7%89%a1%e4%b8%b9%e3%80%91%e7%b4%94%e7%b1%b3%e5%a4%a7%e5%90%9f%e9%86%b8-%e6%82%a0%e6%98%9f%e3%82%86%e3%81%86%e3%81%9b%e3%81%84720ml%e7%93%b6%e8%a9%b0/
白牡丹酒造,1,純米酒 山田錦 米だけの酒,https://www.hakubotan.co.jp/products/%e3%80%90%e6%97%a5%e6%9c%ac%e9%85%92-%e7%99%bd%e7%89%a1%e4%b8%b9%e3%80%91%e7%b4%94%e7%b1%b3%e9%85%92%e3%80%80%e5%b1%b1%e7%94%b0%e9%8c%a6%e3%80%80%e7%b1%b3%e3%81%a0%e3%81%91%e3%81%ae%e9%85%92-900ml/
白牡丹酒造,1,純米酒,https://www.hakubotan.co.jp/products/%e3%80%90%e6%97%a5%e6%9c%ac%e9%85%92-%e7%99%bd%e7%89%a1%e4%b8%b9%e3%80%91%e7%b4%94%e7%b1%b3%e9%85%92-1-8l%e7%93%b6%e8%a9%b0/
白牡丹酒造,1,華 純米吟醸,https://www.hakubotan.co.jp/products/%e3%80%90%e6%97%a5%e6%9c%ac%e9%85%92-%e7%99%bd%e7%89%a1%e4%b8%b9%e3%80%91%e8%8f%af%e3%80%80%e7%b4%94%e7%b1%b3%e5%90%9f%e9%86%b8%e3%80%80-300ml%e7%93%b6%e3%80%90%e8%bc%b8%e5%87%ba%e5%b0%82%e7%94%a8/
白牡丹酒造,1,超特撰 純金箔入,https://www.hakubotan.co.jp/products/%e3%80%90%e6%97%a5%e6%9c%ac%e9%85%92-%e7%99%bd%e7%89%a1%e4%b8%b9%e3%80%91%e8%b6%85%e7%89%b9%e6%92%b0%e3%80%80%e7%b4%94%e9%87%91%e7%ae%94%e5%85%a5-1-8l%e7%93%b6%e8%a9%b0/
白牡丹酒造,1,超特撰,https://www.hakubotan.co.jp/products/%e3%80%90%e6%97%a5%e6%9c%ac%e9%85%92-%e7%99%bd%e7%89%a1%e4%b8%b9%e3%80%91%e8%b6%85%e7%89%b9%e6%92%b0-1-8l%e7%93%b6%e8%a9%b0-2%e6%9c%ac/
白牡丹酒造,1,純米大吟醸 龍王井,https://www.hakubotan.co.jp/products/%e3%80%90%e6%97%a5%e6%9c%ac%e9%85%92-%e7%99%bd%e7%89%a1%e4%b8%b9%e3%80%91%e9%be%8d%e7%8e%8b%e4%ba%95-300ml%e7%93%b6%e8%a9%b0%e3%80%90%e8%bc%b8%e5%87%ba/
白牡丹酒造,1,生酛純米酒 夏仕込み おりがらみ,https://www.hakubotan.co.jp/products/%e3%80%90%e6%97%a5%e6%9c%ac%e9%85%92-%e8%97%9d%e9%99%bd%e7%94%b7%e5%b1%b1%e3%80%91%e7%94%9f%e9%85%9b%e7%b4%94%e7%b1%b3%e9%85%92-%e5%a4%8f%e4%bb%95%e8%be%bc%e3%81%bf-%e3%81%8a%e3%82%8a%e3%81%8c/
白牡丹酒造,1,生酛純米酒 夏仕込み 生酒,https://www.hakubotan.co.jp/products/%e3%80%90%e6%97%a5%e6%9c%ac%e9%85%92-%e8%97%9d%e9%99%bd%e7%94%b7%e5%b1%b1%e3%80%91%e7%94%9f%e9%85%9b%e7%b4%94%e7%b1%b3%e9%85%92-%e5%a4%8f%e4%bb%95%e8%be%bc%e3%81%bf-%e7%94%9f%e9%85%92-720ml%e7%93%b6/
白牡丹酒造,1,生酛純米酒 夏仕込み,https://www.hakubotan.co.jp/products/%e3%80%90%e6%97%a5%e6%9c%ac%e9%85%92-%e8%97%9d%e9%99%bd%e7%94%b7%e5%b1%b1%e3%80%91%e7%94%9f%e9%85%9b%e7%b4%94%e7%b1%b3%e9%85%92-%e5%a4%8f%e4%bb%95%e8%be%bc%e3%81%bf-720ml%e7%93%b6%e8%a9%b0/
白牡丹酒造,1,長期低温熟成 大吟醸 FLUSSO,https://www.hakubotan.co.jp/products/flusso/
白牡丹酒造,1,本醸造,https://www.hakubotan.co.jp/products/honjouzou-1-8l/
亀齢酒造,1,亀齢萬年 山田錦 生酒,https://www.hiroshimasake.com/product/15
亀齢酒造,1,亀齢 大吟醸 創,https://www.hiroshimasake.com/product/17
亀齢酒造,1,亀齢 無濾過 五段仕込純米酒 八九(はちく) 生酒,https://www.hiroshimasake.com/product/182
亀齢酒造,1,亀齢 辛口純米 八拾,https://www.hiroshimasake.com/product/37
亀齢酒造,1,亀齢萬年 純米大吟醸原酒五拾 袋吊りおりがらみ 生酒,https://www.hiroshimasake.com/product/412
亀齢酒造,1,亀齢 純米吟醸 原形精米 migaki 無濾過生酒,https://www.hiroshimasake.com/product/550
亀齢酒造,1,亀齢萬年 純米大吟醸原酒五拾 生酒,https://www.hiroshimasake.com/product/552
亀齢酒造,1,亀齢萬年 山田錦おりがらみ 生酒,https://www.hiroshimasake.com/product/564
亀齢酒造,1,亀齢 純米吟醸 原形精米 migaki 萌えいぶき 生酒,https://www.hiroshimasake.com/product/581
亀齢酒造,1,亀齢 辛口純米 八拾 生酒,https://www.hiroshimasake.com/product/96
賀茂泉酒造,10,COKUN / 純米吟醸生原酒 ROCK HOPPER / 山吹色の酒 / 延寿 / 朱泉本仕込 / 皇寿 / 緑泉本仕込 / 造賀純米生酒 / 造賀純米酒 ひやおろし / 青泉純米吟醸生酒,https://www.kamoizumi.co.jp/sake/index.php
金光酒造,8,桜吹雪 特別純米うすにごり生 / 賀茂金秀 SUITOH / 賀茂金秀 特別純米 秋あがり / 賀茂金秀 純米 お燗酒 / 賀茂金秀 純米しぼりたて生 / 賀茂金秀 純米吟醸 愛山 / 賀茂金秀 辛口夏純 / 賀茂金秀 麗酸 雄町60,https://www.kamokin.com/line_up/Limited/limited.html
金光酒造,5,賀茂金秀 特別純米 / 賀茂金秀 純米吟醸 雄町 / 賀茂金秀 純米大吟醸35 / 賀茂金秀 純米大吟醸40 / 賀茂金秀 辛口特別純米,https://www.kamokin.com/line_up/regular.html
柄酒造,1,9代目於多福 protos. 火入れ,https://www.tsukasyuzou.jp/products/9代目於多福-protos-720ml-火入れ
柄酒造,1,9代目於多福 純米吟醸 すずかぜ,https://www.tsukasyuzou.jp/products/9代目於多福-すずかぜ-720ml
柄酒造,1,9代目於多福 純米 つきあかり,https://www.tsukasyuzou.jp/products/9代目於多福-つきあかり-720ml
柄酒造,1,於多福 大吟醸,https://www.tsukasyuzou.jp/products/於多福-大吟醸-1800ml
柄酒造,1,於多福 純米,https://www.tsukasyuzou.jp/products/於多福-純米-1800ml
柄酒造,1,於多福 純米吟醸,https://www.tsukasyuzou.jp/products/於多福-純米吟醸-1800ml
柄酒造,1,9代目於多福 特別純米 火入れ,https://www.tsukasyuzou.jp/products/火入れ-9代目於多福-特別純米
柄酒造,1,9代目於多福 純米 火入れ,https://www.tsukasyuzou.jp/products/火入れ-9代目於多福-純米
柄酒造,1,9代目於多福 純米吟醸 火入れ,https://www.tsukasyuzou.jp/products/火入れ-9代目於多福-純米吟醸
柄酒造,1,9代目於多福 純米大吟醸 火入れ,https://www.tsukasyuzou.jp/products/火入れ-9代目於多福-純米大吟醸-720ml-1800ml
柄酒造,1,於多福 一番取り,https://www.tsukasyuzou.jp/products/関西一-一番取り-720ml
柄酒造,1,於多福 本醸造,https://www.tsukasyuzou.jp/products/関西一-本醸造-720ml
