エリア,酒蔵,ブランド,商品名,元の飲み方,元の飲み方情報,元の飲み方出典URL,おすすめの飲み方,根拠区分,公式ページ検出語,商品出典URL,公式再走査URL
西条エリア7蔵,賀茂鶴酒造,賀茂鶴,樽酒,冷酒 / ぬる燗 / 燗酒,出典記載,https://shop.kamotsuru.jp/SHOP/taruzake1800.html,冷酒では輪郭をすっきりと、40℃前後のぬる燗から燗酒では日常酒らしいキレと旨味を引き出す飲み方がおすすめ。食事に合わせるなら冷酒と燗の両方を試し、好みの温度帯を探すとよい。,既存の飲み方情報,飲み頃 / 冷酒 / ぬる燗 / 燗酒,https://shop.kamotsuru.jp/SHOP/taruzake1800.html,https://shop.kamotsuru.jp/SHOP/taruzake1800.html
西条エリア7蔵,賀茂鶴酒造,賀茂鶴,生貯蔵酒 冷温「蔵生」囲い,冷酒 / 燗酒,出典記載,https://shop.kamotsuru.jp/SHOP/kuranama1800.html,冷酒では輪郭をすっきりと、40℃前後のぬる燗から燗酒ではフレッシュさを活かす飲み方がおすすめ。食事に合わせるなら冷酒と燗の両方を試し、好みの温度帯を探すとよい。,既存の飲み方情報,冷酒 / 燗酒,https://shop.kamotsuru.jp/SHOP/kuranama1800.html,https://shop.kamotsuru.jp/SHOP/kuranama1800.html
西条エリア7蔵,賀茂鶴酒造,賀茂鶴,白壁の郷,冷酒 / 熱燗 / 燗酒,出典記載,https://shop.kamotsuru.jp/SHOP/sirakabe1800.html,冷酒では輪郭をすっきりと、40℃前後のぬる燗から燗酒では日常酒らしいキレと旨味を引き出す飲み方がおすすめ。食事に合わせるなら冷酒と燗の両方を試し、好みの温度帯を探すとよい。,既存の飲み方情報,冷酒 / 熱燗 / 燗酒,https://shop.kamotsuru.jp/SHOP/sirakabe1800.html,https://shop.kamotsuru.jp/SHOP/sirakabe1800.html
西条エリア7蔵,賀茂鶴酒造,賀茂鶴,賀茂鶴 光壽,要確認,公開情報で要確認,,冷酒では輪郭をすっきりと、40℃前後のぬる燗から燗酒では香味のまとまりを引き出す飲み方がおすすめ。食事に合わせるなら冷酒と燗の両方を試し、好みの温度帯を探すとよい。,公式ページ再走査,飲み頃 / 冷酒 / 常温 / ぬる燗 / 燗酒,https://shop.kamotsuru.jp/SHOP/kouju750.html,https://shop.kamotsuru.jp/SHOP/kouju750.html
西条エリア7蔵,賀茂鶴酒造,賀茂鶴,吟醸辛口,冷酒 / 燗酒,出典記載,https://shop.kamotsuru.jp/SHOP/LG-A1.html,10〜15℃程度の冷酒を起点に、吟醸香と軽快な旨味のバランスを活かすのがおすすめ。,既存の飲み方情報,冷酒 / 燗酒,https://shop.kamotsuru.jp/SHOP/LG-A1.html,https://shop.kamotsuru.jp/SHOP/LG-A1.html
西条エリア7蔵,賀茂鶴酒造,賀茂鶴,大吟醸 吉祥 賀茂鶴,要確認,公開情報で要確認,,10〜15℃程度の冷酒を起点に、繊細な香りと上品な旨味を活かすのがおすすめ。,公式ページ再走査,冷酒 / 燗酒,https://shop.kamotsuru.jp/SHOP/kissho720.html,https://shop.kamotsuru.jp/SHOP/kissho720.html
西条エリア7蔵,賀茂鶴酒造,賀茂鶴,大吟醸 吟凛雅,要確認,公開情報で要確認,,公開情報で明確な推奨温度を確認できないため酒質からの目安。10〜15℃程度の冷酒を起点に、繊細な香りと上品な旨味を活かす飲み方がおすすめ。少量ずつ温度を変え、香り・甘味・酸味・キレのバランスが最も整うところを探すとよい。,推論,,https://shop.kamotsuru.jp/SHOP/ginringa900.html,https://shop.kamotsuru.jp/SHOP/ginringa900.html
西条エリア7蔵,賀茂鶴酒造,賀茂鶴,大吟醸 天凜,要確認,公開情報で要確認,,10〜15℃程度の冷酒を起点に、繊細な香りと上品な旨味を活かすのがおすすめ。,公式ページ再走査,冷酒 / 燗酒,https://shop.kamotsuru.jp/SHOP/tenrin720.html,https://shop.kamotsuru.jp/SHOP/tenrin720.html
西条エリア7蔵,賀茂鶴酒造,賀茂鶴,大吟醸 特製ゴールド賀茂鶴,冷酒 / 燗酒,出典記載,https://shop.kamotsuru.jp/SHOP/GK-A2.html,10〜15℃程度の冷酒を起点に、繊細な香りと上品な旨味を活かすのがおすすめ。,既存の飲み方情報,冷酒 / 燗酒,https://shop.kamotsuru.jp/SHOP/GK-A2.html,https://shop.kamotsuru.jp/SHOP/GK-A2.html
西条エリア7蔵,賀茂鶴酒造,賀茂鶴,大吟醸 賀茂鶴 双鶴,冷酒 / 燗酒,出典記載,https://shop.kamotsuru.jp/SHOP/SK-A1.html,10〜15℃程度の冷酒を起点に、繊細な香りと上品な旨味を活かすのがおすすめ。,既存の飲み方情報,冷酒 / 燗酒,https://shop.kamotsuru.jp/SHOP/SK-A1.html,https://shop.kamotsuru.jp/SHOP/SK-A1.html
西条エリア7蔵,賀茂鶴酒造,賀茂鶴,上撰パック,冷酒 / ぬる燗 / 熱燗 / 燗酒,出典記載,https://shop.kamotsuru.jp/SHOP/jousenpack1800.html,冷酒では輪郭をすっきりと、40℃前後のぬる燗から燗酒では日常酒らしいキレと旨味を引き出す飲み方がおすすめ。食事に合わせるなら冷酒と燗の両方を試し、好みの温度帯を探すとよい。,既存の飲み方情報,,https://shop.kamotsuru.jp/SHOP/jousenpack1800.html,https://shop.kamotsuru.jp/SHOP/jousenpack1800.html
西条エリア7蔵,賀茂鶴酒造,賀茂鶴,金紋,冷酒 / 燗酒,出典記載,https://shop.kamotsuru.jp/SHOP/kinmon1800.html,冷酒では輪郭をすっきりと、40℃前後のぬる燗から燗酒では日常酒らしいキレと旨味を引き出す飲み方がおすすめ。食事に合わせるなら冷酒と燗の両方を試し、好みの温度帯を探すとよい。,既存の飲み方情報,冷酒 / 燗酒,https://shop.kamotsuru.jp/SHOP/kinmon1800.html,https://shop.kamotsuru.jp/SHOP/kinmon1800.html
西条エリア7蔵,賀茂鶴酒造,賀茂鶴,本醸造 からくち,冷酒 / 燗酒,出典記載,https://shop.kamotsuru.jp/SHOP/honkara1800.html,冷酒では輪郭をすっきりと、40℃前後のぬる燗から燗酒では日常酒らしいキレと旨味を引き出す飲み方がおすすめ。食事に合わせるなら冷酒と燗の両方を試し、好みの温度帯を探すとよい。,既存の飲み方情報,冷酒 / 燗酒,https://shop.kamotsuru.jp/SHOP/honkara1800.html,https://shop.kamotsuru.jp/SHOP/honkara1800.html
西条エリア7蔵,賀茂鶴酒造,賀茂鶴,本醸造 上等酒,冷酒 / ぬる燗 / 熱燗 / 燗酒,出典記載,https://shop.kamotsuru.jp/SHOP/joutou1800.html,冷酒では輪郭をすっきりと、40℃前後のぬる燗から燗酒では日常酒らしいキレと旨味を引き出す飲み方がおすすめ。食事に合わせるなら冷酒と燗の両方を試し、好みの温度帯を探すとよい。,既存の飲み方情報,冷酒 / ぬる燗 / 熱燗 / 燗酒,https://shop.kamotsuru.jp/SHOP/joutou1800.html,https://shop.kamotsuru.jp/SHOP/joutou1800.html
西条エリア7蔵,賀茂鶴酒造,賀茂鶴,特別本醸造 超特撰特等酒,冷酒 / ぬる燗 / 燗酒,出典記載,https://shop.kamotsuru.jp/SHOP/tokutou1800.html,冷酒では輪郭をすっきりと、40℃前後のぬる燗から燗酒では日常酒らしいキレと旨味を引き出す飲み方がおすすめ。食事に合わせるなら冷酒と燗の両方を試し、好みの温度帯を探すとよい。,既存の飲み方情報,飲み方 / 冷酒 / ぬる燗 / 燗酒,https://shop.kamotsuru.jp/SHOP/tokutou1800.html,https://shop.kamotsuru.jp/SHOP/tokutou1800.html
西条エリア7蔵,賀茂鶴酒造,酒中在心,酒中在心 藍 特別純米酒 生もと 雄町,冷酒 / 常温 / ぬる燗 / 燗酒,出典記載,https://shop.kamotsuru.jp/SHOP/shutyuzaishin-ai_1800.html,蔵元が常温を一押しとしているため、まず冷やし過ぎず常温で旨味とキレを味わうのがおすすめ。軽く冷やすと輪郭が締まり、40℃前後のぬる燗では生酛らしい旨味がやわらかく広がる。,公式・個別確認,飲み頃 / 冷酒 / 常温 / ぬる燗 / 燗酒,https://shop.kamotsuru.jp/SHOP/shutyuzaishin-ai_1800.html,https://shop.kamotsuru.jp/SHOP/shutyuzaishin-ai_1800.html
西条エリア7蔵,賀茂鶴酒造,賀茂鶴,純米酒,冷酒 / 冷やして / 燗酒,出典記載,https://shop.kamotsuru.jp/SHOP/junmai1800.html,冷酒では輪郭をすっきりと、40℃前後のぬる燗から燗酒では米の旨味と酸のふくらみを引き出す飲み方がおすすめ。食事に合わせるなら冷酒と燗の両方を試し、好みの温度帯を探すとよい。,既存の飲み方情報,冷酒 / 燗酒 / 冷やして,https://shop.kamotsuru.jp/SHOP/junmai1800.html,https://shop.kamotsuru.jp/SHOP/junmai1800.html
西条エリア7蔵,賀茂鶴酒造,酒中在心,酒中在心 茜 純米酒 広島錦,冷酒 / 常温 / ぬる燗 / 燗酒,出典記載,https://shop.kamotsuru.jp/SHOP/shutyuzaishin-akane_1800.html,燗で持ち味が出る純米酒。40℃前後のぬる燗から試し、よりキレを出したいときは45〜50℃程度まで温めるのがおすすめ。食中酒として、温度を上げながら味の締まり方を比べるとよい。,公式・個別確認,飲み頃 / 冷酒 / 常温 / ぬる燗 / 燗酒,https://shop.kamotsuru.jp/SHOP/shutyuzaishin-akane_1800.html,https://shop.kamotsuru.jp/SHOP/shutyuzaishin-akane_1800.html
西条エリア7蔵,賀茂鶴酒造,賀茂鶴,純米吟醸,冷酒 / ぬる燗 / 燗酒,出典記載,https://shop.kamotsuru.jp/SHOP/GP-A1.html,10〜15℃程度の冷酒を起点に、吟醸香と軽快な旨味のバランスを活かすのがおすすめ。,既存の飲み方情報,冷酒 / ぬる燗 / 燗酒,https://shop.kamotsuru.jp/SHOP/GP-A1.html,https://shop.kamotsuru.jp/SHOP/GP-A1.html
西条エリア7蔵,賀茂鶴酒造,賀茂鶴,純米吟醸 一滴入魂,要確認,公開情報で要確認,,10〜15℃程度の冷酒を起点に、吟醸香と軽快な旨味のバランスを活かすのがおすすめ。,公式ページ再走査,冷酒 / 熱燗 / 燗酒 / 冷やして,https://shop.kamotsuru.jp/SHOP/itteki720.html,https://shop.kamotsuru.jp/SHOP/itteki720.html
西条エリア7蔵,賀茂鶴酒造,酒中在心,酒中在心 橙 純米吟醸 生もと 八反35号,冷酒 / 常温 / ぬる燗 / 燗酒,出典記載,https://shop.kamotsuru.jp/SHOP/shutyuzaishin-daidai_1800.html,冷酒から常温、ぬる燗まで温度による変化を楽しめる。まず10〜15℃程度で酸と旨味のバランスを見て、食中は常温、米の旨味をより出したいときは40℃前後のぬる燗がおすすめ。,公式・個別確認,飲み頃 / 冷酒 / 常温 / ぬる燗 / 燗酒,https://shop.kamotsuru.jp/SHOP/shutyuzaishin-daidai_1800.html,https://shop.kamotsuru.jp/SHOP/shutyuzaishin-daidai_1800.html
西条エリア7蔵,賀茂鶴酒造,賀茂鶴,純米大吟醸 大吟峰,冷酒 / 燗酒,出典記載,https://shop.kamotsuru.jp/SHOP/originalbottle_DK-B1.html,10〜15℃程度の冷酒を起点に、繊細な香りと上品な旨味を活かすのがおすすめ。,既存の飲み方情報,冷酒 / 燗酒,https://shop.kamotsuru.jp/SHOP/originalbottle_DK-B1.html,https://shop.kamotsuru.jp/SHOP/originalbottle_DK-B1.html
西条エリア7蔵,賀茂鶴酒造,賀茂鶴,純米大吟醸 広島錦,冷酒 / 燗酒,出典記載,https://shop.kamotsuru.jp/SHOP/HK-180.html,10〜15℃程度の冷酒を起点に、繊細な香りと上品な旨味を活かすのがおすすめ。,既存の飲み方情報,冷酒 / 燗酒,https://shop.kamotsuru.jp/SHOP/HK-180.html,https://shop.kamotsuru.jp/SHOP/HK-180.html
西条エリア7蔵,賀茂鶴酒造,賀茂鶴,純米大吟醸 瑞兆賀茂鶴,要確認,公開情報で要確認,,10〜15℃程度の冷酒を起点に、繊細な香りと上品な旨味を活かすのがおすすめ。常温も適温に含まれるため、グラスの中で少し温度を上げて香りと旨味の変化を比べるとよい。,公式ページ再走査,飲み頃 / 冷酒 / 常温 / ぬる燗 / 燗酒,https://shop.kamotsuru.jp/SHOP/zuicho720.html,https://shop.kamotsuru.jp/SHOP/zuicho720.html
西条エリア7蔵,賀茂鶴酒造,酒中在心,酒中在心 鶯 純米大吟醸 山田錦,要確認,公開情報で要確認,,10〜15℃程度の冷酒で、華やかな香りと米のふくらみをまず楽しむのがおすすめ。常温に近づくにつれて旨味が広がるため、冷酒から少しずつ温度を上げながら飲むと変化が分かりやすい。,公式・個別確認,飲み頃 / 冷酒 / 常温 / ぬる燗 / 燗酒,https://shop.kamotsuru.jp/SHOP/shutyuzaishin-uguisu_720.html,https://shop.kamotsuru.jp/SHOP/shutyuzaishin-uguisu_720.html
西条エリア7蔵,白牡丹酒造,白牡丹,Paeon(ピオン),常温 / 冷酒,公式商品ページ,https://www.hakubotan.co.jp/products/%e3%80%90%e6%97%a5%e6%9c%ac%e9%85%92-%e7%99%bd%e7%89%a1%e4%b8%b9%e3%80%91paeon%e3%83%94%e3%82%aa%e3%83%b3%e3%80%90%e6%96%b0%e3%80%91/,10〜15℃程度に冷やして、米の旨味と酸のふくらみを引き出すのがおすすめ。冷やし過ぎると香りや旨味が閉じやすいため、少しずつ温度が上がる変化も楽しむとよい。,既存の飲み方情報,,https://www.hakubotan.co.jp/products/%E3%80%90%E6%97%A5%E6%9C%AC%E9%85%92-%E7%99%BD%E7%89%A1%E4%B8%B9%E3%80%91paeon%E3%83%94%E3%82%AA%E3%83%B3%E3%80%90%E6%96%B0%E3%80%91/,https://www.hakubotan.co.jp/products/%E3%80%90%E6%97%A5%E6%9C%AC%E9%85%92-%E7%99%BD%E7%89%A1%E4%B8%B9%E3%80%91paeon%E3%83%94%E3%82%AA%E3%83%B3%E3%80%90%E6%96%B0%E3%80%91/
西条エリア7蔵,白牡丹酒造,白牡丹,さらりとうまくち,冷やして / 常温 / ぬる燗 / 熱燗,出典記載,https://www.hakubotan.co.jp/products/%e3%80%90%e6%97%a5%e6%9c%ac%e9%85%92-%e7%99%bd%e7%89%a1%e4%b8%b9%e3%80%91%e3%81%95%e3%82%89%e3%82%8a%e3%81%a8%e3%81%86%e3%81%be%e3%81%8f%e3%81%a1-720ml%e3%83%91%e3%83%83%e3%82%af%e8%a9%b0/,常温から40℃前後のぬる燗を中心に、香味のまとまりを引き出すのがおすすめ。より熱い燗も適温に含まれる場合は、45〜50℃程度まで上げて後口の締まり方を比べるとよい。,既存の飲み方情報,,https://www.hakubotan.co.jp/products/%e3%80%90%e6%97%a5%e6%9c%ac%e9%85%92-%e7%99%bd%e7%89%a1%e4%b8%b9%e3%80%91%e3%81%95%e3%82%89%e3%82%8a%e3%81%a8%e3%81%86%e3%81%be%e3%81%8f%e3%81%a1-720ml%e3%83%91%e3%83%83%e3%82%af%e8%a9%b0/,https://www.hakubotan.co.jp/products/%e3%80%90%e6%97%a5%e6%9c%ac%e9%85%92-%e7%99%bd%e7%89%a1%e4%b8%b9%e3%80%91%e3%81%95%e3%82%89%e3%82%8a%e3%81%a8%e3%81%86%e3%81%be%e3%81%8f%e3%81%a1-720ml%e3%83%91%e3%83%83%e3%82%af%e8%a9%b0/
西条エリア7蔵,白牡丹酒造,白牡丹,すっきり旨口,常温 / ぬる燗 / 熱燗,出典記載,https://www.hakubotan.co.jp/products/%e3%80%90%e6%97%a5%e6%9c%ac%e9%85%92-%e7%99%bd%e7%89%a1%e4%b8%b9%e3%80%91%e3%81%99%e3%81%a3%e3%81%8d%e3%82%8a%e6%97%a8%e5%8f%a3-2l%e3%83%91%e3%83%83%e3%82%af%e8%a9%b0/,常温から40℃前後のぬる燗を中心に、香味のまとまりを引き出すのがおすすめ。より熱い燗も適温に含まれる場合は、45〜50℃程度まで上げて後口の締まり方を比べるとよい。,既存の飲み方情報,,https://www.hakubotan.co.jp/products/%e3%80%90%e6%97%a5%e6%9c%ac%e9%85%92-%e7%99%bd%e7%89%a1%e4%b8%b9%e3%80%91%e3%81%99%e3%81%a3%e3%81%8d%e3%82%8a%e6%97%a8%e5%8f%a3-2l%e3%83%91%e3%83%83%e3%82%af%e8%a9%b0/,https://www.hakubotan.co.jp/products/%e3%80%90%e6%97%a5%e6%9c%ac%e9%85%92-%e7%99%bd%e7%89%a1%e4%b8%b9%e3%80%91%e3%81%99%e3%81%a3%e3%81%8d%e3%82%8a%e6%97%a8%e5%8f%a3-2l%e3%83%91%e3%83%83%e3%82%af%e8%a9%b0/
西条エリア7蔵,白牡丹酒造,白牡丹,広島の酒,常温 / ぬる燗 / 熱燗,出典記載,https://www.hakubotan.co.jp/products/%e3%80%90%e6%97%a5%e6%9c%ac%e9%85%92-%e7%99%bd%e7%89%a1%e4%b8%b9%e3%80%91%e5%ba%83%e5%b3%b6%e3%81%ae%e9%85%92-1-8l%e7%93%b6%e8%a9%b0/,常温から40℃前後のぬる燗を中心に、香味のまとまりを引き出すのがおすすめ。より熱い燗も適温に含まれる場合は、45〜50℃程度まで上げて後口の締まり方を比べるとよい。,既存の飲み方情報,飲み方 / 常温 / ぬる燗 / 熱燗,https://www.hakubotan.co.jp/products/%e3%80%90%e6%97%a5%e6%9c%ac%e9%85%92-%e7%99%bd%e7%89%a1%e4%b8%b9%e3%80%91%e5%ba%83%e5%b3%b6%e3%81%ae%e9%85%92-1-8l%e7%93%b6%e8%a9%b0/,https://www.hakubotan.co.jp/products/%e3%80%90%e6%97%a5%e6%9c%ac%e9%85%92-%e7%99%bd%e7%89%a1%e4%b8%b9%e3%80%91%e5%ba%83%e5%b3%b6%e3%81%ae%e9%85%92-1-8l%e7%93%b6%e8%a9%b0/
西条エリア7蔵,白牡丹酒造,白牡丹,広島の酒 原酒,冷酒 / 常温 / ぬる燗 / 熱燗 / 燗酒 / ロック,出典記載,https://www.hakubotan.co.jp/products/%e3%80%90%e6%97%a5%e6%9c%ac%e9%85%92-%e7%99%bd%e7%89%a1%e4%b8%b9%e3%80%91%e5%ba%83%e5%b3%b6%e3%81%ae%e9%85%92%e5%8e%9f%e9%85%92-720ml%e7%93%b6%e8%a9%b0/,冷酒では輪郭をすっきりと、40℃前後のぬる燗から燗酒では香味のまとまりを引き出す飲み方がおすすめ。食事に合わせるなら冷酒と燗の両方を試し、好みの温度帯を探すとよい。,既存の飲み方情報,,https://www.hakubotan.co.jp/products/%e3%80%90%e6%97%a5%e6%9c%ac%e9%85%92-%e7%99%bd%e7%89%a1%e4%b8%b9%e3%80%91%e5%ba%83%e5%b3%b6%e3%81%ae%e9%85%92%e5%8e%9f%e9%85%92-720ml%e7%93%b6%e8%a9%b0/,https://www.hakubotan.co.jp/products/%e3%80%90%e6%97%a5%e6%9c%ac%e9%85%92-%e7%99%bd%e7%89%a1%e4%b8%b9%e3%80%91%e5%ba%83%e5%b3%b6%e3%81%ae%e9%85%92%e5%8e%9f%e9%85%92-720ml%e7%93%b6%e8%a9%b0/
西条エリア7蔵,白牡丹酒造,白牡丹,恋華 RENKA,常温,出典記載,https://www.hakubotan.co.jp/products/%e3%80%90%e6%97%a5%e6%9c%ac%e9%85%92-%e7%99%bd%e7%89%a1%e4%b8%b9%e3%80%91%e6%81%8b%e8%8f%af-300ml%e7%93%b6%e8%a9%b0-2/,冷やし過ぎず常温を基準に、香味のまとまりを引き出すのがおすすめ。香りを強く出し過ぎず、食事と一緒にゆっくり温度変化を楽しむとよい。,既存の飲み方情報,飲み方 / 常温,https://www.hakubotan.co.jp/products/%e3%80%90%e6%97%a5%e6%9c%ac%e9%85%92-%e7%99%bd%e7%89%a1%e4%b8%b9%e3%80%91%e6%81%8b%e8%8f%af-300ml%e7%93%b6%e8%a9%b0-2/,https://www.hakubotan.co.jp/products/%e3%80%90%e6%97%a5%e6%9c%ac%e9%85%92-%e7%99%bd%e7%89%a1%e4%b8%b9%e3%80%91%e6%81%8b%e8%8f%af-300ml%e7%93%b6%e8%a9%b0-2/
西条エリア7蔵,白牡丹酒造,白牡丹,恋華 RENKA ROUGE,常温,出典記載,https://www.hakubotan.co.jp/products/%e3%80%90%e6%97%a5%e6%9c%ac%e9%85%92-%e7%99%bd%e7%89%a1%e4%b8%b9%e3%80%91%e6%81%8b%e8%8f%af-renka-rouge-300ml%e7%93%b6%e8%a9%b0/,冷やし過ぎず常温を基準に、香味のまとまりを引き出すのがおすすめ。香りを強く出し過ぎず、食事と一緒にゆっくり温度変化を楽しむとよい。,既存の飲み方情報,,https://www.hakubotan.co.jp/products/%e3%80%90%e6%97%a5%e6%9c%ac%e9%85%92-%e7%99%bd%e7%89%a1%e4%b8%b9%e3%80%91%e6%81%8b%e8%8f%af-renka-rouge-300ml%e7%93%b6%e8%a9%b0/,https://www.hakubotan.co.jp/products/%e3%80%90%e6%97%a5%e6%9c%ac%e9%85%92-%e7%99%bd%e7%89%a1%e4%b8%b9%e3%80%91%e6%81%8b%e8%8f%af-renka-rouge-300ml%e7%93%b6%e8%a9%b0/
西条エリア7蔵,白牡丹酒造,白牡丹,超特撰,常温 / ぬる燗 / 熱燗,出典記載,https://www.hakubotan.co.jp/products/%e3%80%90%e6%97%a5%e6%9c%ac%e9%85%92-%e7%99%bd%e7%89%a1%e4%b8%b9%e3%80%91%e8%b6%85%e7%89%b9%e6%92%b0-1-8l%e7%93%b6%e8%a9%b0-2%e6%9c%ac/,常温から40℃前後のぬる燗を中心に、香味のまとまりを引き出すのがおすすめ。より熱い燗も適温に含まれる場合は、45〜50℃程度まで上げて後口の締まり方を比べるとよい。,既存の飲み方情報,,https://www.hakubotan.co.jp/products/%e3%80%90%e6%97%a5%e6%9c%ac%e9%85%92-%e7%99%bd%e7%89%a1%e4%b8%b9%e3%80%91%e8%b6%85%e7%89%b9%e6%92%b0-1-8l%e7%93%b6%e8%a9%b0-2%e6%9c%ac/,https://www.hakubotan.co.jp/products/%e3%80%90%e6%97%a5%e6%9c%ac%e9%85%92-%e7%99%bd%e7%89%a1%e4%b8%b9%e3%80%91%e8%b6%85%e7%89%b9%e6%92%b0-1-8l%e7%93%b6%e8%a9%b0-2%e6%9c%ac/
西条エリア7蔵,白牡丹酒造,白牡丹,超特撰 純金箔入,常温 / ぬる燗 / 熱燗,出典記載,https://www.hakubotan.co.jp/products/%e3%80%90%e6%97%a5%e6%9c%ac%e9%85%92-%e7%99%bd%e7%89%a1%e4%b8%b9%e3%80%91%e8%b6%85%e7%89%b9%e6%92%b0%e3%80%80%e7%b4%94%e9%87%91%e7%ae%94%e5%85%a5-1-8l%e7%93%b6%e8%a9%b0/,常温から40℃前後のぬる燗を中心に、香味のまとまりを引き出すのがおすすめ。より熱い燗も適温に含まれる場合は、45〜50℃程度まで上げて後口の締まり方を比べるとよい。,既存の飲み方情報,,https://www.hakubotan.co.jp/products/%e3%80%90%e6%97%a5%e6%9c%ac%e9%85%92-%e7%99%bd%e7%89%a1%e4%b8%b9%e3%80%91%e8%b6%85%e7%89%b9%e6%92%b0%e3%80%80%e7%b4%94%e9%87%91%e7%ae%94%e5%85%a5-1-8l%e7%93%b6%e8%a9%b0/,https://www.hakubotan.co.jp/products/%e3%80%90%e6%97%a5%e6%9c%ac%e9%85%92-%e7%99%bd%e7%89%a1%e4%b8%b9%e3%80%91%e8%b6%85%e7%89%b9%e6%92%b0%e3%80%80%e7%b4%94%e9%87%91%e7%ae%94%e5%85%a5-1-8l%e7%93%b6%e8%a9%b0/
西条エリア7蔵,白牡丹酒造,白牡丹,大吟醸,常温 / 冷酒,公式商品ページ,https://www.hakubotan.co.jp/products/%e3%80%90%e6%97%a5%e6%9c%ac%e9%85%92-%e7%99%bd%e7%89%a1%e4%b8%b9%e3%80%91%e5%a4%a7%e5%90%9f%e9%86%b8-1-8l%e7%93%b6%e8%a9%b0/,10〜15℃程度の冷酒を起点に、繊細な香りと上品な旨味を活かすのがおすすめ。常温も適温に含まれるため、グラスの中で少し温度を上げて香りと旨味の変化を比べるとよい。,既存の飲み方情報,燗酒,https://www.hakubotan.co.jp/products/,https://www.hakubotan.co.jp/products/
西条エリア7蔵,白牡丹酒造,白牡丹,大吟醸 いちの雫（しずく酒）,常温 / 冷酒,公式商品ページ,https://www.hakubotan.co.jp/products/%e3%80%90%e6%97%a5%e6%9c%ac%e9%85%92-%e7%99%bd%e7%89%a1%e4%b8%b9%e3%80%91%e5%a4%a7%e5%90%9f%e9%86%b8%e3%80%80%e3%81%84%e3%81%a1%e3%81%ae%e9%9b%ab720ml%e7%93%b6%e8%a9%b0%ef%bc%88%e3%81%97%e3%81%9a/,10〜15℃程度の冷酒を起点に、繊細な香りと上品な旨味を活かすのがおすすめ。常温も適温に含まれるため、グラスの中で少し温度を上げて香りと旨味の変化を比べるとよい。,既存の飲み方情報,,https://www.hakubotan.co.jp/products/%e3%80%90%e6%97%a5%e6%9c%ac%e9%85%92-%e7%99%bd%e7%89%a1%e4%b8%b9%e3%80%91%e5%a4%a7%e5%90%9f%e9%86%b8%e3%80%80%e3%81%84%e3%81%a1%e3%81%ae%e9%9b%ab720ml%e7%93%b6%e8%a9%b0%ef%bc%88%e3%81%97%e3%81%9a/,https://www.hakubotan.co.jp/products/%e3%80%90%e6%97%a5%e6%9c%ac%e9%85%92-%e7%99%bd%e7%89%a1%e4%b8%b9%e3%80%91%e5%a4%a7%e5%90%9f%e9%86%b8%e3%80%80%e3%81%84%e3%81%a1%e3%81%ae%e9%9b%ab720ml%e7%93%b6%e8%a9%b0%ef%bc%88%e3%81%97%e3%81%9a/
西条エリア7蔵,白牡丹酒造,白牡丹,大吟醸 中汲み,常温,出典記載,https://www.hakubotan.co.jp/products/%e3%80%90%e6%97%a5%e6%9c%ac%e9%85%92-%e7%99%bd%e7%89%a1%e4%b8%b9%e3%80%91%e5%a4%a7%e5%90%9f%e9%86%b8-%e4%b8%ad%e6%b1%b2%e3%81%bf-720ml%e7%93%b6%e8%a9%b0%e3%80%90%e6%b5%81%e9%80%9a%e9%99%90%e5%ae%9a/,冷やし過ぎず常温を基準に、繊細な香りと上品な旨味を活かすのがおすすめ。香りを強く出し過ぎず、食事と一緒にゆっくり温度変化を楽しむとよい。,既存の飲み方情報,,https://www.hakubotan.co.jp/products/%e3%80%90%e6%97%a5%e6%9c%ac%e9%85%92-%e7%99%bd%e7%89%a1%e4%b8%b9%e3%80%91%e5%a4%a7%e5%90%9f%e9%86%b8-%e4%b8%ad%e6%b1%b2%e3%81%bf-720ml%e7%93%b6%e8%a9%b0%e3%80%90%e6%b5%81%e9%80%9a%e9%99%90%e5%ae%9a/,https://www.hakubotan.co.jp/products/%e3%80%90%e6%97%a5%e6%9c%ac%e9%85%92-%e7%99%bd%e7%89%a1%e4%b8%b9%e3%80%91%e5%a4%a7%e5%90%9f%e9%86%b8-%e4%b8%ad%e6%b1%b2%e3%81%bf-720ml%e7%93%b6%e8%a9%b0%e3%80%90%e6%b5%81%e9%80%9a%e9%99%90%e5%ae%9a/
西条エリア7蔵,白牡丹酒造,白牡丹,長期低温熟成 大吟醸 FLUSSO,常温 / 冷酒,公式商品ページ,https://www.hakubotan.co.jp/products/flusso/,10〜15℃程度の冷酒を起点に、熟成由来の複雑さをゆっくり開かせるのがおすすめ。常温も適温に含まれるため、グラスの中で少し温度を上げて香りと旨味の変化を比べるとよい。,既存の飲み方情報,,https://www.hakubotan.co.jp/products/flusso/,https://www.hakubotan.co.jp/products/flusso/
西条エリア7蔵,白牡丹酒造,白牡丹,広島上撰 金紋,冷酒 / 常温 / ぬる燗 / 熱燗,出典記載,https://www.hakubotan.co.jp/products/%e3%80%90%e6%97%a5%e6%9c%ac%e9%85%92-%e7%99%bd%e7%89%a1%e4%b8%b9%e3%80%91%e5%ba%83%e5%b3%b6%e4%b8%8a%e6%92%b0%e3%80%80%e9%87%91%e7%b4%8b-1-8l%e7%93%b6%e8%a9%b0/,冷酒では輪郭をすっきりと、40℃前後のぬる燗から燗酒では日常酒らしいキレと旨味を引き出す飲み方がおすすめ。食事に合わせるなら冷酒と燗の両方を試し、好みの温度帯を探すとよい。,既存の飲み方情報,飲み方 / 常温 / ぬる燗 / 熱燗,https://www.hakubotan.co.jp/products/%e3%80%90%e6%97%a5%e6%9c%ac%e9%85%92-%e7%99%bd%e7%89%a1%e4%b8%b9%e3%80%91%e5%ba%83%e5%b3%b6%e4%b8%8a%e6%92%b0%e3%80%80%e9%87%91%e7%b4%8b-1-8l%e7%93%b6%e8%a9%b0/,https://www.hakubotan.co.jp/products/%e3%80%90%e6%97%a5%e6%9c%ac%e9%85%92-%e7%99%bd%e7%89%a1%e4%b8%b9%e3%80%91%e5%ba%83%e5%b3%b6%e4%b8%8a%e6%92%b0%e3%80%80%e9%87%91%e7%b4%8b-1-8l%e7%93%b6%e8%a9%b0/
西条エリア7蔵,白牡丹酒造,白牡丹,広島上撰 金紋 原酒,常温 / ぬる燗 / 熱燗,出典記載,https://www.hakubotan.co.jp/products/%e3%80%90%e6%97%a5%e6%9c%ac%e9%85%92-%e7%99%bd%e7%89%a1%e4%b8%b9%e3%80%91%e5%ba%83%e5%b3%b6%e4%b8%8a%e6%92%b0%e3%80%80%e9%87%91%e7%b4%8b%e3%80%80%e5%8e%9f%e9%85%92720ml%e7%93%b6%e8%a9%b0%e3%80%90/,常温から40℃前後のぬる燗を中心に、日常酒らしいキレと旨味を引き出すのがおすすめ。より熱い燗も適温に含まれる場合は、45〜50℃程度まで上げて後口の締まり方を比べるとよい。,既存の飲み方情報,,https://www.hakubotan.co.jp/products/%e3%80%90%e6%97%a5%e6%9c%ac%e9%85%92-%e7%99%bd%e7%89%a1%e4%b8%b9%e3%80%91%e5%ba%83%e5%b3%b6%e4%b8%8a%e6%92%b0%e3%80%80%e9%87%91%e7%b4%8b%e3%80%80%e5%8e%9f%e9%85%92720ml%e7%93%b6%e8%a9%b0%e3%80%90/,https://www.hakubotan.co.jp/products/%e3%80%90%e6%97%a5%e6%9c%ac%e9%85%92-%e7%99%bd%e7%89%a1%e4%b8%b9%e3%80%91%e5%ba%83%e5%b3%b6%e4%b8%8a%e6%92%b0%e3%80%80%e9%87%91%e7%b4%8b%e3%80%80%e5%8e%9f%e9%85%92720ml%e7%93%b6%e8%a9%b0%e3%80%90/
西条エリア7蔵,白牡丹酒造,白牡丹,広島特撰 芳華金紋,常温 / ぬる燗 / 熱燗,出典記載,https://www.hakubotan.co.jp/products/%e3%80%90%e6%97%a5%e6%9c%ac%e9%85%92-%e7%99%bd%e7%89%a1%e4%b8%b9%e3%80%91%e5%ba%83%e5%b3%b6%e7%89%b9%e6%92%b0-1-8l%e7%93%b6%e8%a9%b0-2/,常温から40℃前後のぬる燗を中心に、日常酒らしいキレと旨味を引き出すのがおすすめ。より熱い燗も適温に含まれる場合は、45〜50℃程度まで上げて後口の締まり方を比べるとよい。,既存の飲み方情報,,https://www.hakubotan.co.jp/products/%e3%80%90%e6%97%a5%e6%9c%ac%e9%85%92-%e7%99%bd%e7%89%a1%e4%b8%b9%e3%80%91%e5%ba%83%e5%b3%b6%e7%89%b9%e6%92%b0-1-8l%e7%93%b6%e8%a9%b0-2/,https://www.hakubotan.co.jp/products/%e3%80%90%e6%97%a5%e6%9c%ac%e9%85%92-%e7%99%bd%e7%89%a1%e4%b8%b9%e3%80%91%e5%ba%83%e5%b3%b6%e7%89%b9%e6%92%b0-1-8l%e7%93%b6%e8%a9%b0-2/
西条エリア7蔵,白牡丹酒造,白牡丹,本醸造,常温 / ぬる燗 / 熱燗,出典記載,https://www.hakubotan.co.jp/products/honjouzou-1-8l/,常温から40℃前後のぬる燗を中心に、日常酒らしいキレと旨味を引き出すのがおすすめ。より熱い燗も適温に含まれる場合は、45〜50℃程度まで上げて後口の締まり方を比べるとよい。,既存の飲み方情報,,https://www.hakubotan.co.jp/products/honjouzou-1-8l/,https://www.hakubotan.co.jp/products/honjouzou-1-8l/
西条エリア7蔵,白牡丹酒造,白牡丹,本醸造 生貯蔵酒,常温,出典記載,https://www.hakubotan.co.jp/products/%e3%80%90%e6%97%a5%e6%9c%ac%e9%85%92-%e7%99%bd%e7%89%a1%e4%b8%b9%e3%80%91%e6%9c%ac%e9%86%b8%e9%80%a0-%e7%94%9f%e8%b2%af%e8%94%b5%e9%85%92-300ml%e7%93%b6%e8%a9%b0/,冷やし過ぎず常温を基準に、フレッシュさを活かすのがおすすめ。香りを強く出し過ぎず、食事と一緒にゆっくり温度変化を楽しむとよい。,既存の飲み方情報,,https://www.hakubotan.co.jp/products/%e3%80%90%e6%97%a5%e6%9c%ac%e9%85%92-%e7%99%bd%e7%89%a1%e4%b8%b9%e3%80%91%e6%9c%ac%e9%86%b8%e9%80%a0-%e7%94%9f%e8%b2%af%e8%94%b5%e9%85%92-300ml%e7%93%b6%e8%a9%b0/,https://www.hakubotan.co.jp/products/%e3%80%90%e6%97%a5%e6%9c%ac%e9%85%92-%e7%99%bd%e7%89%a1%e4%b8%b9%e3%80%91%e6%9c%ac%e9%86%b8%e9%80%a0-%e7%94%9f%e8%b2%af%e8%94%b5%e9%85%92-300ml%e7%93%b6%e8%a9%b0/
西条エリア7蔵,白牡丹酒造,白牡丹,ひろしま一途な純米酒 紅甘萬(べにかんまん),常温 / ぬる燗 / 燗酒,出典記載,https://www.hakubotan.co.jp/products/%e3%80%90%e6%97%a5%e6%9c%ac%e9%85%92-%e7%99%bd%e7%89%a1%e4%b8%b9%e3%80%91%e3%81%b2%e3%82%8d%e3%81%97%e3%81%be%e4%b8%80%e9%80%94%e3%81%aa%e7%b4%94%e7%b1%b3%e9%85%92%e3%80%80%e7%b4%85%e7%94%98%e8%90%ac/,常温から40℃前後のぬる燗を中心に、米の旨味と酸のふくらみを引き出すのがおすすめ。より熱い燗も適温に含まれる場合は、45〜50℃程度まで上げて後口の締まり方を比べるとよい。,既存の飲み方情報,,https://www.hakubotan.co.jp/products/%e3%80%90%e6%97%a5%e6%9c%ac%e9%85%92-%e7%99%bd%e7%89%a1%e4%b8%b9%e3%80%91%e3%81%b2%e3%82%8d%e3%81%97%e3%81%be%e4%b8%80%e9%80%94%e3%81%aa%e7%b4%94%e7%b1%b3%e9%85%92%e3%80%80%e7%b4%85%e7%94%98%e8%90%ac/,https://www.hakubotan.co.jp/products/%e3%80%90%e6%97%a5%e6%9c%ac%e9%85%92-%e7%99%bd%e7%89%a1%e4%b8%b9%e3%80%91%e3%81%b2%e3%82%8d%e3%81%97%e3%81%be%e4%b8%80%e9%80%94%e3%81%aa%e7%b4%94%e7%b1%b3%e9%85%92%e3%80%80%e7%b4%85%e7%94%98%e8%90%ac/
西条エリア7蔵,白牡丹酒造,白牡丹,山田錦 純米酒,常温 / ぬる燗,出典記載,https://www.hakubotan.co.jp/products/%e3%80%90%e6%97%a5%e6%9c%ac%e9%85%92-%e7%99%bd%e7%89%a1%e4%b8%b9%e3%80%91%e5%b1%b1%e7%94%b0%e9%8c%a6%e7%b4%94%e7%b1%b3%e9%85%921-8l%e7%93%b6%e8%a9%b0/,常温から40℃前後のぬる燗を中心に、米の旨味と酸のふくらみを引き出すのがおすすめ。より熱い燗も適温に含まれる場合は、45〜50℃程度まで上げて後口の締まり方を比べるとよい。,既存の飲み方情報,,https://www.hakubotan.co.jp/products/%e3%80%90%e6%97%a5%e6%9c%ac%e9%85%92-%e7%99%bd%e7%89%a1%e4%b8%b9%e3%80%91%e5%b1%b1%e7%94%b0%e9%8c%a6%e7%b4%94%e7%b1%b3%e9%85%921-8l%e7%93%b6%e8%a9%b0/,https://www.hakubotan.co.jp/products/%e3%80%90%e6%97%a5%e6%9c%ac%e9%85%92-%e7%99%bd%e7%89%a1%e4%b8%b9%e3%80%91%e5%b1%b1%e7%94%b0%e9%8c%a6%e7%b4%94%e7%b1%b3%e9%85%921-8l%e7%93%b6%e8%a9%b0/
西条エリア7蔵,白牡丹酒造,白牡丹,新酒純米,常温 / ぬる燗 / 熱燗 / 燗酒,出典記載,https://www.hakubotan.co.jp/products/%e3%80%90%e6%97%a5%e6%9c%ac%e9%85%92-%e7%99%bd%e7%89%a1%e4%b8%b9%e3%80%91%e6%96%b0%e9%85%92%e7%b4%94%e7%b1%b3-1-8l%e7%93%b6%e8%a9%b0-2/,常温から40℃前後のぬる燗を中心に、米の旨味と酸のふくらみを引き出すのがおすすめ。より熱い燗も適温に含まれる場合は、45〜50℃程度まで上げて後口の締まり方を比べるとよい。,既存の飲み方情報,,https://www.hakubotan.co.jp/products/%e3%80%90%e6%97%a5%e6%9c%ac%e9%85%92-%e7%99%bd%e7%89%a1%e4%b8%b9%e3%80%91%e6%96%b0%e9%85%92%e7%b4%94%e7%b1%b3-1-8l%e7%93%b6%e8%a9%b0-2/,https://www.hakubotan.co.jp/products/%e3%80%90%e6%97%a5%e6%9c%ac%e9%85%92-%e7%99%bd%e7%89%a1%e4%b8%b9%e3%80%91%e6%96%b0%e9%85%92%e7%b4%94%e7%b1%b3-1-8l%e7%93%b6%e8%a9%b0-2/
西条エリア7蔵,白牡丹酒造,藝陽男山,生酛純米酒 夏仕込み,常温 / ぬる燗 / 熱燗,出典記載,https://www.hakubotan.co.jp/products/%e3%80%90%e6%97%a5%e6%9c%ac%e9%85%92-%e8%97%9d%e9%99%bd%e7%94%b7%e5%b1%b1%e3%80%91%e7%94%9f%e9%85%9b%e7%b4%94%e7%b1%b3%e9%85%92-%e5%a4%8f%e4%bb%95%e8%be%bc%e3%81%bf-720ml%e7%93%b6%e8%a9%b0/,常温から40℃前後のぬる燗を中心に、米の旨味と酸のふくらみを引き出すのがおすすめ。より熱い燗も適温に含まれる場合は、45〜50℃程度まで上げて後口の締まり方を比べるとよい。,既存の飲み方情報,,https://www.hakubotan.co.jp/products/%e3%80%90%e6%97%a5%e6%9c%ac%e9%85%92-%e8%97%9d%e9%99%bd%e7%94%b7%e5%b1%b1%e3%80%91%e7%94%9f%e9%85%9b%e7%b4%94%e7%b1%b3%e9%85%92-%e5%a4%8f%e4%bb%95%e8%be%bc%e3%81%bf-720ml%e7%93%b6%e8%a9%b0/,https://www.hakubotan.co.jp/products/%e3%80%90%e6%97%a5%e6%9c%ac%e9%85%92-%e8%97%9d%e9%99%bd%e7%94%b7%e5%b1%b1%e3%80%91%e7%94%9f%e9%85%9b%e7%b4%94%e7%b1%b3%e9%85%92-%e5%a4%8f%e4%bb%95%e8%be%bc%e3%81%bf-720ml%e7%93%b6%e8%a9%b0/
西条エリア7蔵,白牡丹酒造,藝陽男山,生酛純米酒 夏仕込み おりがらみ,常温 / ぬる燗 / 熱燗,出典記載,https://www.hakubotan.co.jp/products/%e3%80%90%e6%97%a5%e6%9c%ac%e9%85%92-%e8%97%9d%e9%99%bd%e7%94%b7%e5%b1%b1%e3%80%91%e7%94%9f%e9%85%9b%e7%b4%94%e7%b1%b3%e9%85%92-%e5%a4%8f%e4%bb%95%e8%be%bc%e3%81%bf-%e3%81%8a%e3%82%8a%e3%81%8c/,常温から40℃前後のぬる燗を中心に、米の旨味と酸のふくらみを引き出すのがおすすめ。より熱い燗も適温に含まれる場合は、45〜50℃程度まで上げて後口の締まり方を比べるとよい。,既存の飲み方情報,,https://www.hakubotan.co.jp/products/%e3%80%90%e6%97%a5%e6%9c%ac%e9%85%92-%e8%97%9d%e9%99%bd%e7%94%b7%e5%b1%b1%e3%80%91%e7%94%9f%e9%85%9b%e7%b4%94%e7%b1%b3%e9%85%92-%e5%a4%8f%e4%bb%95%e8%be%bc%e3%81%bf-%e3%81%8a%e3%82%8a%e3%81%8c/,https://www.hakubotan.co.jp/products/%e3%80%90%e6%97%a5%e6%9c%ac%e9%85%92-%e8%97%9d%e9%99%bd%e7%94%b7%e5%b1%b1%e3%80%91%e7%94%9f%e9%85%9b%e7%b4%94%e7%b1%b3%e9%85%92-%e5%a4%8f%e4%bb%95%e8%be%bc%e3%81%bf-%e3%81%8a%e3%82%8a%e3%81%8c/
西条エリア7蔵,白牡丹酒造,藝陽男山,生酛純米酒 夏仕込み 生酒,常温 / ぬる燗 / 熱燗,出典記載,https://www.hakubotan.co.jp/products/%e3%80%90%e6%97%a5%e6%9c%ac%e9%85%92-%e8%97%9d%e9%99%bd%e7%94%b7%e5%b1%b1%e3%80%91%e7%94%9f%e9%85%9b%e7%b4%94%e7%b1%b3%e9%85%92-%e5%a4%8f%e4%bb%95%e8%be%bc%e3%81%bf-%e7%94%9f%e9%85%92-720ml%e7%93%b6/,常温から40℃前後のぬる燗を中心に、フレッシュさを活かすのがおすすめ。より熱い燗も適温に含まれる場合は、45〜50℃程度まで上げて後口の締まり方を比べるとよい。,既存の飲み方情報,,https://www.hakubotan.co.jp/products/%e3%80%90%e6%97%a5%e6%9c%ac%e9%85%92-%e8%97%9d%e9%99%bd%e7%94%b7%e5%b1%b1%e3%80%91%e7%94%9f%e9%85%9b%e7%b4%94%e7%b1%b3%e9%85%92-%e5%a4%8f%e4%bb%95%e8%be%bc%e3%81%bf-%e7%94%9f%e9%85%92-720ml%e7%93%b6/,https://www.hakubotan.co.jp/products/%e3%80%90%e6%97%a5%e6%9c%ac%e9%85%92-%e8%97%9d%e9%99%bd%e7%94%b7%e5%b1%b1%e3%80%91%e7%94%9f%e9%85%9b%e7%b4%94%e7%b1%b3%e9%85%92-%e5%a4%8f%e4%bb%95%e8%be%bc%e3%81%bf-%e7%94%9f%e9%85%92-720ml%e7%93%b6/
西条エリア7蔵,白牡丹酒造,白牡丹,純米生酒 氷華,常温 / 冷酒,公式商品ページ,https://www.hakubotan.co.jp/products/%e3%80%90%e5%87%8d%e7%b5%90%e7%94%9f%e9%85%92%e3%80%91%e3%80%90%e6%97%a5%e6%9c%ac%e9%85%92-%e7%99%bd%e7%89%a1%e4%b8%b9%e3%80%91%e7%b4%94%e7%b1%b3%e7%94%9f%e9%85%92%e3%80%80%e6%b0%b7%e8%8f%af300ml/,まずは5〜10℃程度までしっかり冷やし、フレッシュさを活かすのがおすすめ。温度が上がり過ぎないうちに飲み、原酒で強く感じる場合に「ロック」の記載がある商品は大きめの氷を一つ加えると飲みやすい。,既存の飲み方情報,,https://www.hakubotan.co.jp/products/%e3%80%90%e5%87%8d%e7%b5%90%e7%94%9f%e9%85%92%e3%80%91%e3%80%90%e6%97%a5%e6%9c%ac%e9%85%92-%e7%99%bd%e7%89%a1%e4%b8%b9%e3%80%91%e7%b4%94%e7%b1%b3%e7%94%9f%e9%85%92%e3%80%80%e6%b0%b7%e8%8f%af300ml/,https://www.hakubotan.co.jp/products/%e3%80%90%e5%87%8d%e7%b5%90%e7%94%9f%e9%85%92%e3%80%91%e3%80%90%e6%97%a5%e6%9c%ac%e9%85%92-%e7%99%bd%e7%89%a1%e4%b8%b9%e3%80%91%e7%b4%94%e7%b1%b3%e7%94%9f%e9%85%92%e3%80%80%e6%b0%b7%e8%8f%af300ml/
西条エリア7蔵,白牡丹酒造,白牡丹,純米酒,常温 / ぬる燗 / 熱燗 / 燗酒,出典記載,https://www.hakubotan.co.jp/products/%e3%80%90%e6%97%a5%e6%9c%ac%e9%85%92-%e7%99%bd%e7%89%a1%e4%b8%b9%e3%80%91%e7%b4%94%e7%b1%b3%e9%85%92-1-8l%e7%93%b6%e8%a9%b0/,常温から40℃前後のぬる燗を中心に、米の旨味と酸のふくらみを引き出すのがおすすめ。より熱い燗も適温に含まれる場合は、45〜50℃程度まで上げて後口の締まり方を比べるとよい。,既存の飲み方情報,飲み方 / 常温 / ぬる燗 / 熱燗 / 燗酒,https://www.hakubotan.co.jp/products/%e3%80%90%e6%97%a5%e6%9c%ac%e9%85%92-%e7%99%bd%e7%89%a1%e4%b8%b9%e3%80%91%e7%b4%94%e7%b1%b3%e9%85%92-1-8l%e7%93%b6%e8%a9%b0/,https://www.hakubotan.co.jp/products/%e3%80%90%e6%97%a5%e6%9c%ac%e9%85%92-%e7%99%bd%e7%89%a1%e4%b8%b9%e3%80%91%e7%b4%94%e7%b1%b3%e9%85%92-1-8l%e7%93%b6%e8%a9%b0/
西条エリア7蔵,白牡丹酒造,白牡丹,純米酒 山田錦 米だけの酒,冷やして / 常温 / ぬる燗 / 熱燗,出典記載,https://www.hakubotan.co.jp/products/%e3%80%90%e6%97%a5%e6%9c%ac%e9%85%92-%e7%99%bd%e7%89%a1%e4%b8%b9%e3%80%91%e7%b4%94%e7%b1%b3%e9%85%92%e3%80%80%e5%b1%b1%e7%94%b0%e9%8c%a6%e3%80%80%e7%b1%b3%e3%81%a0%e3%81%91%e3%81%ae%e9%85%92-900ml/,常温から40℃前後のぬる燗を中心に、米の旨味と酸のふくらみを引き出すのがおすすめ。より熱い燗も適温に含まれる場合は、45〜50℃程度まで上げて後口の締まり方を比べるとよい。,既存の飲み方情報,,https://www.hakubotan.co.jp/products/%e3%80%90%e6%97%a5%e6%9c%ac%e9%85%92-%e7%99%bd%e7%89%a1%e4%b8%b9%e3%80%91%e7%b4%94%e7%b1%b3%e9%85%92%e3%80%80%e5%b1%b1%e7%94%b0%e9%8c%a6%e3%80%80%e7%b1%b3%e3%81%a0%e3%81%91%e3%81%ae%e9%85%92-900ml/,https://www.hakubotan.co.jp/products/%e3%80%90%e6%97%a5%e6%9c%ac%e9%85%92-%e7%99%bd%e7%89%a1%e4%b8%b9%e3%80%91%e7%b4%94%e7%b1%b3%e9%85%92%e3%80%80%e5%b1%b1%e7%94%b0%e9%8c%a6%e3%80%80%e7%b1%b3%e3%81%a0%e3%81%91%e3%81%ae%e9%85%92-900ml/
西条エリア7蔵,白牡丹酒造,白牡丹,山田錦 純米吟醸 うすにごり,常温,出典記載,https://www.hakubotan.co.jp/products/%e3%80%90%e6%97%a5%e6%9c%ac%e9%85%92-%e7%99%bd%e7%89%a1%e4%b8%b9%e3%80%91%e5%b1%b1%e7%94%b0%e9%8c%a6%e3%80%80%e7%b4%94%e7%b1%b3%e5%90%9f%e9%86%b8%e3%80%80%e3%81%86%e3%81%99%e3%81%ab%e3%81%94%e3%82%8a/,冷やし過ぎず常温を基準に、発泡感やにごりの口当たりを活かすのがおすすめ。香りを強く出し過ぎず、食事と一緒にゆっくり温度変化を楽しむとよい。,既存の飲み方情報,,https://www.hakubotan.co.jp/products/%e3%80%90%e6%97%a5%e6%9c%ac%e9%85%92-%e7%99%bd%e7%89%a1%e4%b8%b9%e3%80%91%e5%b1%b1%e7%94%b0%e9%8c%a6%e3%80%80%e7%b4%94%e7%b1%b3%e5%90%9f%e9%86%b8%e3%80%80%e3%81%86%e3%81%99%e3%81%ab%e3%81%94%e3%82%8a/,https://www.hakubotan.co.jp/products/%e3%80%90%e6%97%a5%e6%9c%ac%e9%85%92-%e7%99%bd%e7%89%a1%e4%b8%b9%e3%80%91%e5%b1%b1%e7%94%b0%e9%8c%a6%e3%80%80%e7%b4%94%e7%b1%b3%e5%90%9f%e9%86%b8%e3%80%80%e3%81%86%e3%81%99%e3%81%ab%e3%81%94%e3%82%8a/
西条エリア7蔵,白牡丹酒造,白牡丹,広島八反 純米吟醸,常温,出典記載,https://www.hakubotan.co.jp/products/%e3%80%90%e6%97%a5%e6%9c%ac%e9%85%92-%e7%99%bd%e7%89%a1%e4%b8%b9%e3%80%91%e5%ba%83%e5%b3%b6%e5%85%ab%e5%8f%8d-%e7%b4%94%e7%b1%b3%e5%90%9f%e9%86%b8-1-8l%e7%93%b6%e8%a9%b0/,冷やし過ぎず常温を基準に、吟醸香と軽快な旨味のバランスを活かすのがおすすめ。香りを強く出し過ぎず、食事と一緒にゆっくり温度変化を楽しむとよい。,既存の飲み方情報,,https://www.hakubotan.co.jp/products/%e3%80%90%e6%97%a5%e6%9c%ac%e9%85%92-%e7%99%bd%e7%89%a1%e4%b8%b9%e3%80%91%e5%ba%83%e5%b3%b6%e5%85%ab%e5%8f%8d-%e7%b4%94%e7%b1%b3%e5%90%9f%e9%86%b8-1-8l%e7%93%b6%e8%a9%b0/,https://www.hakubotan.co.jp/products/%e3%80%90%e6%97%a5%e6%9c%ac%e9%85%92-%e7%99%bd%e7%89%a1%e4%b8%b9%e3%80%91%e5%ba%83%e5%b3%b6%e5%85%ab%e5%8f%8d-%e7%b4%94%e7%b1%b3%e5%90%9f%e9%86%b8-1-8l%e7%93%b6%e8%a9%b0/
西条エリア7蔵,白牡丹酒造,白牡丹,純米吟醸,常温,出典記載,https://www.hakubotan.co.jp/products/%e3%80%90%e6%97%a5%e6%9c%ac%e9%85%92-%e7%99%bd%e7%89%a1%e4%b8%b9%e3%80%91%e7%b4%94%e7%b1%b3%e5%90%9f%e9%86%b8-1-8l%e7%93%b6%e8%a9%b0/,冷やし過ぎず常温を基準に、吟醸香と軽快な旨味のバランスを活かすのがおすすめ。香りを強く出し過ぎず、食事と一緒にゆっくり温度変化を楽しむとよい。,既存の飲み方情報,,https://www.hakubotan.co.jp/products/%e3%80%90%e6%97%a5%e6%9c%ac%e9%85%92-%e7%99%bd%e7%89%a1%e4%b8%b9%e3%80%91%e7%b4%94%e7%b1%b3%e5%90%9f%e9%86%b8-1-8l%e7%93%b6%e8%a9%b0/,https://www.hakubotan.co.jp/products/%e3%80%90%e6%97%a5%e6%9c%ac%e9%85%92-%e7%99%bd%e7%89%a1%e4%b8%b9%e3%80%91%e7%b4%94%e7%b1%b3%e5%90%9f%e9%86%b8-1-8l%e7%93%b6%e8%a9%b0/
西条エリア7蔵,白牡丹酒造,白牡丹,純米吟醸 中汲み,常温,出典記載,https://www.hakubotan.co.jp/products/%e3%80%90%e6%97%a5%e6%9c%ac%e9%85%92-%e7%99%bd%e7%89%a1%e4%b8%b9%e3%80%91%e7%b4%94%e7%b1%b3%e5%90%9f%e9%86%b8-%e4%b8%ad%e6%b1%b2%e3%81%bf-720ml%e7%93%b6%e8%a9%b0%e3%80%90%e6%b5%81%e9%80%9a%e9%99%90/,冷やし過ぎず常温を基準に、吟醸香と軽快な旨味のバランスを活かすのがおすすめ。香りを強く出し過ぎず、食事と一緒にゆっくり温度変化を楽しむとよい。,既存の飲み方情報,,https://www.hakubotan.co.jp/products/%e3%80%90%e6%97%a5%e6%9c%ac%e9%85%92-%e7%99%bd%e7%89%a1%e4%b8%b9%e3%80%91%e7%b4%94%e7%b1%b3%e5%90%9f%e9%86%b8-%e4%b8%ad%e6%b1%b2%e3%81%bf-720ml%e7%93%b6%e8%a9%b0%e3%80%90%e6%b5%81%e9%80%9a%e9%99%90/,https://www.hakubotan.co.jp/products/%e3%80%90%e6%97%a5%e6%9c%ac%e9%85%92-%e7%99%bd%e7%89%a1%e4%b8%b9%e3%80%91%e7%b4%94%e7%b1%b3%e5%90%9f%e9%86%b8-%e4%b8%ad%e6%b1%b2%e3%81%bf-720ml%e7%93%b6%e8%a9%b0%e3%80%90%e6%b5%81%e9%80%9a%e9%99%90/
西条エリア7蔵,白牡丹酒造,白牡丹,純米吟醸 生貯蔵酒,常温,出典記載,https://www.hakubotan.co.jp/products/%e3%80%90%e6%97%a5%e6%9c%ac%e9%85%92-%e7%99%bd%e7%89%a1%e4%b8%b9%e3%80%91%e7%b4%94%e7%b1%b3%e5%90%9f%e9%86%b8-%e7%94%9f%e8%b2%af%e8%94%b5%e9%85%92-300ml%e7%93%b6%e8%a9%b0-%e3%80%90%e8%bc%b8%e5%87%ba/,冷やし過ぎず常温を基準に、フレッシュさを活かすのがおすすめ。香りを強く出し過ぎず、食事と一緒にゆっくり温度変化を楽しむとよい。,既存の飲み方情報,,https://www.hakubotan.co.jp/products/%e3%80%90%e6%97%a5%e6%9c%ac%e9%85%92-%e7%99%bd%e7%89%a1%e4%b8%b9%e3%80%91%e7%b4%94%e7%b1%b3%e5%90%9f%e9%86%b8-%e7%94%9f%e8%b2%af%e8%94%b5%e9%85%92-300ml%e7%93%b6%e8%a9%b0-%e3%80%90%e8%bc%b8%e5%87%ba/,https://www.hakubotan.co.jp/products/%e3%80%90%e6%97%a5%e6%9c%ac%e9%85%92-%e7%99%bd%e7%89%a1%e4%b8%b9%e3%80%91%e7%b4%94%e7%b1%b3%e5%90%9f%e9%86%b8-%e7%94%9f%e8%b2%af%e8%94%b5%e9%85%92-300ml%e7%93%b6%e8%a9%b0-%e3%80%90%e8%bc%b8%e5%87%ba/
西条エリア7蔵,白牡丹酒造,白牡丹,純米吟醸萌えいぶき,常温 / ぬる燗,出典記載,https://www.hakubotan.co.jp/products/%e3%80%90%e6%97%a5%e6%9c%ac%e9%85%92-%e7%99%bd%e7%89%a1%e4%b8%b9%e3%80%91%e7%b4%94%e7%b1%b3%e5%90%9f%e9%86%b8%e8%90%8c%e3%81%88%e3%81%84%e3%81%b6%e3%81%8d1-8%ef%bd%8c%e7%93%b6%e8%a9%b0/,常温から40℃前後のぬる燗を中心に、吟醸香と軽快な旨味のバランスを活かすのがおすすめ。より熱い燗も適温に含まれる場合は、45〜50℃程度まで上げて後口の締まり方を比べるとよい。,既存の飲み方情報,,https://www.hakubotan.co.jp/products/%e3%80%90%e6%97%a5%e6%9c%ac%e9%85%92-%e7%99%bd%e7%89%a1%e4%b8%b9%e3%80%91%e7%b4%94%e7%b1%b3%e5%90%9f%e9%86%b8%e8%90%8c%e3%81%88%e3%81%84%e3%81%b6%e3%81%8d1-8%ef%bd%8c%e7%93%b6%e8%a9%b0/,https://www.hakubotan.co.jp/products/%e3%80%90%e6%97%a5%e6%9c%ac%e9%85%92-%e7%99%bd%e7%89%a1%e4%b8%b9%e3%80%91%e7%b4%94%e7%b1%b3%e5%90%9f%e9%86%b8%e8%90%8c%e3%81%88%e3%81%84%e3%81%b6%e3%81%8d1-8%ef%bd%8c%e7%93%b6%e8%a9%b0/
西条エリア7蔵,白牡丹酒造,白牡丹,華 純米吟醸,常温,出典記載,https://www.hakubotan.co.jp/products/%e3%80%90%e6%97%a5%e6%9c%ac%e9%85%92-%e7%99%bd%e7%89%a1%e4%b8%b9%e3%80%91%e8%8f%af%e3%80%80%e7%b4%94%e7%b1%b3%e5%90%9f%e9%86%b8%e3%80%80-300ml%e7%93%b6%e3%80%90%e8%bc%b8%e5%87%ba%e5%b0%82%e7%94%a8/,冷やし過ぎず常温を基準に、吟醸香と軽快な旨味のバランスを活かすのがおすすめ。香りを強く出し過ぎず、食事と一緒にゆっくり温度変化を楽しむとよい。,既存の飲み方情報,,https://www.hakubotan.co.jp/products/%e3%80%90%e6%97%a5%e6%9c%ac%e9%85%92-%e7%99%bd%e7%89%a1%e4%b8%b9%e3%80%91%e8%8f%af%e3%80%80%e7%b4%94%e7%b1%b3%e5%90%9f%e9%86%b8%e3%80%80-300ml%e7%93%b6%e3%80%90%e8%bc%b8%e5%87%ba%e5%b0%82%e7%94%a8/,https://www.hakubotan.co.jp/products/%e3%80%90%e6%97%a5%e6%9c%ac%e9%85%92-%e7%99%bd%e7%89%a1%e4%b8%b9%e3%80%91%e8%8f%af%e3%80%80%e7%b4%94%e7%b1%b3%e5%90%9f%e9%86%b8%e3%80%80-300ml%e7%93%b6%e3%80%90%e8%bc%b8%e5%87%ba%e5%b0%82%e7%94%a8/
西条エリア7蔵,白牡丹酒造,白牡丹,山田錦 純米大吟醸 氷華,常温 / 冷酒,公式商品ページ,https://www.hakubotan.co.jp/products/%e3%80%90%e5%87%8d%e7%b5%90%e7%94%9f%e9%85%92%e3%80%91%e3%80%90%e6%97%a5%e6%9c%ac%e9%85%92-%e7%99%bd%e7%89%a1%e4%b8%b9%e3%80%91%e5%b1%b1%e7%94%b0%e9%8c%a6-%e7%b4%94%e7%b1%b3%e5%a4%a7%e5%90%9f%e9%86%b8/,10〜15℃程度の冷酒を起点に、繊細な香りと上品な旨味を活かすのがおすすめ。常温も適温に含まれるため、グラスの中で少し温度を上げて香りと旨味の変化を比べるとよい。,既存の飲み方情報,,https://www.hakubotan.co.jp/products/%e3%80%90%e5%87%8d%e7%b5%90%e7%94%9f%e9%85%92%e3%80%91%e3%80%90%e6%97%a5%e6%9c%ac%e9%85%92-%e7%99%bd%e7%89%a1%e4%b8%b9%e3%80%91%e5%b1%b1%e7%94%b0%e9%8c%a6-%e7%b4%94%e7%b1%b3%e5%a4%a7%e5%90%9f%e9%86%b8/,https://www.hakubotan.co.jp/products/%e3%80%90%e5%87%8d%e7%b5%90%e7%94%9f%e9%85%92%e3%80%91%e3%80%90%e6%97%a5%e6%9c%ac%e9%85%92-%e7%99%bd%e7%89%a1%e4%b8%b9%e3%80%91%e5%b1%b1%e7%94%b0%e9%8c%a6-%e7%b4%94%e7%b1%b3%e5%a4%a7%e5%90%9f%e9%86%b8/
西条エリア7蔵,白牡丹酒造,白牡丹,広島八反 純米大吟醸 原酒,常温,出典記載,https://www.hakubotan.co.jp/products/%e3%80%90%e6%97%a5%e6%9c%ac%e9%85%92-%e7%99%bd%e7%89%a1%e4%b8%b9%e3%80%91%e5%ba%83%e5%b3%b6%e5%85%ab%e5%8f%8d-%e7%b4%94%e7%b1%b3%e5%a4%a7%e5%90%9f%e9%86%b8-%e5%8e%9f%e9%85%92720ml%e7%93%b6%e8%a9%b0/,冷やし過ぎず常温を基準に、繊細な香りと上品な旨味を活かすのがおすすめ。香りを強く出し過ぎず、食事と一緒にゆっくり温度変化を楽しむとよい。,既存の飲み方情報,,https://www.hakubotan.co.jp/products/%e3%80%90%e6%97%a5%e6%9c%ac%e9%85%92-%e7%99%bd%e7%89%a1%e4%b8%b9%e3%80%91%e5%ba%83%e5%b3%b6%e5%85%ab%e5%8f%8d-%e7%b4%94%e7%b1%b3%e5%a4%a7%e5%90%9f%e9%86%b8-%e5%8e%9f%e9%85%92720ml%e7%93%b6%e8%a9%b0/,https://www.hakubotan.co.jp/products/%e3%80%90%e6%97%a5%e6%9c%ac%e9%85%92-%e7%99%bd%e7%89%a1%e4%b8%b9%e3%80%91%e5%ba%83%e5%b3%b6%e5%85%ab%e5%8f%8d-%e7%b4%94%e7%b1%b3%e5%a4%a7%e5%90%9f%e9%86%b8-%e5%8e%9f%e9%85%92720ml%e7%93%b6%e8%a9%b0/
西条エリア7蔵,白牡丹酒造,白牡丹,広島八反 純米大吟醸 氷華,常温 / 冷酒,公式商品ページ,https://www.hakubotan.co.jp/products/%e3%80%90%e5%87%8d%e7%b5%90%e7%94%9f%e9%85%92%e3%80%91%e3%80%90%e6%97%a5%e6%9c%ac%e9%85%92-%e7%99%bd%e7%89%a1%e4%b8%b9%e3%80%91%e5%ba%83%e5%b3%b6%e5%85%ab%e5%8f%8d-%e7%b4%94%e7%b1%b3%e5%a4%a7%e5%90%9f/,10〜15℃程度の冷酒を起点に、繊細な香りと上品な旨味を活かすのがおすすめ。常温も適温に含まれるため、グラスの中で少し温度を上げて香りと旨味の変化を比べるとよい。,既存の飲み方情報,,https://www.hakubotan.co.jp/products/%e3%80%90%e5%87%8d%e7%b5%90%e7%94%9f%e9%85%92%e3%80%91%e3%80%90%e6%97%a5%e6%9c%ac%e9%85%92-%e7%99%bd%e7%89%a1%e4%b8%b9%e3%80%91%e5%ba%83%e5%b3%b6%e5%85%ab%e5%8f%8d-%e7%b4%94%e7%b1%b3%e5%a4%a7%e5%90%9f/,https://www.hakubotan.co.jp/products/%e3%80%90%e5%87%8d%e7%b5%90%e7%94%9f%e9%85%92%e3%80%91%e3%80%90%e6%97%a5%e6%9c%ac%e9%85%92-%e7%99%bd%e7%89%a1%e4%b8%b9%e3%80%91%e5%ba%83%e5%b3%b6%e5%85%ab%e5%8f%8d-%e7%b4%94%e7%b1%b3%e5%a4%a7%e5%90%9f/
西条エリア7蔵,白牡丹酒造,白牡丹,純米大吟醸 令和一号酵母,常温 / ぬる燗,出典記載,https://www.hakubotan.co.jp/products/%e3%80%90%e6%97%a5%e6%9c%ac%e9%85%92-%e7%99%bd%e7%89%a1%e4%b8%b9%e3%80%91%e7%b4%94%e7%b1%b3%e5%a4%a7%e5%90%9f%e9%86%b8-%e4%bb%a4%e5%92%8c%e4%b8%80%e5%8f%b7%e9%85%b5%e6%af%8d-720ml%e7%93%b6%e8%a9%b0/,常温から40℃前後のぬる燗を中心に、繊細な香りと上品な旨味を活かすのがおすすめ。より熱い燗も適温に含まれる場合は、45〜50℃程度まで上げて後口の締まり方を比べるとよい。,既存の飲み方情報,,https://www.hakubotan.co.jp/products/%e3%80%90%e6%97%a5%e6%9c%ac%e9%85%92-%e7%99%bd%e7%89%a1%e4%b8%b9%e3%80%91%e7%b4%94%e7%b1%b3%e5%a4%a7%e5%90%9f%e9%86%b8-%e4%bb%a4%e5%92%8c%e4%b8%80%e5%8f%b7%e9%85%b5%e6%af%8d-720ml%e7%93%b6%e8%a9%b0/,https://www.hakubotan.co.jp/products/%e3%80%90%e6%97%a5%e6%9c%ac%e9%85%92-%e7%99%bd%e7%89%a1%e4%b8%b9%e3%80%91%e7%b4%94%e7%b1%b3%e5%a4%a7%e5%90%9f%e9%86%b8-%e4%bb%a4%e5%92%8c%e4%b8%80%e5%8f%b7%e9%85%b5%e6%af%8d-720ml%e7%93%b6%e8%a9%b0/
西条エリア7蔵,白牡丹酒造,白牡丹,純米大吟醸 原酒 万年蔵 杜氏 鹿島正,常温 / ぬる燗 / 燗酒,出典記載,https://www.hakubotan.co.jp/products/%e3%80%90%e6%97%a5%e6%9c%ac%e9%85%92-%e7%99%bd%e7%89%a1%e4%b8%b9%e3%80%91%e7%b4%94%e7%b1%b3%e5%a4%a7%e5%90%9f%e9%86%b8-%e5%8e%9f%e9%85%92-%e4%b8%87%e5%b9%b4%e8%94%b5-%e6%9d%9c%e6%b0%8f-%e9%b9%bf/,常温から40℃前後のぬる燗を中心に、繊細な香りと上品な旨味を活かすのがおすすめ。より熱い燗も適温に含まれる場合は、45〜50℃程度まで上げて後口の締まり方を比べるとよい。,既存の飲み方情報,,https://www.hakubotan.co.jp/products/%e3%80%90%e6%97%a5%e6%9c%ac%e9%85%92-%e7%99%bd%e7%89%a1%e4%b8%b9%e3%80%91%e7%b4%94%e7%b1%b3%e5%a4%a7%e5%90%9f%e9%86%b8-%e5%8e%9f%e9%85%92-%e4%b8%87%e5%b9%b4%e8%94%b5-%e6%9d%9c%e6%b0%8f-%e9%b9%bf/,https://www.hakubotan.co.jp/products/%e3%80%90%e6%97%a5%e6%9c%ac%e9%85%92-%e7%99%bd%e7%89%a1%e4%b8%b9%e3%80%91%e7%b4%94%e7%b1%b3%e5%a4%a7%e5%90%9f%e9%86%b8-%e5%8e%9f%e9%85%92-%e4%b8%87%e5%b9%b4%e8%94%b5-%e6%9d%9c%e6%b0%8f-%e9%b9%bf/
西条エリア7蔵,白牡丹酒造,白牡丹,純米大吟醸 悠星(ゆうせい),常温,出典記載,https://www.hakubotan.co.jp/products/%e3%80%90%e6%97%a5%e6%9c%ac%e9%85%92-%e7%99%bd%e7%89%a1%e4%b8%b9%e3%80%91%e7%b4%94%e7%b1%b3%e5%a4%a7%e5%90%9f%e9%86%b8-%e6%82%a0%e6%98%9f%e3%82%86%e3%81%86%e3%81%9b%e3%81%84720ml%e7%93%b6%e8%a9%b0/,冷やし過ぎず常温を基準に、繊細な香りと上品な旨味を活かすのがおすすめ。香りを強く出し過ぎず、食事と一緒にゆっくり温度変化を楽しむとよい。,既存の飲み方情報,,https://www.hakubotan.co.jp/products/%e3%80%90%e6%97%a5%e6%9c%ac%e9%85%92-%e7%99%bd%e7%89%a1%e4%b8%b9%e3%80%91%e7%b4%94%e7%b1%b3%e5%a4%a7%e5%90%9f%e9%86%b8-%e6%82%a0%e6%98%9f%e3%82%86%e3%81%86%e3%81%9b%e3%81%84720ml%e7%93%b6%e8%a9%b0/,https://www.hakubotan.co.jp/products/%e3%80%90%e6%97%a5%e6%9c%ac%e9%85%92-%e7%99%bd%e7%89%a1%e4%b8%b9%e3%80%91%e7%b4%94%e7%b1%b3%e5%a4%a7%e5%90%9f%e9%86%b8-%e6%82%a0%e6%98%9f%e3%82%86%e3%81%86%e3%81%9b%e3%81%84720ml%e7%93%b6%e8%a9%b0/
西条エリア7蔵,白牡丹酒造,白牡丹,純米大吟醸 龍王井,常温,出典記載,https://www.hakubotan.co.jp/products/%e3%80%90%e6%97%a5%e6%9c%ac%e9%85%92-%e7%99%bd%e7%89%a1%e4%b8%b9%e3%80%91%e9%be%8d%e7%8e%8b%e4%ba%95-300ml%e7%93%b6%e8%a9%b0%e3%80%90%e8%bc%b8%e5%87%ba/,冷やし過ぎず常温を基準に、繊細な香りと上品な旨味を活かすのがおすすめ。香りを強く出し過ぎず、食事と一緒にゆっくり温度変化を楽しむとよい。,既存の飲み方情報,,https://www.hakubotan.co.jp/products/%e3%80%90%e6%97%a5%e6%9c%ac%e9%85%92-%e7%99%bd%e7%89%a1%e4%b8%b9%e3%80%91%e9%be%8d%e7%8e%8b%e4%ba%95-300ml%e7%93%b6%e8%a9%b0%e3%80%90%e8%bc%b8%e5%87%ba/,https://www.hakubotan.co.jp/products/%e3%80%90%e6%97%a5%e6%9c%ac%e9%85%92-%e7%99%bd%e7%89%a1%e4%b8%b9%e3%80%91%e9%be%8d%e7%8e%8b%e4%ba%95-300ml%e7%93%b6%e8%a9%b0%e3%80%90%e8%bc%b8%e5%87%ba/
西条エリア7蔵,西條鶴醸造,西條鶴,吟醸酒「ゴールド西條鶴」,冷酒 / 常温 / ぬる燗,現行酒販店商品情報,https://osake-style.com/SHOP/10020122.html,10〜15℃程度の冷酒を起点に、吟醸香と軽快な旨味のバランスを活かすのがおすすめ。常温も適温に含まれるため、グラスの中で少し温度を上げて香りと旨味の変化を比べるとよい。,既存の飲み方情報,,https://saijotsuru.co.jp/?pid=157617449,https://saijotsuru.co.jp/?pid=157617449
西条エリア7蔵,西條鶴醸造,西條鶴,広島流辛口吟醸 吟醸生酒,要確認,公開情報で要確認,,公開情報で明確な推奨温度を確認できないため酒質からの目安。よく冷やした5〜10℃程度の冷酒を起点に、フレッシュさを活かす飲み方がおすすめ。少量ずつ温度を変え、香り・甘味・酸味・キレのバランスが最も整うところを探すとよい。,推論,,https://saijotsuru.co.jp/?pid=178569049,https://saijotsuru.co.jp/?pid=178569049
西条エリア7蔵,西條鶴醸造,西條鶴,新・生酛純米原酒「Natural」,要確認,公開情報で要確認,,公開情報で明確な推奨温度を確認できないため酒質からの目安。常温から40℃前後のぬる燗を起点に、米の旨味と酸のふくらみを引き出す飲み方がおすすめ。少量ずつ温度を変え、香り・甘味・酸味・キレのバランスが最も整うところを探すとよい。,推論,,https://saijotsuru.co.jp/?pid=168115135,https://saijotsuru.co.jp/?pid=168115135
西条エリア7蔵,西條鶴醸造,西條鶴,純米『愛山』70,要確認,公開情報で要確認,,公開情報で明確な推奨温度を確認できないため酒質からの目安。常温から40℃前後のぬる燗を起点に、米の旨味と酸のふくらみを引き出す飲み方がおすすめ。少量ずつ温度を変え、香り・甘味・酸味・キレのバランスが最も整うところを探すとよい。,推論,,https://saijotsuru.co.jp/?pid=191215726,https://saijotsuru.co.jp/?pid=191215726
西条エリア7蔵,西條鶴醸造,西條鶴,純米にごり酒（微発泡タイプ生酒）,要確認,公開情報で要確認,,公開情報で明確な推奨温度を確認できないため酒質からの目安。よく冷やした5〜10℃程度の冷酒を起点に、発泡感やにごりの口当たりを活かす飲み方がおすすめ。少量ずつ温度を変え、香り・甘味・酸味・キレのバランスが最も整うところを探すとよい。,推論,,https://saijotsuru.co.jp/?pid=155394785,https://saijotsuru.co.jp/?pid=155394785
西条エリア7蔵,西條鶴醸造,西條鶴,純米生原酒,冷酒,地域観光資料,https://higashihiroshima-digital-sightseeing.com/joy/ichioshi/,まずは5〜10℃程度までしっかり冷やし、フレッシュさを活かすのがおすすめ。温度が上がり過ぎないうちに飲み、原酒で強く感じる場合に「ロック」の記載がある商品は大きめの氷を一つ加えると飲みやすい。,既存の飲み方情報,,https://saijotsuru.co.jp/?pid=154356753,https://saijotsuru.co.jp/?pid=154356753
西条エリア7蔵,西條鶴醸造,西條鶴,純米酒「大地の風」,冷酒 / 常温 / 熱燗,地域観光資料,https://higashihiroshima-digital-sightseeing.com/joy/ichioshi/,冷酒では輪郭をすっきりと、40℃前後のぬる燗から燗酒では米の旨味と酸のふくらみを引き出す飲み方がおすすめ。食事に合わせるなら冷酒と燗の両方を試し、好みの温度帯を探すとよい。,既存の飲み方情報,,https://saijotsuru.co.jp/?pid=157617524,https://saijotsuru.co.jp/?pid=157617524
西条エリア7蔵,西條鶴醸造,西條鶴,辛口純米酒『きんさいや』,要確認,公開情報で要確認,,公開情報で明確な推奨温度を確認できないため酒質からの目安。常温から40℃前後のぬる燗を起点に、米の旨味と酸のふくらみを引き出す飲み方がおすすめ。少量ずつ温度を変え、香り・甘味・酸味・キレのバランスが最も整うところを探すとよい。,推論,,https://saijotsuru.co.jp/?pid=189850838,https://saijotsuru.co.jp/?pid=189850838
西条エリア7蔵,西條鶴醸造,西條鶴,酒蔵限定酒・杜氏入魂無濾過純米生酒,要確認,公開情報で要確認,,公開情報で明確な推奨温度を確認できないため酒質からの目安。よく冷やした5〜10℃程度の冷酒を起点に、フレッシュさを活かす飲み方がおすすめ。少量ずつ温度を変え、香り・甘味・酸味・キレのバランスが最も整うところを探すとよい。,推論,,https://saijotsuru.co.jp/?pid=154356283,https://saijotsuru.co.jp/?pid=154356283
西条エリア7蔵,西條鶴醸造,西條鶴,酒蔵限定酒・無濾過純米生酒,要確認,公開情報で要確認,,公開情報で明確な推奨温度を確認できないため酒質からの目安。よく冷やした5〜10℃程度の冷酒を起点に、フレッシュさを活かす飲み方がおすすめ。少量ずつ温度を変え、香り・甘味・酸味・キレのバランスが最も整うところを探すとよい。,推論,,https://saijotsuru.co.jp/?pid=154356253,https://saijotsuru.co.jp/?pid=154356253
西条エリア7蔵,西條鶴醸造,西條鶴,純米吟醸「大地の冠」,要確認,公開情報で要確認,,公開情報で明確な推奨温度を確認できないため酒質からの目安。10〜15℃程度の冷酒を起点に、吟醸香と軽快な旨味のバランスを活かす飲み方がおすすめ。少量ずつ温度を変え、香り・甘味・酸味・キレのバランスが最も整うところを探すとよい。,推論,,https://saijotsuru.co.jp/?pid=157617368,https://saijotsuru.co.jp/?pid=157617368
西条エリア7蔵,西條鶴醸造,西條鶴,純米吟醸「雄町・秋あがり」,要確認,公開情報で要確認,,公開情報で明確な推奨温度を確認できないため酒質からの目安。常温から40℃前後のぬる燗を起点に、熟成でまとまった旨味を引き出す飲み方がおすすめ。少量ずつ温度を変え、香り・甘味・酸味・キレのバランスが最も整うところを探すとよい。,推論,,https://saijotsuru.co.jp/?pid=154356132,https://saijotsuru.co.jp/?pid=154356132
西条エリア7蔵,西條鶴醸造,西條鶴,酒蔵限定酒・無濾過純米吟醸生酒,要確認,公開情報で要確認,,公開情報で明確な推奨温度を確認できないため酒質からの目安。よく冷やした5〜10℃程度の冷酒を起点に、フレッシュさを活かす飲み方がおすすめ。少量ずつ温度を変え、香り・甘味・酸味・キレのバランスが最も整うところを探すとよい。,推論,,https://saijotsuru.co.jp/?pid=154356266,https://saijotsuru.co.jp/?pid=154356266
西条エリア7蔵,西條鶴醸造,西條鶴,酒蔵限定酒・純米吟醸「備前雄町」,要確認,公開情報で要確認,,公開情報で明確な推奨温度を確認できないため酒質からの目安。10〜15℃程度の冷酒を起点に、吟醸香と軽快な旨味のバランスを活かす飲み方がおすすめ。少量ずつ温度を変え、香り・甘味・酸味・キレのバランスが最も整うところを探すとよい。,推論,,https://saijotsuru.co.jp/?pid=154356303,https://saijotsuru.co.jp/?pid=154356303
西条エリア7蔵,西條鶴醸造,西條鶴,純米大吟醸「西鶴」,常温,広島県資料,https://www.pref.hiroshima.lg.jp/uploaded/attachment/524371.pdf,冷やし過ぎず常温を基準に、繊細な香りと上品な旨味を活かすのがおすすめ。香りを強く出し過ぎず、食事と一緒にゆっくり温度変化を楽しむとよい。,既存の飲み方情報,,https://saijotsuru.co.jp/?pid=157617273,https://saijotsuru.co.jp/?pid=157617273
西条エリア7蔵,西條鶴醸造,西條鶴,純米大吟醸原酒「神髄」,常温,広島県資料,https://www.pref.hiroshima.lg.jp/uploaded/attachment/524371.pdf,冷やし過ぎず常温を基準に、繊細な香りと上品な旨味を活かすのがおすすめ。香りを強く出し過ぎず、食事と一緒にゆっくり温度変化を楽しむとよい。,既存の飲み方情報,,https://saijotsuru.co.jp/?pid=180817561,https://saijotsuru.co.jp/?pid=180817561
西条エリア7蔵,西條鶴醸造,西條鶴,純米大吟醸原酒「飛天空」,要確認,公開情報で要確認,,公開情報で明確な推奨温度を確認できないため酒質からの目安。10〜15℃程度の冷酒を起点に、繊細な香りと上品な旨味を活かす飲み方がおすすめ。少量ずつ温度を変え、香り・甘味・酸味・キレのバランスが最も整うところを探すとよい。,推論,,https://saijotsuru.co.jp/?pid=154356442,https://saijotsuru.co.jp/?pid=154356442
西条エリア7蔵,西條鶴醸造,西條鶴,酒蔵限定酒・純米大吟醸原酒,要確認,公開情報で要確認,,公開情報で明確な推奨温度を確認できないため酒質からの目安。10〜15℃程度の冷酒を起点に、繊細な香りと上品な旨味を活かす飲み方がおすすめ。少量ずつ温度を変え、香り・甘味・酸味・キレのバランスが最も整うところを探すとよい。,推論,,https://saijotsuru.co.jp/?pid=154356394,https://saijotsuru.co.jp/?pid=154356394
西条エリア7蔵,亀齢酒造,亀齢萬年,亀齢萬年 山田錦 生酒,要確認,出典記載,https://www.hiroshimasake.com/product/15,公開情報で明確な推奨温度を確認できないため酒質からの目安。よく冷やした5〜10℃程度の冷酒を起点に、フレッシュさを活かす飲み方がおすすめ。少量ずつ温度を変え、香り・甘味・酸味・キレのバランスが最も整うところを探すとよい。,推論,,https://www.hiroshimasake.com/product/15,
西条エリア7蔵,亀齢酒造,亀齢萬年,亀齢萬年 山田錦おりがらみ 生酒,要確認,出典記載,https://www.hiroshimasake.com/product/564,公開情報で明確な推奨温度を確認できないため酒質からの目安。よく冷やした5〜10℃程度の冷酒を起点に、フレッシュさを活かす飲み方がおすすめ。少量ずつ温度を変え、香り・甘味・酸味・キレのバランスが最も整うところを探すとよい。,推論,,https://www.hiroshimasake.com/product/564,
西条エリア7蔵,亀齢酒造,亀齢,吉田屋の酒,要確認,公開情報で要確認,,公開情報で明確な推奨温度を確認できないため酒質からの目安。10〜15℃程度の冷酒から常温を起点に、香味のまとまりを引き出す飲み方がおすすめ。少量ずつ温度を変え、香り・甘味・酸味・キレのバランスが最も整うところを探すとよい。,推論,,https://kireikireikirei.jimdofree.com/酒蔵土産売場-まねきや/,https://kireikireikirei.jimdofree.com/酒蔵土産売場-まねきや/
西条エリア7蔵,亀齢酒造,亀齢,亀齢 大吟醸 創,冷酒 / ロック,出典記載,https://www.hiroshimasake.com/product/17,10〜15℃程度の冷酒を起点に、繊細な香りと上品な旨味を活かすのがおすすめ。,既存の飲み方情報,,https://www.hiroshimasake.com/product/17,
西条エリア7蔵,亀齢酒造,亀齢,亀齢 上撰,冷酒 / 燗酒,現行販売店の商品説明,https://osake-style.com/SHOP/11012948.html,冷酒では輪郭をすっきりと、40℃前後のぬる燗から燗酒では日常酒らしいキレと旨味を引き出す飲み方がおすすめ。食事に合わせるなら冷酒と燗の両方を試し、好みの温度帯を探すとよい。,既存の飲み方情報,,https://osake-style.com/SHOP/11012948.html,
西条エリア7蔵,亀齢酒造,亀齢,亀齢 無濾過 五段仕込純米酒 八九(はちく) 生酒,要確認,出典記載,https://www.hiroshimasake.com/product/182,公開情報で明確な推奨温度を確認できないため酒質からの目安。よく冷やした5〜10℃程度の冷酒を起点に、フレッシュさを活かす飲み方がおすすめ。少量ずつ温度を変え、香り・甘味・酸味・キレのバランスが最も整うところを探すとよい。,推論,,https://www.hiroshimasake.com/product/182,
西条エリア7蔵,亀齢酒造,亀齢,亀齢 辛口純米 八拾,要確認,出典記載,https://www.hiroshimasake.com/product/37,公開情報で明確な推奨温度を確認できないため酒質からの目安。10〜15℃程度の冷酒を起点に、米の旨味と酸のふくらみを引き出す飲み方がおすすめ。少量ずつ温度を変え、香り・甘味・酸味・キレのバランスが最も整うところを探すとよい。,推論,,https://www.hiroshimasake.com/product/37,
西条エリア7蔵,亀齢酒造,亀齢,亀齢 辛口純米 八拾 生酒,要確認,出典記載,https://www.hiroshimasake.com/product/96,公開情報で明確な推奨温度を確認できないため酒質からの目安。よく冷やした5〜10℃程度の冷酒を起点に、フレッシュさを活かす飲み方がおすすめ。少量ずつ温度を変え、香り・甘味・酸味・キレのバランスが最も整うところを探すとよい。,推論,,https://www.hiroshimasake.com/product/96,
西条エリア7蔵,亀齢酒造,亀齢,亀齢 純米吟醸 六拾,要確認,公開情報で要確認,,公開情報で明確な推奨温度を確認できないため酒質からの目安。10〜15℃程度の冷酒を起点に、吟醸香と軽快な旨味のバランスを活かす飲み方がおすすめ。少量ずつ温度を変え、香り・甘味・酸味・キレのバランスが最も整うところを探すとよい。,推論,,https://e-sake.jp/article/article-1369/,
西条エリア7蔵,亀齢酒造,亀齢,亀齢 純米吟醸 原形精米 migaki 無濾過生酒,要確認,出典記載,https://www.hiroshimasake.com/product/550,公開情報で明確な推奨温度を確認できないため酒質からの目安。よく冷やした5〜10℃程度の冷酒を起点に、フレッシュさを活かす飲み方がおすすめ。少量ずつ温度を変え、香り・甘味・酸味・キレのバランスが最も整うところを探すとよい。,推論,,https://www.hiroshimasake.com/product/550,
西条エリア7蔵,亀齢酒造,亀齢,亀齢 純米吟醸 原形精米 migaki 萌えいぶき 生酒,要確認,出典記載,https://www.hiroshimasake.com/product/581,公開情報で明確な推奨温度を確認できないため酒質からの目安。よく冷やした5〜10℃程度の冷酒を起点に、フレッシュさを活かす飲み方がおすすめ。少量ずつ温度を変え、香り・甘味・酸味・キレのバランスが最も整うところを探すとよい。,推論,,https://www.hiroshimasake.com/product/581,
西条エリア7蔵,亀齢酒造,亀齢萬年,亀齢萬年 純米大吟醸原酒五拾 生酒,要確認,出典記載,https://www.hiroshimasake.com/product/552,公開情報で明確な推奨温度を確認できないため酒質からの目安。よく冷やした5〜10℃程度の冷酒を起点に、フレッシュさを活かす飲み方がおすすめ。少量ずつ温度を変え、香り・甘味・酸味・キレのバランスが最も整うところを探すとよい。,推論,,https://www.hiroshimasake.com/product/552,
西条エリア7蔵,亀齢酒造,亀齢萬年,亀齢萬年 純米大吟醸原酒五拾 袋吊りおりがらみ 生酒,要確認,出典記載,https://www.hiroshimasake.com/product/412,公開情報で明確な推奨温度を確認できないため酒質からの目安。よく冷やした5〜10℃程度の冷酒を起点に、フレッシュさを活かす飲み方がおすすめ。少量ずつ温度を変え、香り・甘味・酸味・キレのバランスが最も整うところを探すとよい。,推論,,https://www.hiroshimasake.com/product/412,
西条エリア7蔵,亀齢酒造,亀齢,純米大吟醸 亀香,常温 / 冷酒,地域観光資料,https://higashihiroshima-digital-sightseeing.com/joy/ichioshi/,10〜15℃程度の冷酒を起点に、繊細な香りと上品な旨味を活かすのがおすすめ。常温も適温に含まれるため、グラスの中で少し温度を上げて香りと旨味の変化を比べるとよい。,既存の飲み方情報,,https://kireikireikirei.jimdofree.com/酒蔵土産売場-まねきや/,https://kireikireikirei.jimdofree.com/酒蔵土産売場-まねきや/
西条エリア7蔵,福美人酒造,福美人,広島の酒,燗酒,出典記載,https://www.fukubijin.co.jp/SHOP/3110.html,常温から40℃前後のぬる燗を中心に、香味のまとまりを引き出すのがおすすめ。より熱い燗も適温に含まれる場合は、45〜50℃程度まで上げて後口の締まり方を比べるとよい。,既存の飲み方情報,,https://www.fukubijin.co.jp/SHOP/3110.html,https://www.fukubijin.co.jp/SHOP/3110.html
西条エリア7蔵,福美人酒造,福美人,樽酒,要確認,公開情報で要確認,,公開情報で明確な推奨温度を確認できないため酒質からの目安。10〜15℃程度の冷酒から常温を起点に、香味のまとまりを引き出す飲み方がおすすめ。少量ずつ温度を変え、香り・甘味・酸味・キレのバランスが最も整うところを探すとよい。,推論,,https://www.fukubijin.co.jp/SHOP/3220.html,https://www.fukubijin.co.jp/SHOP/3220.html
西条エリア7蔵,福美人酒造,福美人,純金箔入り,要確認,公開情報で要確認,,公開情報で明確な推奨温度を確認できないため酒質からの目安。10〜15℃程度の冷酒から常温を起点に、香味のまとまりを引き出す飲み方がおすすめ。少量ずつ温度を変え、香り・甘味・酸味・キレのバランスが最も整うところを探すとよい。,推論,,https://www.fukubijin.co.jp/SHOP/3818.html,https://www.fukubijin.co.jp/SHOP/3818.html
西条エリア7蔵,福美人酒造,福美人,蔵内限定 甘い口どけ豊醇原酒,ロック,出典記載,https://www.fukubijin.co.jp/SHOP/2203.html,公開情報で明確な推奨温度を確認できないため酒質からの目安。10〜15℃程度の冷酒から常温を起点に、香味のまとまりを引き出す飲み方がおすすめ。少量ずつ温度を変え、香り・甘味・酸味・キレのバランスが最も整うところを探すとよい。,推論,,https://www.fukubijin.co.jp/SHOP/2203.html,https://www.fukubijin.co.jp/SHOP/2203.html
西条エリア7蔵,福美人酒造,福美人,大吟醸,要確認,公開情報で要確認,,公開情報で明確な推奨温度を確認できないため酒質からの目安。10〜15℃程度の冷酒を起点に、繊細な香りと上品な旨味を活かす飲み方がおすすめ。少量ずつ温度を変え、香り・甘味・酸味・キレのバランスが最も整うところを探すとよい。,推論,,https://www.fukubijin.co.jp/SHOP/1157.html,https://www.fukubijin.co.jp/SHOP/1157.html
西条エリア7蔵,福美人酒造,福美人,大吟醸 蔵乃華 （ くらのはな ）,常温 / 冷酒,酒造組合系商品資料,https://www.japansake.or.jp/sake/about/kumiaiin/pdf/34.pdf,10〜15℃程度の冷酒を起点に、繊細な香りと上品な旨味を活かすのがおすすめ。常温も適温に含まれるため、グラスの中で少し温度を上げて香りと旨味の変化を比べるとよい。,既存の飲み方情報,,https://www.fukubijin.co.jp/SHOP/1020.html,https://www.fukubijin.co.jp/SHOP/1020.html
西条エリア7蔵,福美人酒造,福美人,大吟醸 西條酒造学校,冷酒 / 常温,現行酒販店商品情報,https://osake-style.com/SHOP/10020036.html,10〜15℃程度の冷酒を起点に、繊細な香りと上品な旨味を活かすのがおすすめ。常温も適温に含まれるため、グラスの中で少し温度を上げて香りと旨味の変化を比べるとよい。,既存の飲み方情報,,https://www.fukubijin.co.jp/SHOP/1120.html,https://www.fukubijin.co.jp/SHOP/1120.html
西条エリア7蔵,福美人酒造,福美人,上撰 さけパック,燗酒,出典記載,https://www.fukubijin.co.jp/SHOP/2268.html,常温から40℃前後のぬる燗を中心に、日常酒らしいキレと旨味を引き出すのがおすすめ。より熱い燗も適温に含まれる場合は、45〜50℃程度まで上げて後口の締まり方を比べるとよい。,既存の飲み方情報,,https://www.fukubijin.co.jp/SHOP/2268.html,https://www.fukubijin.co.jp/SHOP/2268.html
西条エリア7蔵,福美人酒造,福美人,本醸造 舞,燗酒,出典記載,https://www.fukubijin.co.jp/SHOP/3010.html,常温から40℃前後のぬる燗を中心に、日常酒らしいキレと旨味を引き出すのがおすすめ。より熱い燗も適温に含まれる場合は、45〜50℃程度まで上げて後口の締まり方を比べるとよい。,既存の飲み方情報,,https://www.fukubijin.co.jp/SHOP/3010.html,https://www.fukubijin.co.jp/SHOP/3010.html
西条エリア7蔵,福美人酒造,福美人,特別純米酒「ひめあま」,冷酒,酒蔵紹介資料,https://www.goshu-pro.jp/chugokushikoku/hiroshima/2415,10〜15℃程度に冷やして、米の旨味と酸のふくらみを引き出すのがおすすめ。冷やし過ぎると香りや旨味が閉じやすいため、少しずつ温度が上がる変化も楽しむとよい。,既存の飲み方情報,,https://www.fukubijin.co.jp/SHOP/2080.html,https://www.fukubijin.co.jp/SHOP/2080.html
西条エリア7蔵,福美人酒造,福美人,純米酒,燗酒,出典記載,https://www.fukubijin.co.jp/SHOP/2020.html,常温から40℃前後のぬる燗を中心に、米の旨味と酸のふくらみを引き出すのがおすすめ。より熱い燗も適温に含まれる場合は、45〜50℃程度まで上げて後口の締まり方を比べるとよい。,既存の飲み方情報,,https://www.fukubijin.co.jp/SHOP/2020.html,https://www.fukubijin.co.jp/SHOP/2020.html
西条エリア7蔵,福美人酒造,福美人,純米吟醸,燗酒,出典記載,https://www.fukubijin.co.jp/SHOP/1221.html,常温から40℃前後のぬる燗を中心に、吟醸香と軽快な旨味のバランスを活かすのがおすすめ。より熱い燗も適温に含まれる場合は、45〜50℃程度まで上げて後口の締まり方を比べるとよい。,既存の飲み方情報,,https://www.fukubijin.co.jp/SHOP/1221.html,https://www.fukubijin.co.jp/SHOP/1221.html
西条エリア7蔵,賀茂泉酒造,COKUN,COKUN,ロック,出典記載,https://www.kamoizumi.co.jp/sake/index.php,8度の低アルコールと甘酸っぱさを活かすため、よく冷やしてワイングラスや小ぶりのグラスで飲むのがおすすめ。食前酒や軽いデザート酒のように少量ずつ楽しむと、ベリー系を思わせる酸味と甘味が分かりやすい。,公式・個別確認,常温 / ぬる燗 / ロック,https://www.kamoizumi.co.jp/sake/index.php,https://www.kamoizumi.co.jp/sake/index.php
西条エリア7蔵,賀茂泉酒造,賀茂泉,NAO,冷酒 / 燗酒,出典記載,https://online.kamoizumi.com/?pid=151187707,冷酒では輪郭をすっきりと、40℃前後のぬる燗から燗酒では低アルコールの軽やかさを活かす飲み方がおすすめ。食事に合わせるなら冷酒と燗の両方を試し、好みの温度帯を探すとよい。,既存の飲み方情報,,https://online.kamoizumi.com/?pid=151187707,
西条エリア7蔵,賀茂泉酒造,ROCK HOPPER,Rock Hopper Moon Walk,要確認,公開情報で要確認,,秋酒らしいまろやかさを活かすため、10〜15℃程度の冷酒から始め、少しずつ常温に近づけて飲むのがおすすめ。17度の原酒なので、味が強く感じる場合は大きめの氷を一つ入れる飲み方も合う。,公式・個別確認,,https://online.kamoizumi.com/?pid=193198460,
西条エリア7蔵,賀茂泉酒造,賀茂泉,山吹色の酒,常温 / ぬる燗 / ロック,出典記載,https://www.kamoizumi.co.jp/sake/index.php,常温から40℃前後のぬる燗を中心に、吟醸香と軽快な旨味のバランスを活かすのがおすすめ。より熱い燗も適温に含まれる場合は、45〜50℃程度まで上げて後口の締まり方を比べるとよい。,既存の飲み方情報,常温 / ぬる燗 / ロック,https://www.kamoizumi.co.jp/sake/index.php,https://www.kamoizumi.co.jp/sake/index.php
西条エリア7蔵,賀茂泉酒造,賀茂泉,延寿,常温 / ぬる燗 / ロック,出典記載,https://www.kamoizumi.co.jp/sake/index.php,常温から40℃前後のぬる燗を中心に、繊細な香りと上品な旨味を活かすのがおすすめ。より熱い燗も適温に含まれる場合は、45〜50℃程度まで上げて後口の締まり方を比べるとよい。,既存の飲み方情報,常温 / ぬる燗 / ロック,https://www.kamoizumi.co.jp/sake/index.php,https://www.kamoizumi.co.jp/sake/index.php
西条エリア7蔵,賀茂泉酒造,賀茂泉,朱泉本仕込,常温 / ぬる燗 / ロック,出典記載,https://www.kamoizumi.co.jp/sake/index.php,常温から40℃前後のぬる燗を中心に、吟醸香と軽快な旨味のバランスを活かすのがおすすめ。より熱い燗も適温に含まれる場合は、45〜50℃程度まで上げて後口の締まり方を比べるとよい。,既存の飲み方情報,常温 / ぬる燗 / ロック,https://www.kamoizumi.co.jp/sake/index.php,https://www.kamoizumi.co.jp/sake/index.php
西条エリア7蔵,賀茂泉酒造,賀茂泉,次郎丸井水,冷酒 / 熱燗 / 燗酒,出典記載,https://online.kamoizumi.com/?pid=188379071,冷酒では輪郭をすっきりと、40℃前後のぬる燗から燗酒では香味のまとまりを引き出す飲み方がおすすめ。食事に合わせるなら冷酒と燗の両方を試し、好みの温度帯を探すとよい。,既存の飲み方情報,,https://online.kamoizumi.com/?pid=188379071,
西条エリア7蔵,賀茂泉酒造,賀茂泉,皇寿,常温 / ぬる燗 / ロック,出典記載,https://www.kamoizumi.co.jp/sake/index.php,常温から40℃前後のぬる燗を中心に、繊細な香りと上品な旨味を活かすのがおすすめ。より熱い燗も適温に含まれる場合は、45〜50℃程度まで上げて後口の締まり方を比べるとよい。,既存の飲み方情報,常温 / ぬる燗 / ロック,https://www.kamoizumi.co.jp/sake/index.php,https://www.kamoizumi.co.jp/sake/index.php
西条エリア7蔵,賀茂泉酒造,賀茂泉,緑泉本仕込,ロック,出典記載,https://www.kamoizumi.co.jp/sake/index.php,公開情報で明確な推奨温度を確認できないため酒質からの目安。10〜15℃程度の冷酒から常温を起点に、香味のまとまりを引き出す飲み方がおすすめ。少量ずつ温度を変え、香り・甘味・酸味・キレのバランスが最も整うところを探すとよい。,推論,常温 / ぬる燗 / ロック,https://www.kamoizumi.co.jp/sake/index.php,https://www.kamoizumi.co.jp/sake/index.php
西条エリア7蔵,賀茂泉酒造,賀茂泉,青泉 本仕込 生酒,ロック,出典記載,https://online.kamoizumi.com/?pid=191995192,公開情報で明確な推奨温度を確認できないため酒質からの目安。よく冷やした5〜10℃程度の冷酒を起点に、フレッシュさを活かす飲み方がおすすめ。少量ずつ温度を変え、香り・甘味・酸味・キレのバランスが最も整うところを探すとよい。,推論,,https://online.kamoizumi.com/?pid=191995192,
西条エリア7蔵,賀茂泉酒造,賀茂泉,朱泉普通酒,冷酒 / ぬる燗 / 熱燗 / 燗酒,出典記載,https://online.kamoizumi.com/?pid=188378827,冷酒では輪郭をすっきりと、40℃前後のぬる燗から燗酒では日常酒らしいキレと旨味を引き出す飲み方がおすすめ。食事に合わせるなら冷酒と燗の両方を試し、好みの温度帯を探すとよい。,既存の飲み方情報,,https://online.kamoizumi.com/?pid=188378827,
西条エリア7蔵,賀茂泉酒造,賀茂泉,緑泉普通酒,冷酒 / 熱燗 / 燗酒,出典記載,https://online.kamoizumi.com/?pid=188379527,冷酒では輪郭をすっきりと、40℃前後のぬる燗から燗酒では日常酒らしいキレと旨味を引き出す飲み方がおすすめ。食事に合わせるなら冷酒と燗の両方を試し、好みの温度帯を探すとよい。,既存の飲み方情報,,https://online.kamoizumi.com/?pid=188379527,
西条エリア7蔵,賀茂泉酒造,賀茂泉,純米及川,冷酒 / 冷やして / 常温 / 燗酒,出典記載,https://online.kamoizumi.com/?pid=151187597,冷酒では輪郭をすっきりと、40℃前後のぬる燗から燗酒では米の旨味と酸のふくらみを引き出す飲み方がおすすめ。食事に合わせるなら冷酒と燗の両方を試し、好みの温度帯を探すとよい。,既存の飲み方情報,,https://online.kamoizumi.com/?pid=151187597,
西条エリア7蔵,賀茂泉酒造,賀茂泉,純米酒 一 (はじめ),冷酒 / ぬる燗 / 燗酒,出典記載,https://online.kamoizumi.com/?pid=188377558,冷酒では輪郭をすっきりと、40℃前後のぬる燗から燗酒では米の旨味と酸のふくらみを引き出す飲み方がおすすめ。食事に合わせるなら冷酒と燗の両方を試し、好みの温度帯を探すとよい。,既存の飲み方情報,,https://online.kamoizumi.com/?pid=188377558,
西条エリア7蔵,賀茂泉酒造,賀茂泉,純米酒｢広大｣,要確認,公開情報で要確認,,公開情報で明確な推奨温度を確認できないため酒質からの目安。常温から40℃前後のぬる燗を起点に、米の旨味と酸のふくらみを引き出す飲み方がおすすめ。少量ずつ温度を変え、香り・甘味・酸味・キレのバランスが最も整うところを探すとよい。,推論,,https://online.kamoizumi.com/?pid=188370634,
西条エリア7蔵,賀茂泉酒造,賀茂泉,造賀純米生酒,ロック,出典記載,https://www.kamoizumi.co.jp/sake/index.php,公開情報で明確な推奨温度を確認できないため酒質からの目安。よく冷やした5〜10℃程度の冷酒を起点に、フレッシュさを活かす飲み方がおすすめ。少量ずつ温度を変え、香り・甘味・酸味・キレのバランスが最も整うところを探すとよい。,推論,常温 / ぬる燗 / ロック,https://www.kamoizumi.co.jp/sake/index.php,https://www.kamoizumi.co.jp/sake/index.php
西条エリア7蔵,賀茂泉酒造,賀茂泉,造賀純米酒,常温 / ぬる燗,地域観光資料,https://higashihiroshima-digital-sightseeing.com/joy/ichioshi/,常温から40℃前後のぬる燗を中心に、米の旨味と酸のふくらみを引き出すのがおすすめ。より熱い燗も適温に含まれる場合は、45〜50℃程度まで上げて後口の締まり方を比べるとよい。,既存の飲み方情報,,https://online.kamoizumi.com/?pid=188377419,
西条エリア7蔵,賀茂泉酒造,賀茂泉,造賀純米酒 ひやおろし,ロック,出典記載,https://www.kamoizumi.co.jp/sake/index.php,公開情報で明確な推奨温度を確認できないため酒質からの目安。常温から40℃前後のぬる燗を起点に、熟成でまとまった旨味を引き出す飲み方がおすすめ。少量ずつ温度を変え、香り・甘味・酸味・キレのバランスが最も整うところを探すとよい。,推論,常温 / ぬる燗 / ロック,https://www.kamoizumi.co.jp/sake/index.php,https://www.kamoizumi.co.jp/sake/index.php
西条エリア7蔵,賀茂泉酒造,賀茂泉,純米吟醸「古酒」,冷酒 / 常温 / ぬる燗 / 燗酒,出典記載,https://online.kamoizumi.com/?pid=188373081,10〜15℃程度の冷酒を起点に、熟成由来の複雑さをゆっくり開かせるのがおすすめ。常温も適温に含まれるため、グラスの中で少し温度を上げて香りと旨味の変化を比べるとよい。,既存の飲み方情報,,https://online.kamoizumi.com/?pid=188373081,
西条エリア7蔵,賀茂泉酒造,ROCK HOPPER,純米吟醸生原酒 ROCK HOPPER,ロック,出典記載,https://www.kamoizumi.co.jp/sake/index.php,しっかり冷やした冷酒で、爽やかな香りと生原酒のふくらみを楽しむのがおすすめ。原酒の飲みごたえが強く感じられるときは、大きめの氷を一つ入れたロックにすると軽快さが出る。,公式・個別確認,常温 / ぬる燗 / ロック,https://www.kamoizumi.co.jp/sake/index.php,https://www.kamoizumi.co.jp/sake/index.php
西条エリア7蔵,賀茂泉酒造,賀茂泉,蔵元限定 山田錦 純米吟醸生酒,ロック,出典記載,https://kamoizumi.co.jp/syusenkan/s_detail.php?id=510,公開情報で明確な推奨温度を確認できないため酒質からの目安。よく冷やした5〜10℃程度の冷酒を起点に、フレッシュさを活かす飲み方がおすすめ。少量ずつ温度を変え、香り・甘味・酸味・キレのバランスが最も整うところを探すとよい。,推論,ロック,https://kamoizumi.co.jp/syusenkan/s_detail.php?id=510,https://kamoizumi.co.jp/syusenkan/s_detail.php?id=510
西条エリア7蔵,賀茂泉酒造,賀茂泉,青泉純米吟醸生酒,ロック,出典記載,https://www.kamoizumi.co.jp/sake/index.php,公開情報で明確な推奨温度を確認できないため酒質からの目安。よく冷やした5〜10℃程度の冷酒を起点に、フレッシュさを活かす飲み方がおすすめ。少量ずつ温度を変え、香り・甘味・酸味・キレのバランスが最も整うところを探すとよい。,推論,常温 / ぬる燗 / ロック,https://www.kamoizumi.co.jp/sake/index.php,https://www.kamoizumi.co.jp/sake/index.php
西条エリア7蔵,賀茂泉酒造,賀茂泉,純米大吟醸,冷酒 / 冷やして / 燗酒,出典記載,https://online.kamoizumi.com/?pid=188371835,10〜15℃程度の冷酒を起点に、繊細な香りと上品な旨味を活かすのがおすすめ。,既存の飲み方情報,,https://online.kamoizumi.com/?pid=188371835,
西条エリア7蔵,賀茂泉酒造,賀茂泉,純米大吟醸｢広大｣,冷酒 / 燗酒,出典記載,https://online.kamoizumi.com/?pid=188371751,10〜15℃程度の冷酒を起点に、繊細な香りと上品な旨味を活かすのがおすすめ。,既存の飲み方情報,,https://online.kamoizumi.com/?pid=188371751,
西条エリア7蔵,山陽鶴酒造,山陽鶴,大吟醸,冷酒,現行地域商品紹介,https://japan-stroll.com/sightseeing/nontasakagura/,10〜15℃程度の冷酒を起点に、繊細な香りと上品な旨味を活かすのがおすすめ。,既存の飲み方情報,,https://sanyotsuru.jp/archives/product/gosyu,https://sanyotsuru.jp/archives/product/gosyu
西条エリア7蔵,山陽鶴酒造,山陽鶴,上撰,常温 / 熱燗（提供例）,現行飲食店での提供温度,https://www.hotpepper.jp/strJ000661918/drink/,常温から40℃前後のぬる燗を中心に、日常酒らしいキレと旨味を引き出すのがおすすめ。より熱い燗も適温に含まれる場合は、45〜50℃程度まで上げて後口の締まり方を比べるとよい。,既存の飲み方情報,,https://sanyotsuru.jp/archives/product/gosyu,https://sanyotsuru.jp/archives/product/gosyu
西条エリア7蔵,山陽鶴酒造,山陽鶴,本醸造,冷酒 / 常温 / 燗酒,地域観光資料,https://higashihiroshima-digital-sightseeing.com/joy/ichioshi/,冷酒では輪郭をすっきりと、40℃前後のぬる燗から燗酒では日常酒らしいキレと旨味を引き出す飲み方がおすすめ。食事に合わせるなら冷酒と燗の両方を試し、好みの温度帯を探すとよい。,既存の飲み方情報,,https://sanyotsuru.jp/archives/product/gosyu,https://sanyotsuru.jp/archives/product/gosyu
西条エリア7蔵,山陽鶴酒造,山陽鶴,純米吟醸,要確認,公開情報で要確認,,公開情報で明確な推奨温度を確認できないため酒質からの目安。10〜15℃程度の冷酒を起点に、吟醸香と軽快な旨味のバランスを活かす飲み方がおすすめ。少量ずつ温度を変え、香り・甘味・酸味・キレのバランスが最も整うところを探すとよい。,推論,,https://sanyotsuru.jp/archives/product/gosyu,https://sanyotsuru.jp/archives/product/gosyu
西条エリア7蔵,山陽鶴酒造,山陽鶴,純米大吟醸 KUBO,冷酒,現行返礼品で確認,https://www.furusato.aeon.co.jp/gift-in-return/aaa72316281ae6d75280fb28cb3cae46/,10〜15℃程度の冷酒を起点に、繊細な香りと上品な旨味を活かすのがおすすめ。,既存の飲み方情報,,https://www.furusato.aeon.co.jp/gift-in-return/aaa72316281ae6d75280fb28cb3cae46/,
西条エリア7蔵,山陽鶴酒造,山陽鶴,大吟醸 ほんと,冷酒 / 常温,現行日本酒情報DB,https://www.sakenomy.jp/sake/TST0000008908/,10〜15℃程度の冷酒を起点に、繊細な香りと上品な旨味を活かすのがおすすめ。常温も適温に含まれるため、グラスの中で少し温度を上げて香りと旨味の変化を比べるとよい。,既存の飲み方情報,,https://www.buyhiro.com/database/products/products_0549/,
西条エリア7蔵,賀茂泉酒造,賀茂泉,純米大吟醸「壽」,要確認,公開情報で要確認,,公開情報で明確な推奨温度を確認できないため酒質からの目安。10〜15℃程度の冷酒を起点に、繊細な香りと上品な旨味を活かす飲み方がおすすめ。少量ずつ温度を変え、香り・甘味・酸味・キレのバランスが最も整うところを探すとよい。,推論,,https://online.kamoizumi.com/?pid=141742792,
西条エリア7蔵,山陽鶴酒造,山陽鶴,にごり酒,要確認,公開情報で要確認,,公開情報で明確な推奨温度を確認できないため酒質からの目安。よく冷やした5〜10℃程度の冷酒を起点に、発泡感やにごりの口当たりを活かす飲み方がおすすめ。少量ずつ温度を変え、香り・甘味・酸味・キレのバランスが最も整うところを探すとよい。,推論,,https://sanyotsuru.jp/archives/product/gosyu,https://sanyotsuru.jp/archives/product/gosyu
西条エリア7蔵,賀茂鶴酒造,賀茂鶴,本醸造生貯蔵酒 ひやしざけ,要確認,公開情報で要確認,,冷酒では輪郭をすっきりと、40℃前後のぬる燗から燗酒ではフレッシュさを活かす飲み方がおすすめ。食事に合わせるなら冷酒と燗の両方を試し、好みの温度帯を探すとよい。,公式ページ再走査,冷酒 / 常温 / 燗酒 / 冷やして,https://shop.kamotsuru.jp/SHOP/hiyashizake720.html,https://shop.kamotsuru.jp/SHOP/hiyashizake720.html
西条エリア7蔵,賀茂鶴酒造,賀茂鶴,特別本醸造 蔵出し原酒,要確認,公開情報で要確認,,冷酒では輪郭をすっきりと、40℃前後のぬる燗から燗酒では日常酒らしいキレと旨味を引き出す飲み方がおすすめ。食事に合わせるなら冷酒と燗の両方を試し、好みの温度帯を探すとよい。,公式ページ再走査,冷酒 / 燗酒,https://shop.kamotsuru.jp/SHOP/kuradashi-genshu720.html,https://shop.kamotsuru.jp/SHOP/kuradashi-genshu720.html
西条エリア7蔵,賀茂鶴酒造,賀茂鶴,純米大吟醸 広系酒33号,要確認,公開情報で要確認,,10〜15℃程度の冷酒を起点に、繊細な香りと上品な旨味を活かすのがおすすめ。,公式ページ再走査,冷酒 / 燗酒,https://shop.kamotsuru.jp/SHOP/junmaidaiginjo-hirokei720.html,https://shop.kamotsuru.jp/SHOP/junmaidaiginjo-hirokei720.html
西条エリア7蔵,賀茂鶴酒造,賀茂鶴,純米吟醸 五,要確認,公開情報で要確認,,10〜15℃程度の冷酒を起点に、吟醸香と軽快な旨味のバランスを活かすのがおすすめ。,公式ページ再走査,冷酒 / 燗酒,https://shop.kamotsuru.jp/SHOP/junmaiginjo-go.html,https://shop.kamotsuru.jp/SHOP/junmaiginjo-go.html
西条エリア7蔵,賀茂鶴酒造,賀茂鶴,生囲い純米,要確認,公開情報で要確認,,冷酒では輪郭をすっきりと、40℃前後のぬる燗から燗酒では米の旨味と酸のふくらみを引き出す飲み方がおすすめ。食事に合わせるなら冷酒と燗の両方を試し、好みの温度帯を探すとよい。,公式ページ再走査,冷酒 / 燗酒,https://shop.kamotsuru.jp/SHOP/namakakoi-junmai720.html,https://shop.kamotsuru.jp/SHOP/namakakoi-junmai720.html
西条エリア7蔵,賀茂鶴酒造,賀茂鶴,純米大吟醸 広島錦 精米歩合38% 超辛口,要確認,公開情報で要確認,,10〜15℃程度の冷酒を起点に、繊細な香りと上品な旨味を活かすのがおすすめ。常温も適温に含まれるため、グラスの中で少し温度を上げて香りと旨味の変化を比べるとよい。,公式ページ再走査,飲み方 / 冷酒 / 常温 / 燗酒 / 冷やして,https://shop.kamotsuru.jp/SHOP/hiroshimanishiki38_karakuchi.html,https://shop.kamotsuru.jp/SHOP/hiroshimanishiki38_karakuchi.html
西条エリア7蔵,賀茂鶴酒造,賀茂鶴,純米酒 ひやおろし,要確認,公開情報で要確認,,冷酒では輪郭をすっきりと、40℃前後のぬる燗から燗酒では熟成でまとまった旨味を引き出す飲み方がおすすめ。食事に合わせるなら冷酒と燗の両方を試し、好みの温度帯を探すとよい。,公式ページ再走査,飲み頃 / 冷酒 / 燗酒 / 冷やして,https://shop.kamotsuru.jp/SHOP/hiyaoroshi720.html,https://shop.kamotsuru.jp/SHOP/hiyaoroshi720.html
西条エリア7蔵,賀茂鶴酒造,賀茂鶴,豊醇冷酒,冷酒,公開情報で要確認,,10〜15℃程度に冷やして、日常酒らしいキレと旨味を引き出すのがおすすめ。冷やし過ぎると香りや旨味が閉じやすいため、少しずつ温度が上がる変化も楽しむとよい。,既存の飲み方情報,冷酒 / 燗酒 / 冷やして,https://shop.kamotsuru.jp/SHOP/346437/346505/list.html,https://shop.kamotsuru.jp/SHOP/346437/346505/list.html
西条エリア7蔵,賀茂鶴酒造,賀茂鶴,純米酒 にごり酒,要確認,公開情報で要確認,,公開情報で明確な推奨温度を確認できないため酒質からの目安。よく冷やした5〜10℃程度の冷酒を起点に、発泡感やにごりの口当たりを活かす飲み方がおすすめ。少量ずつ温度を変え、香り・甘味・酸味・キレのバランスが最も整うところを探すとよい。,推論,冷酒 / 燗酒,https://shop.kamotsuru.jp/SHOP/346519/346502/list.html,https://shop.kamotsuru.jp/SHOP/346519/346502/list.html
西条エリア7蔵,賀茂鶴酒造,賀茂鶴,純米酒 しぼりたて,冷酒 / 常温,公開情報で要確認,,まずは5〜10℃程度までしっかり冷やし、フレッシュさを活かすのがおすすめ。温度が上がり過ぎないうちに飲み、原酒で強く感じる場合に「ロック」の記載がある商品は大きめの氷を一つ加えると飲みやすい。,既存の飲み方情報,冷酒 / 燗酒,https://shop.kamotsuru.jp/SHOP/346519/346479/list.html,https://shop.kamotsuru.jp/SHOP/346519/346479/list.html
西条エリア7蔵,賀茂鶴酒造,賀茂鶴,青冴え 2026 純米吟醸生原酒,要確認,公開情報で要確認,,まずは5〜10℃程度までしっかり冷やし、フレッシュさを活かすのがおすすめ。温度が上がり過ぎないうちに飲み、原酒で強く感じる場合に「ロック」の記載がある商品は大きめの氷を一つ加えると飲みやすい。,公式ページ再走査,冷酒 / 燗酒 / 冷やして,https://shop.kamotsuru.jp/SHOP/346441/346462/list.html,https://shop.kamotsuru.jp/SHOP/346441/346462/list.html
西条エリア7蔵,賀茂鶴酒造,賀茂鶴,花咲かじいさん 純米吟醸 萌えいぶき,要確認,公開情報で要確認,,10〜15℃程度の冷酒を起点に、吟醸香と軽快な旨味のバランスを活かすのがおすすめ。,公式ページ再走査,冷酒 / 燗酒 / 冷やして,https://shop.kamotsuru.jp/SHOP/346441/346462/list.html,https://shop.kamotsuru.jp/SHOP/346441/346462/list.html
西条エリア7蔵,賀茂鶴酒造,賀茂鶴,2026蔵開き限定 純米大吟醸 山田錦 精米歩合38%,冷酒 / 常温,公開情報で要確認,,10〜15℃程度の冷酒を起点に、繊細な香りと上品な旨味を活かすのがおすすめ。常温も適温に含まれるため、グラスの中で少し温度を上げて香りと旨味の変化を比べるとよい。,既存の飲み方情報,飲み方 / 冷酒 / 常温 / 燗酒,https://shop.kamotsuru.jp/SHOP/2026kurabiraki_6600hukubako.html,https://shop.kamotsuru.jp/SHOP/2026kurabiraki_6600hukubako.html
西条エリア7蔵,賀茂鶴酒造,賀茂鶴,UNDER 30 純米酒,要確認,公開情報で要確認,,冷酒では輪郭をすっきりと、40℃前後のぬる燗から燗酒では米の旨味と酸のふくらみを引き出す飲み方がおすすめ。食事に合わせるなら冷酒と燗の両方を試し、好みの温度帯を探すとよい。,公式ページ再走査,冷酒 / 燗酒,https://shop.kamotsuru.jp/SHOP/under30junmai-shu720ml.html,https://shop.kamotsuru.jp/SHOP/under30junmai-shu720ml.html
西条エリア7蔵,賀茂鶴酒造,賀茂鶴,大吟醸 限定搾汁,ロック / 冷酒 / 常温,公開情報で要確認,,10〜15℃程度の冷酒を起点に、繊細な香りと上品な旨味を活かすのがおすすめ。常温も適温に含まれるため、グラスの中で少し温度を上げて香りと旨味の変化を比べるとよい。,既存の飲み方情報,冷酒 / 燗酒,https://shop.kamotsuru.jp/SHOP/346519/346484/list.html,https://shop.kamotsuru.jp/SHOP/346519/346484/list.html
西条エリア7蔵,賀茂鶴酒造,賀茂鶴,大吟醸原酒 あらばしり,要確認,公開情報で要確認,,公開情報で明確な推奨温度を確認できないため酒質からの目安。よく冷やした5〜10℃程度の冷酒を起点に、フレッシュさを活かす飲み方がおすすめ。少量ずつ温度を変え、香り・甘味・酸味・キレのバランスが最も整うところを探すとよい。,推論,冷酒 / 燗酒 / 冷やして,https://shop.kamotsuru.jp/SHOP/346440/346519/list.html,https://shop.kamotsuru.jp/SHOP/346440/346519/list.html
西条エリア7蔵,福美人酒造,福美人,上撰,常温 / ぬる燗 / 燗酒,公開情報で要確認,,常温から40℃前後のぬる燗を中心に、日常酒らしいキレと旨味を引き出すのがおすすめ。より熱い燗も適温に含まれる場合は、45〜50℃程度まで上げて後口の締まり方を比べるとよい。,既存の飲み方情報,,https://www.fukubijin.co.jp/SHOP/2212.html,https://www.fukubijin.co.jp/SHOP/2212.html
安芸津・黒瀬エリア3蔵,今田酒造本店,FUKUCHO LEGACY,FUKUCHO LEGACY I,冷酒 / 常温,出典記載,https://fukucho.jp/products/legacy1,冷酒または常温で、長期熟成由来の複雑さと貴醸酒の甘やかさをゆっくり味わうのがおすすめ。冷やし過ぎず、小ぶりのワイングラスなどで少量ずつ温度変化を追うと余韻を感じやすい。,公式・個別確認,おすすめ温度 / 冷酒 / 常温,https://fukucho.jp/products/legacy1,https://fukucho.jp/products/legacy1
安芸津・黒瀬エリア3蔵,今田酒造本店,FUKUCHO LEGACY,FUKUCHO LEGACY II,冷酒 / 常温,出典記載,https://fukucho.jp/products/legacy2,冷酒または常温で、熟成酒の複雑味と白麹由来の酸味のバランスを楽しむのがおすすめ。食事と合わせる場合は冷酒から始め、少し温度が上がった状態で甘味と酸のまとまりを比べるとよい。,公式・個別確認,おすすめ温度 / 冷酒 / 常温,https://fukucho.jp/products/legacy2,https://fukucho.jp/products/legacy2
安芸津・黒瀬エリア3蔵,今田酒造本店,富久長,八反草 サタケシリーズ GENKEI,冷酒,出典記載,https://fukucho.jp/products/hattansogenkei,10〜15℃程度に冷やして、香味のまとまりを引き出すのがおすすめ。冷やし過ぎると香りや旨味が閉じやすいため、少しずつ温度が上がる変化も楽しむとよい。,既存の飲み方情報,おすすめ温度 / 冷酒,https://fukucho.jp/products/hattansogenkei,https://fukucho.jp/products/hattansogenkei
安芸津・黒瀬エリア3蔵,今田酒造本店,富久長,八反草 サタケシリーズ HENPEI,冷酒,出典記載,https://fukucho.jp/products/hattansohenpei,10〜15℃程度に冷やして、香味のまとまりを引き出すのがおすすめ。冷やし過ぎると香りや旨味が閉じやすいため、少しずつ温度が上がる変化も楽しむとよい。,既存の飲み方情報,おすすめ温度 / 冷酒,https://fukucho.jp/products/hattansohenpei,https://fukucho.jp/products/hattansohenpei
安芸津・黒瀬エリア3蔵,今田酒造本店,富久長,八反草 純米 ハイブリッド生酛 特別栽培米R3,冷酒 / 常温 / 燗酒,出典記載,https://fukucho.jp/products/hybridkimoto-r3-2021by,冷酒では輪郭をすっきりと、40℃前後のぬる燗から燗酒では米の旨味と酸のふくらみを引き出す飲み方がおすすめ。食事に合わせるなら冷酒と燗の両方を試し、好みの温度帯を探すとよい。,既存の飲み方情報,おすすめ温度 / 冷酒 / 常温 / 燗酒,https://fukucho.jp/products/hybridkimoto-r3-2021by,https://fukucho.jp/products/hybridkimoto-r3-2021by
安芸津・黒瀬エリア3蔵,今田酒造本店,富久長,八反草 純米 ハイブリッド生酛 特別栽培米R4,冷酒 / 常温 / 燗酒,出典記載,https://fukucho.jp/products/hybridkimoto-r4-2022by,冷酒では輪郭をすっきりと、40℃前後のぬる燗から燗酒では米の旨味と酸のふくらみを引き出す飲み方がおすすめ。食事に合わせるなら冷酒と燗の両方を試し、好みの温度帯を探すとよい。,既存の飲み方情報,おすすめ温度 / 冷酒 / 常温 / 燗酒,https://fukucho.jp/products/hybridkimoto-r4-2022by,https://fukucho.jp/products/hybridkimoto-r4-2022by
安芸津・黒瀬エリア3蔵,今田酒造本店,富久長,八反草 純米 軟水仕込 辛口,冷酒 / 常温,出典記載,https://fukucho.jp/products/hattansojunmai,10〜15℃程度に冷やして、米の旨味と酸のふくらみを引き出すのがおすすめ。冷やし過ぎると香りや旨味が閉じやすいため、少しずつ温度が上がる変化も楽しむとよい。,既存の飲み方情報,おすすめ温度 / 冷酒 / 常温,https://fukucho.jp/products/hattansojunmai,https://fukucho.jp/products/hattansojunmai
安芸津・黒瀬エリア3蔵,今田酒造本店,富久長,海風土 Seafood 純米,冷酒 / 冷やして,出典記載,https://fukucho.jp/products/seafood,10〜15℃程度に冷やして、米の旨味と酸のふくらみを引き出すのがおすすめ。冷やし過ぎると香りや旨味が閉じやすいため、少しずつ温度が上がる変化も楽しむとよい。,既存の飲み方情報,おすすめ温度 / 冷酒 / 冷やして,https://fukucho.jp/products/seafood,https://fukucho.jp/products/seafood
安芸津・黒瀬エリア3蔵,今田酒造本店,富久長,秋櫻〈コスモス〉 純米 ひやおろし,冷酒 / 常温,出典記載,https://fukucho.jp/products/cosmos,10〜15℃程度に冷やして、熟成でまとまった旨味を引き出すのがおすすめ。冷やし過ぎると香りや旨味が閉じやすいため、少しずつ温度が上がる変化も楽しむとよい。,既存の飲み方情報,おすすめ温度 / 冷酒 / 常温,https://fukucho.jp/products/cosmos,https://fukucho.jp/products/cosmos
安芸津・黒瀬エリア3蔵,今田酒造本店,富久長,純米にごり スパークリング 白美 HAKUBI,冷酒 / 常温,出典記載,https://fukucho.jp/products/hakubi,まずは5〜10℃程度までしっかり冷やし、発泡感やにごりの口当たりを活かすのがおすすめ。温度が上がり過ぎないうちに飲み、原酒で強く感じる場合に「ロック」の記載がある商品は大きめの氷を一つ加えると飲みやすい。,既存の飲み方情報,おすすめ温度 / 冷酒 / 常温,https://fukucho.jp/products/hakubi,https://fukucho.jp/products/hakubi
安芸津・黒瀬エリア3蔵,今田酒造本店,富久長,辛口純米,冷酒 / 常温 / 燗酒,出典記載,https://fukucho.jp/products/karakuchi,冷酒では輪郭をすっきりと、40℃前後のぬる燗から燗酒では米の旨味と酸のふくらみを引き出す飲み方がおすすめ。食事に合わせるなら冷酒と燗の両方を試し、好みの温度帯を探すとよい。,既存の飲み方情報,おすすめ温度 / 冷酒 / 常温 / 燗酒,https://fukucho.jp/products/karakuchi,https://fukucho.jp/products/karakuchi
安芸津・黒瀬エリア3蔵,今田酒造本店,富久長,八反草 純米吟醸,冷酒,出典記載,https://fukucho.jp/products/hattanso-junmaiginjo,10〜15℃程度の冷酒を起点に、吟醸香と軽快な旨味のバランスを活かすのがおすすめ。,既存の飲み方情報,おすすめ温度 / 冷酒,https://fukucho.jp/products/hattanso-junmaiginjo,https://fukucho.jp/products/hattanso-junmaiginjo
安芸津・黒瀬エリア3蔵,今田酒造本店,富久長,八反草 純米吟醸 ハイブリッド生酛,冷酒 / 常温,出典記載,https://fukucho.jp/products/hybridkimoto-junmaiginjo,10〜15℃程度の冷酒を起点に、吟醸香と軽快な旨味のバランスを活かすのがおすすめ。常温も適温に含まれるため、グラスの中で少し温度を上げて香りと旨味の変化を比べるとよい。,既存の飲み方情報,おすすめ温度 / 冷酒 / 常温,https://fukucho.jp/products/hybridkimoto-junmaiginjo,https://fukucho.jp/products/hybridkimoto-junmaiginjo
安芸津・黒瀬エリア3蔵,今田酒造本店,富久長,山田錦 純米吟醸,冷酒,出典記載,https://fukucho.jp/products/yamadanishiki-junmaiginjo,10〜15℃程度の冷酒を起点に、吟醸香と軽快な旨味のバランスを活かすのがおすすめ。,既存の飲み方情報,おすすめ温度 / 冷酒,https://fukucho.jp/products/yamadanishiki-junmaiginjo,https://fukucho.jp/products/yamadanishiki-junmaiginjo
安芸津・黒瀬エリア3蔵,今田酒造本店,富久長,秋櫻〈コスモス〉 純米吟醸 ひやおろし,冷酒,出典記載,https://fukucho.jp/products/cosmos-junmaiginjo,10〜15℃程度の冷酒を起点に、熟成でまとまった旨味を引き出すのがおすすめ。,既存の飲み方情報,おすすめ温度 / 冷酒,https://fukucho.jp/products/cosmos-junmaiginjo,https://fukucho.jp/products/cosmos-junmaiginjo
安芸津・黒瀬エリア3蔵,今田酒造本店,富久長,純米吟醸 美穂 Biho,冷酒,出典記載,https://fukucho.jp/products/biho,10〜15℃程度の冷酒を起点に、吟醸香と軽快な旨味のバランスを活かすのがおすすめ。,既存の飲み方情報,おすすめ温度 / 冷酒,https://fukucho.jp/products/biho,https://fukucho.jp/products/biho
安芸津・黒瀬エリア3蔵,今田酒造本店,富久長,八反草 純米大吟醸,冷酒,出典記載,https://fukucho.jp/products/daiginjo,10〜15℃程度の冷酒を起点に、繊細な香りと上品な旨味を活かすのがおすすめ。,既存の飲み方情報,おすすめ温度 / 冷酒,https://fukucho.jp/products/daiginjo,https://fukucho.jp/products/daiginjo
安芸津・黒瀬エリア3蔵,今田酒造本店,富久長,八反草 純米大吟醸 はしり,冷酒,出典記載,https://fukucho.jp/products/daiginjo_hashiri,10〜15℃程度の冷酒を起点に、繊細な香りと上品な旨味を活かすのがおすすめ。,既存の飲み方情報,おすすめ温度 / 冷酒,https://fukucho.jp/products/daiginjo_hashiri,https://fukucho.jp/products/daiginjo_hashiri
安芸津・黒瀬エリア3蔵,今田酒造本店,富久長,八反草 純米大吟醸 妙花風,冷酒,出典記載,https://fukucho.jp/products/daiginjo_myokafu,10〜15℃程度の冷酒を起点に、繊細な香りと上品な旨味を活かすのがおすすめ。,既存の飲み方情報,おすすめ温度 / 冷酒,https://fukucho.jp/products/daiginjo_myokafu,https://fukucho.jp/products/daiginjo_myokafu
安芸津・黒瀬エリア3蔵,柄酒造,9代目於多福,9代目於多福 protos. 火入れ,冷酒 / 常温,現行酒販店商品情報,https://tawawasake.base.shop/items/134292512,10〜15℃程度に冷やして、香味のまとまりを引き出すのがおすすめ。冷やし過ぎると香りや旨味が閉じやすいため、少しずつ温度が上がる変化も楽しむとよい。,既存の飲み方情報,,https://www.tsukasyuzou.jp/products/9代目於多福-protos-720ml-火入れ,https://www.tsukasyuzou.jp/products/9代目於多福-protos-720ml-火入れ
安芸津・黒瀬エリア3蔵,柄酒造,9代目於多福,9代目於多福 純米 つきあかり,冷酒 / 常温,出典記載,https://www.tsukasyuzou.jp/products/9代目於多福-つきあかり-720ml,10〜15℃程度に冷やして、米の旨味と酸のふくらみを引き出すのがおすすめ。冷やし過ぎると香りや旨味が閉じやすいため、少しずつ温度が上がる変化も楽しむとよい。,既存の飲み方情報,飲み方 / 冷酒 / 常温,https://www.tsukasyuzou.jp/products/9代目於多福-つきあかり-720ml,https://www.tsukasyuzou.jp/products/9代目於多福-つきあかり-720ml
安芸津・黒瀬エリア3蔵,柄酒造,於多福,於多福 一番取り,冷酒,出典記載,https://www.tsukasyuzou.jp/products/関西一-一番取り-720ml,10〜15℃程度に冷やして、香味のまとまりを引き出すのがおすすめ。冷やし過ぎると香りや旨味が閉じやすいため、少しずつ温度が上がる変化も楽しむとよい。,既存の飲み方情報,飲み方 / 冷酒,https://www.tsukasyuzou.jp/products/関西一-一番取り-720ml,https://www.tsukasyuzou.jp/products/関西一-一番取り-720ml
安芸津・黒瀬エリア3蔵,柄酒造,於多福,於多福 大吟醸,冷酒 / 常温,出典記載,https://www.tsukasyuzou.jp/products/於多福-大吟醸-1800ml,10〜15℃程度の冷酒を起点に、繊細な香りと上品な旨味を活かすのがおすすめ。常温も適温に含まれるため、グラスの中で少し温度を上げて香りと旨味の変化を比べるとよい。,既存の飲み方情報,飲み方 / 冷酒 / 常温,https://www.tsukasyuzou.jp/products/於多福-大吟醸-1800ml,https://www.tsukasyuzou.jp/products/於多福-大吟醸-1800ml
安芸津・黒瀬エリア3蔵,柄酒造,於多福,於多福 本醸造,冷酒 / 常温 / 熱燗,出典記載,https://www.tsukasyuzou.jp/products/関西一-本醸造-720ml,冷酒では輪郭をすっきりと、40℃前後のぬる燗から燗酒では日常酒らしいキレと旨味を引き出す飲み方がおすすめ。食事に合わせるなら冷酒と燗の両方を試し、好みの温度帯を探すとよい。,既存の飲み方情報,飲み方 / 冷酒 / 常温 / 熱燗,https://www.tsukasyuzou.jp/products/関西一-本醸造-720ml,https://www.tsukasyuzou.jp/products/関西一-本醸造-720ml
安芸津・黒瀬エリア3蔵,柄酒造,9代目於多福,9代目於多福 特別純米 火入れ,冷酒 / 常温,出典記載,https://www.tsukasyuzou.jp/products/火入れ-9代目於多福-特別純米,ラインナップ中でも特に辛口のため、まず10〜15℃程度の冷酒でシャープな後口を楽しむのがおすすめ。常温でも飲めるので、食中では温度を少し戻しながら米の旨味とのバランスを見るとよい。,公式・個別確認,飲み方 / 冷酒 / 常温,https://www.tsukasyuzou.jp/products/火入れ-9代目於多福-特別純米,https://www.tsukasyuzou.jp/products/火入れ-9代目於多福-特別純米
安芸津・黒瀬エリア3蔵,柄酒造,9代目於多福,9代目於多福 純米 火入れ,冷酒 / 常温,出典記載,https://www.tsukasyuzou.jp/products/火入れ-9代目於多福-純米,蔵元表示どおり冷酒を第一候補にし、10〜15℃程度で米の旨味とすっきりした辛口の輪郭を楽しむのがおすすめ。常温でもまとまりが出るため、普段の食中酒なら冷酒から常温への変化も試しやすい。,公式・個別確認,飲み方 / 冷酒 / 常温,https://www.tsukasyuzou.jp/products/火入れ-9代目於多福-純米,https://www.tsukasyuzou.jp/products/火入れ-9代目於多福-純米
安芸津・黒瀬エリア3蔵,柄酒造,於多福,於多福 純米,冷酒 / 常温 / 熱燗,出典記載,https://www.tsukasyuzou.jp/products/於多福-純米-1800ml,冷酒では輪郭をすっきりと、40℃前後のぬる燗から燗酒では米の旨味と酸のふくらみを引き出す飲み方がおすすめ。食事に合わせるなら冷酒と燗の両方を試し、好みの温度帯を探すとよい。,既存の飲み方情報,飲み方 / 冷酒 / 常温 / 熱燗,https://www.tsukasyuzou.jp/products/於多福-純米-1800ml,https://www.tsukasyuzou.jp/products/於多福-純米-1800ml
安芸津・黒瀬エリア3蔵,柄酒造,9代目於多福,9代目於多福 純米吟醸 すずかぜ,冷酒 / 常温 / ロック,出典記載,https://www.tsukasyuzou.jp/products/9代目於多福-すずかぜ-720ml,10〜15℃程度の冷酒を起点に、吟醸香と軽快な旨味のバランスを活かすのがおすすめ。常温も適温に含まれるため、グラスの中で少し温度を上げて香りと旨味の変化を比べるとよい。,既存の飲み方情報,飲み方 / 冷酒 / 常温 / ロック / オンザロック,https://www.tsukasyuzou.jp/products/9代目於多福-すずかぜ-720ml,https://www.tsukasyuzou.jp/products/9代目於多福-すずかぜ-720ml
安芸津・黒瀬エリア3蔵,柄酒造,9代目於多福,9代目於多福 純米吟醸 火入れ,冷酒 / 常温,出典記載,https://www.tsukasyuzou.jp/products/火入れ-9代目於多福-純米吟醸,蔵元が冷酒を最も推しているため、10〜15℃程度に冷やして香りと辛口のバランスを楽しむのがおすすめ。冷やし過ぎず、グラスの中で常温に近づく変化も追うと旨味が分かりやすい。,公式・個別確認,飲み方 / 冷酒 / 常温,https://www.tsukasyuzou.jp/products/火入れ-9代目於多福-純米吟醸,https://www.tsukasyuzou.jp/products/火入れ-9代目於多福-純米吟醸
安芸津・黒瀬エリア3蔵,柄酒造,於多福,於多福 純米吟醸,冷酒 / 冷やして / 常温,出典記載,https://www.tsukasyuzou.jp/products/於多福-純米吟醸-1800ml,10〜15℃程度の冷酒を起点に、吟醸香と軽快な旨味のバランスを活かすのがおすすめ。常温も適温に含まれるため、グラスの中で少し温度を上げて香りと旨味の変化を比べるとよい。,既存の飲み方情報,飲み方 / 冷酒 / 常温 / 冷やして,https://www.tsukasyuzou.jp/products/於多福-純米吟醸-1800ml,https://www.tsukasyuzou.jp/products/於多福-純米吟醸-1800ml
安芸津・黒瀬エリア3蔵,柄酒造,9代目於多福,9代目於多福 純米大吟醸 火入れ,冷酒 / 常温,出典記載,https://www.tsukasyuzou.jp/products/火入れ-9代目於多福-純米大吟醸-720ml-1800ml,香りを活かすため、10〜15℃程度の冷酒が第一候補。冷やし過ぎずにゆっくり飲み、常温へ近づくにつれて香りと米の旨味が広がる変化を楽しむのがおすすめ。,公式・個別確認,飲み方 / 冷酒 / 常温,https://www.tsukasyuzou.jp/products/火入れ-9代目於多福-純米大吟醸-720ml-1800ml,https://www.tsukasyuzou.jp/products/火入れ-9代目於多福-純米大吟醸-720ml-1800ml
安芸津・黒瀬エリア3蔵,金光酒造,賀茂金秀,賀茂金秀 特別純米,冷酒 / 燗酒（45～50℃）,現行酒販店商品情報,https://reika-sake.com/products/34kmk01201121,冷酒では輪郭をすっきりと、40℃前後のぬる燗から燗酒では米の旨味と酸のふくらみを引き出す飲み方がおすすめ。食事に合わせるなら冷酒と燗の両方を試し、好みの温度帯を探すとよい。,既存の飲み方情報,ロック,https://www.kamokin.com/line_up/regular.html,https://www.kamokin.com/line_up/regular.html
安芸津・黒瀬エリア3蔵,金光酒造,賀茂金秀,賀茂金秀 特別純米13,冷酒（5～15℃前後）,現行酒販店商品情報,https://reika-sake.com/products/34kmk01203121,10〜15℃程度に冷やして、米の旨味と酸のふくらみを引き出すのがおすすめ。冷やし過ぎると香りや旨味が閉じやすいため、少しずつ温度が上がる変化も楽しむとよい。,既存の飲み方情報,,https://j-s-p.or.jp/kuramoto/kanemitsu,
安芸津・黒瀬エリア3蔵,金光酒造,賀茂金秀,賀茂金秀 辛口特別純米,冷酒（10～15℃前後）,日本酒情報DB,https://www.sakenomy.jp/sake/TST0000010137/,10〜15℃程度に冷やして、米の旨味と酸のふくらみを引き出すのがおすすめ。冷やし過ぎると香りや旨味が閉じやすいため、少しずつ温度が上がる変化も楽しむとよい。,既存の飲み方情報,ロック,https://www.kamokin.com/line_up/regular.html,https://www.kamokin.com/line_up/regular.html
安芸津・黒瀬エリア3蔵,金光酒造,賀茂金秀,賀茂金秀 純米吟醸 雄町,冷酒（10～15℃前後）,日本酒情報DB,https://www.sakenomy.jp/sake/TST0000007478/,10〜15℃程度の冷酒を起点に、吟醸香と軽快な旨味のバランスを活かすのがおすすめ。,既存の飲み方情報,ロック,https://www.kamokin.com/line_up/regular.html,https://www.kamokin.com/line_up/regular.html
安芸津・黒瀬エリア3蔵,金光酒造,賀茂金秀,賀茂金秀 純米大吟醸35,冷酒（10～15℃前後）,日本酒情報DB,https://www.sakenomy.jp/sake/TST0000041706/,10〜15℃程度の冷酒を起点に、繊細な香りと上品な旨味を活かすのがおすすめ。,既存の飲み方情報,ロック,https://www.kamokin.com/line_up/regular.html,https://www.kamokin.com/line_up/regular.html
安芸津・黒瀬エリア3蔵,金光酒造,賀茂金秀,賀茂金秀 純米大吟醸40,冷酒（10～15℃前後）,日本酒情報DB,https://www.sakenomy.jp/sake/TST0000007476/,10〜15℃程度の冷酒を起点に、繊細な香りと上品な旨味を活かすのがおすすめ。,既存の飲み方情報,ロック,https://www.kamokin.com/line_up/regular.html,https://www.kamokin.com/line_up/regular.html
安芸津・黒瀬エリア3蔵,金光酒造,賀茂金秀,賀茂金秀 純米吟醸 愛山,要確認,公開情報で要確認,,公開情報で明確な推奨温度を確認できないため酒質からの目安。10〜15℃程度の冷酒を起点に、吟醸香と軽快な旨味のバランスを活かす飲み方がおすすめ。少量ずつ温度を変え、香り・甘味・酸味・キレのバランスが最も整うところを探すとよい。,推論,燗酒 / ロック / 冷やして,https://www.kamokin.com/line_up/Limited/limited.html,https://www.kamokin.com/line_up/Limited/limited.html
安芸津・黒瀬エリア3蔵,金光酒造,賀茂金秀,賀茂金秀 SUITOH,要確認,公開情報で要確認,,公開情報で明確な推奨温度を確認できないため酒質からの目安。10〜15℃程度の冷酒から常温を起点に、香味のまとまりを引き出す飲み方がおすすめ。少量ずつ温度を変え、香り・甘味・酸味・キレのバランスが最も整うところを探すとよい。,推論,燗酒 / ロック / 冷やして,https://www.kamokin.com/line_up/Limited/limited.html,https://www.kamokin.com/line_up/Limited/limited.html
安芸津・黒瀬エリア3蔵,金光酒造,賀茂金秀,賀茂金秀 麗酸 雄町60,要確認,公開情報で要確認,,公開情報で明確な推奨温度を確認できないため酒質からの目安。10〜15℃程度の冷酒から常温を起点に、香味のまとまりを引き出す飲み方がおすすめ。少量ずつ温度を変え、香り・甘味・酸味・キレのバランスが最も整うところを探すとよい。,推論,燗酒 / ロック / 冷やして,https://www.kamokin.com/line_up/Limited/limited.html,https://www.kamokin.com/line_up/Limited/limited.html
安芸津・黒瀬エリア3蔵,金光酒造,賀茂金秀,賀茂金秀 純米しぼりたて生,要確認,公開情報で要確認,,公開情報で明確な推奨温度を確認できないため酒質からの目安。よく冷やした5〜10℃程度の冷酒を起点に、フレッシュさを活かす飲み方がおすすめ。少量ずつ温度を変え、香り・甘味・酸味・キレのバランスが最も整うところを探すとよい。,推論,燗酒 / ロック / 冷やして,https://www.kamokin.com/line_up/Limited/limited.html,https://www.kamokin.com/line_up/Limited/limited.html
安芸津・黒瀬エリア3蔵,金光酒造,桜吹雪,桜吹雪 特別純米うすにごり生,要確認,公開情報で要確認,,公開情報で明確な推奨温度を確認できないため酒質からの目安。よく冷やした5〜10℃程度の冷酒を起点に、発泡感やにごりの口当たりを活かす飲み方がおすすめ。少量ずつ温度を変え、香り・甘味・酸味・キレのバランスが最も整うところを探すとよい。,推論,燗酒 / ロック / 冷やして,https://www.kamokin.com/line_up/Limited/limited.html,https://www.kamokin.com/line_up/Limited/limited.html
安芸津・黒瀬エリア3蔵,金光酒造,賀茂金秀,賀茂金秀 辛口夏純,要確認,公開情報で要確認,,公開情報で明確な推奨温度を確認できないため酒質からの目安。よく冷やした5〜10℃程度の冷酒を起点に、米の旨味と酸のふくらみを引き出す飲み方がおすすめ。少量ずつ温度を変え、香り・甘味・酸味・キレのバランスが最も整うところを探すとよい。,推論,燗酒 / ロック / 冷やして,https://www.kamokin.com/line_up/Limited/limited.html,https://www.kamokin.com/line_up/Limited/limited.html
安芸津・黒瀬エリア3蔵,金光酒造,賀茂金秀,賀茂金秀 特別純米 秋あがり,要確認,公開情報で要確認,,公開情報で明確な推奨温度を確認できないため酒質からの目安。常温から40℃前後のぬる燗を起点に、熟成でまとまった旨味を引き出す飲み方がおすすめ。少量ずつ温度を変え、香り・甘味・酸味・キレのバランスが最も整うところを探すとよい。,推論,燗酒 / ロック / 冷やして,https://www.kamokin.com/line_up/Limited/limited.html,https://www.kamokin.com/line_up/Limited/limited.html
安芸津・黒瀬エリア3蔵,金光酒造,賀茂金秀,賀茂金秀 純米 お燗酒,要確認,公開情報で要確認,,公開情報で明確な推奨温度を確認できないため酒質からの目安。40〜50℃程度の燗酒を起点に、米の旨味と酸のふくらみを引き出す飲み方がおすすめ。少量ずつ温度を変え、香り・甘味・酸味・キレのバランスが最も整うところを探すとよい。,推論,燗酒 / ロック / 冷やして,https://www.kamokin.com/line_up/Limited/limited.html,https://www.kamokin.com/line_up/Limited/limited.html
