酒蔵,ブランド,商品名,メイン表採否,除外理由,ブランド史,個別商品の歴史,根拠区分,根拠URL,公開ページ日,ページ更新日,根拠抜粋,調査日
亀齢酒造,亀齢,亀齢 上撰,収録,,古くは「吉田屋の酒」として親しまれ、明治期に当主・石井幸太郎が「鶴は千年、亀は万年」の言葉にちなみ、長命と永遠の繁栄を願って「亀齢」と命名した。,亀齢の基本的な辛口本醸造として流通し、現行の専門商品ページでは常温・ぬる燗・熱燗を特に高く評価する定番酒として紹介されている。蔵の濃醇辛口の系譜を日常酒として担う商品である。,個別沿革確認,https://osake-style.com/SHOP/11012948.html,,,【このお酒の酒質】 精米歩合 70％ アルコール分 15度以上16度未満 日本酒度 +4.0 酸度 － 原料米 － 酵母 自家培養 【のみごろ温度】 ロック 冷酒 ○ 常温 ◎ ぬる燗 ◎ あつ燗 ◎ 日本酒度・酸度のバランスが、お酒の味を決めます。 | ：数値が大 なら 濃醇 / 数値が小 なら 淡麗 亀齢酒造 （ きれい ） の詳しい紹介はクリック 『亀齢酒造の日本酒はこんな酒 』 亀齢 本醸造 上撰 1800ml 古くは「吉田屋の酒」として親しまれていたが、明治初期にな,2026-09-06
亀齢酒造,亀齢,亀齢 大吟醸 創,収録,,古くは「吉田屋の酒」として親しまれ、明治期に当主・石井幸太郎が「鶴は千年、亀は万年」の言葉にちなみ、長命と永遠の繁栄を願って「亀齢」と命名した。,2026-09-06時点で現行の流通・商品ページに現行品として掲載され、大吟醸、使用米 山田錦、精米歩合 ４５％の設計で展開されている。,現行商品位置づけ,https://www.hiroshimasake.com/product/17,,,広島県の日本酒を専門通販 広島酒倶楽部 亀齢 大吟醸創(亀齢酒造) メニュー カート ご利用案内 初めての方 広島SAKE倶楽部 Q & A 問い合わせ カテゴリ 店長コラム 文字サイズ : 広島SAKE倶楽部TOP 新規の方はこちら 登録なしでもお買い物できます。 | ● 原料米 ： 山田錦 ● 精米歩合 ：４５％ ● 原材料名 ： 米 ・米 麹 ・ 醸造アルコール ● 日本酒度 ：＋５ ● 酸度 ：1.6 ● アルコール ：17度以上18度未満 ●甘辛：やや辛口 亀齢酒造,2026-09-06
亀齢酒造,亀齢,亀齢 無濾過 五段仕込純米酒 八九(はちく) 生酒,収録,,古くは「吉田屋の酒」として親しまれ、明治期に当主・石井幸太郎が「鶴は千年、亀は万年」の言葉にちなみ、長命と永遠の繁栄を願って「亀齢」と命名した。,辛口を基調とする亀齢では珍しい甘口の純米生酒として、年1回の限定発売で展開される商品。麹歩合89%と五段仕込みを組み合わせる独自設計が商品名「八九」の核になっている。,個別沿革確認,https://www.hiroshimasake.com/product/182,,,広島県の日本酒を専門通販 広島酒倶楽部 亀齢 無濾過 五段仕込純米酒 八九 生酒(亀齢酒造) メニュー カート ご利用案内 初めての方 広島SAKE倶楽部 Q & A 問い合わせ カテゴリ 店長コラム 文字サイズ : 広島SAKE倶楽部TOP 新規の方はこちら 登録なしでもお買い物できます。 | 本数限定商品 Tweet Facebookでシェア 数量 : 1 2 3 4 5 6 7 8 9 10 11 12 13 14 返品特約に関する重要事項 お酒詳細 亀齢 無濾過 五段,2026-09-06
亀齢酒造,亀齢,亀齢 純米吟醸 六拾,収録,,古くは「吉田屋の酒」として親しまれ、明治期に当主・石井幸太郎が「鶴は千年、亀は万年」の言葉にちなみ、長命と永遠の繁栄を願って「亀齢」と命名した。,東広島市の「日本酒10蔵定期便」で、蔵元・杜氏が選ぶ酒の一つとして現行取扱いを確認できる純米吟醸。精米歩合を商品名に掲げる亀齢の六拾系商品として流通している。,個別沿革確認,https://e-sake.jp/article/article-1369/,,,東広島市内にある10の蔵元の「日本酒を通じ全国の皆さまと繋がり、絆を作りたい」という思いを伝えるため、蔵元・杜氏が厳選したふるさと納税返礼品「東広島日本酒10蔵定期便」を提供します。 | 限定50セット で、「 期間限定 ・ 予約のみ」 の受付となります。 | 杜氏渾身の大吟醸 、お 届けする季節に応じたフレッシュな生酒 、 通常蔵内でのみ販売している限定酒 など、各酒蔵の真心を込めた日本酒を蔵元から直送でお届けします。 | ぜひ、日本酒を通じ蔵元・杜氏の思いを感じながら、味,2026-09-06
亀齢酒造,亀齢,亀齢 純米吟醸 原形精米 migaki 無濾過生酒,収録,,古くは「吉田屋の酒」として親しまれ、明治期に当主・石井幸太郎が「鶴は千年、亀は万年」の言葉にちなみ、長命と永遠の繁栄を願って「亀齢」と命名した。,玄米の形を保ちながら磨く「原形精米」を採用した純米吟醸の無濾過生酒。従来の球形精米とは異なる精米技術を商品コンセプトに据えた限定ラインとして展開されている。,個別沿革確認,https://www.hiroshimasake.com/product/550,,,広島県の日本酒を専門通販 広島酒倶楽部 亀齢 純米吟醸migaki 無濾過生酒(亀齢酒造) メニュー カート ご利用案内 初めての方 広島SAKE倶楽部 Q & A 問い合わせ カテゴリ 店長コラム 文字サイズ : 広島SAKE倶楽部TOP 新規の方はこちら 登録なしでもお買い物できます。 | 本数限定商品 Tweet Facebookでシェア 数量 : 1 2 3 4 5 6 7 8 9 10 11 12 13 14 15 16 17 18 19 20 21 22 23 2,2026-09-06
亀齢酒造,亀齢,亀齢 純米吟醸 原形精米 migaki 萌えいぶき 生酒,収録,,古くは「吉田屋の酒」として親しまれ、明治期に当主・石井幸太郎が「鶴は千年、亀は万年」の言葉にちなみ、長命と永遠の繁栄を願って「亀齢」と命名した。,原形精米の「migaki」系列に、広島県の新しい酒米「萌えいぶき」を組み合わせた生酒。新酒米と新しい精米方法を同時に試す商品として、現行の限定ラインに加わっている。,個別沿革確認,https://www.hiroshimasake.com/product/581,,,広島県の日本酒を専門通販 広島酒倶楽部 亀齢 純米吟醸 原形精米 migaki 萌えいぶき 生酒(亀齢酒造) メニュー カート ご利用案内 初めての方 広島SAKE倶楽部 Q & A 問い合わせ カテゴリ 店長コラム 文字サイズ : 広島SAKE倶楽部TOP 新規の方はこちら 登録なしでもお買い物できます。 | 本数限定商品 Tweet Facebookでシェア 数量 : 1 2 3 4 5 6 7 8 9 10 11 12 13 14 15 16 17 18 19 20 2,2026-09-06
亀齢酒造,亀齢,亀齢 辛口純米 八拾,収録,,古くは「吉田屋の酒」として親しまれ、明治期に当主・石井幸太郎が「鶴は千年、亀は万年」の言葉にちなみ、長命と永遠の繁栄を願って「亀齢」と命名した。,少なくとも2016年3月11日には専門流通ページで取扱いが確認できる限定流通の辛口純米。中生新千本を80%精米で使う低精白設計を特徴とし、現在まで継続して流通している。,個別沿革確認,https://www.hiroshimasake.com/product/37,2016-03-11,,広島県の日本酒を専門通販 広島酒倶楽部 亀齢 辛口純米 八拾(亀齢酒造) メニュー カート ご利用案内 初めての方 広島SAKE倶楽部 Q & A 問い合わせ カテゴリ 店長コラム 文字サイズ : 広島SAKE倶楽部TOP 新規の方はこちら 登録なしでもお買い物できます。 | ● 原料米 ： 中生新千本 ● 精米歩合 ：８０％ ● 原材料名 ： 米 ・米 麹 ● 日本酒度 ：＋５ ● 酸度 ：1.9度 ● 酵母 ：自家培養 ● アルコール ：17度 ●甘辛：辛口 720mlは,2026-09-06
亀齢酒造,亀齢,亀齢 辛口純米 八拾 生酒,収録,,古くは「吉田屋の酒」として親しまれ、明治期に当主・石井幸太郎が「鶴は千年、亀は万年」の言葉にちなみ、長命と永遠の繁栄を願って「亀齢」と命名した。,人気商品として案内される。生酒という仕立てで通常品と区別される。2026-09-06時点で現行の流通・商品ページに現行品として掲載され、純米、使用米 中生新千本、精米歩合 80％の設計で展開されている。,現行商品位置づけ,https://www.hiroshimasake.com/product/96,,,広島県の日本酒を専門通販 広島酒倶楽部 亀齢 辛口純米 八拾(生酒)(亀齢酒造) お店トップ ｜ 会社概要 ｜ Webフォームでのご注文 ｜ メールでのご注文 ｜ FAXでのご注文 ｜ お酒探しご依頼 ｜ facebook メニュー カート ご利用案内 初めての方 広島SAKE倶楽部 Q & A 問い合わせ カテゴリ 店長コラム 文字サイズ : 広島SAKE倶楽部TOP 新規の方はこちら 登録なしでもお買い物できます。 | ●原料米：中生新千本 ●精米歩合：80％ ●原材料名,2026-09-06
亀齢酒造,亀齢,吉田屋の酒,収録,,古くは「吉田屋の酒」として親しまれ、明治期に当主・石井幸太郎が「鶴は千年、亀は万年」の言葉にちなみ、長命と永遠の繁栄を願って「亀齢」と命名した。,亀齢の旧来の呼称「吉田屋の酒」を現代の商品名として残した、直売所「万年亀舎」だけの限定酒。ブランドが亀齢へ改称する以前の屋号・酒名を、蔵限定商品として現在へ伝えている。,個別沿革確認,https://kireikireikirei.jimdofree.com/酒蔵土産売場-まねきや/,,,開店時間 お正月を除くほぼ通年開店 （土日祝日は不定期に休業することがあります） 平 日： ９時～１６時(昼休憩あり) 土 日 祝 日：１０時半～１６時 主な販売酒 吉田屋の酒（「万年亀舎」だけの限定酒） 大吟醸 創 純米大吟醸 亀香 純米酒 など 主な販売品 豆氏さん （大吟醸酒粕をまぶした豆菓子） 醸華町うどん (お酒で練ったうどん） 北海道産小麦使用・乾麺にリニューアル！,2026-09-06
亀齢酒造,亀齢,純米大吟醸 亀香,収録,,古くは「吉田屋の酒」として親しまれ、明治期に当主・石井幸太郎が「鶴は千年、亀は万年」の言葉にちなみ、長命と永遠の繁栄を願って「亀齢」と命名した。,亀齢酒造の直売所「万年亀舎」で、大吟醸「創」や「吉田屋の酒」と並ぶ主な販売酒として継続掲示されている純米大吟醸。蔵直売の上位商品群を担う一本である。,個別沿革確認,https://kireikireikirei.jimdofree.com/酒蔵土産売場-まねきや/,,,開店時間 お正月を除くほぼ通年開店 （土日祝日は不定期に休業することがあります） 平 日： ９時～１６時(昼休憩あり) 土 日 祝 日：１０時半～１６時 主な販売酒 吉田屋の酒（「万年亀舎」だけの限定酒） 大吟醸 創 純米大吟醸 亀香 純米酒 など 主な販売品 豆氏さん （大吟醸酒粕をまぶした豆菓子） 醸華町うどん (お酒で練ったうどん） 北海道産小麦使用・乾麺にリニューアル！,2026-09-06
亀齢酒造,亀齢萬年,亀齢萬年 山田錦 生酒,収録,,亀齢の長寿・繁栄の意味をさらに強く打ち出す派生銘柄。少なくとも2018年にはANA国際線向け限定大吟醸が「人気の亀齢萬年ブランド」として販売されており、現在も山田錦・原酒五拾など限定性の高い商品群に用いられている。,少なくとも2016年5月31日には専門流通ページで取扱いが確認できる亀齢萬年の生酒。山田錦で醸した酒を蔵内約マイナス3℃で氷温長期熟成し、新酒感と熟成の丸みを両立させる設計で継続している。,個別沿革確認,https://www.hiroshimasake.com/product/15,2016-05-31,,広島県の日本酒を専門通販 広島酒倶楽部 亀齢萬年 山田錦(亀齢酒造) メニュー カート ご利用案内 初めての方 広島SAKE倶楽部 Q & A 問い合わせ カテゴリ 店長コラム 文字サイズ : 広島SAKE倶楽部TOP 新規の方はこちら 登録なしでもお買い物できます。 | 本数限定商品 5.00 1 件のレビュー Tweet Facebookでシェア 数量 : 1 2 3 4 5 6 7 8 9 10 11 12 13 14 15 16 17 18 19 20 21 22 2,2026-09-06
亀齢酒造,亀齢萬年,亀齢萬年 山田錦おりがらみ 生酒,収録,,亀齢の長寿・繁栄の意味をさらに強く打ち出す派生銘柄。少なくとも2018年にはANA国際線向け限定大吟醸が「人気の亀齢萬年ブランド」として販売されており、現在も山田錦・原酒五拾など限定性の高い商品群に用いられている。,生酒・おりがらみという仕立てで通常品と区別される。2026-09-06時点で現行の流通・商品ページに現行品として掲載され、使用米 山田錦、精米歩合 60％の設計で展開されている。,現行商品位置づけ,https://www.hiroshimasake.com/product/564,,,広島県の日本酒を専門通販 広島酒倶楽部 亀齢萬年 山田錦(亀齢酒造) メニュー カート ご利用案内 初めての方 広島SAKE倶楽部 Q & A 問い合わせ カテゴリ 店長コラム 文字サイズ : 広島SAKE倶楽部TOP 新規の方はこちら 登録なしでもお買い物できます。 | 本数限定商品 Tweet Facebookでシェア 数量 : 1 2 3 4 5 6 7 8 9 10 11 12 13 14 15 16 17 18 19 20 21 22 23 24 25 26 返品特,2026-09-06
亀齢酒造,亀齢萬年,亀齢萬年 純米大吟醸原酒五拾 生酒,収録,,亀齢の長寿・繁栄の意味をさらに強く打ち出す派生銘柄。少なくとも2018年にはANA国際線向け限定大吟醸が「人気の亀齢萬年ブランド」として販売されており、現在も山田錦・原酒五拾など限定性の高い商品群に用いられている。,亀齢萬年の原酒五拾系列で、広島・造賀で復活した「線状心白米」を使う限定生酒。栽培が一度途絶えた米を西垣杜氏の希望で県内復活させ、その米の個性を50%精米の純米大吟醸原酒として表現している。,個別沿革確認,https://www.hiroshimasake.com/product/552,,,広島県の日本酒を専門通販 広島酒倶楽部 亀齢萬年 純米大吟醸原酒五拾 生酒(亀齢酒造) メニュー カート ご利用案内 初めての方 広島SAKE倶楽部 Q & A 問い合わせ カテゴリ 店長コラム 文字サイズ : 広島SAKE倶楽部TOP 新規の方はこちら 登録なしでもお買い物できます。 | 本数限定商品 Tweet Facebookでシェア 数量 : 1 2 3 4 5 返品特約に関する重要事項 お酒詳細 亀齢萬年 純米大吟醸原酒五拾 生酒 飲みごたえ抜群の辛口。 | 【広島,2026-09-06
亀齢酒造,亀齢萬年,亀齢萬年 純米大吟醸原酒五拾 袋吊りおりがらみ 生酒,収録,,亀齢の長寿・繁栄の意味をさらに強く打ち出す派生銘柄。少なくとも2018年にはANA国際線向け限定大吟醸が「人気の亀齢萬年ブランド」として販売されており、現在も山田錦・原酒五拾など限定性の高い商品群に用いられている。,原酒五拾を袋吊りで搾り、さらにおりを絡めて瓶詰めする限定派生品。復活した造賀産の線状心白米を使う系列の中でも、搾り方とおりの有無で通常の原酒五拾との差を出している。,個別沿革確認,https://www.hiroshimasake.com/product/412,,,広島県の日本酒を専門通販 広島酒倶楽部 亀齢萬年 純米吟醸原酒五拾 袋吊りおりがらみ 生酒(亀齢酒造) メニュー カート ご利用案内 初めての方 広島SAKE倶楽部 Q & A 問い合わせ カテゴリ 店長コラム 文字サイズ : 広島SAKE倶楽部TOP 新規の方はこちら 登録なしでもお買い物できます。 | 本数限定商品 Tweet Facebookでシェア 数量 : 1 2 3 4 5 6 7 8 返品特約に関する重要事項 お酒詳細 限定品の袋吊りおりがらみです。 | 【広島,2026-09-06
今田酒造本店,FUKUCHO LEGACY,FUKUCHO LEGACY I,収録,,先代杜氏が残した1989年醸造の大吟醸雫酒を長期冷蔵熟成し、現代の富久長の仕込みへつなぐシリーズ。LEGACY I・IIは、その熟成酒を仕込み水の代わりに使う貴醸酒として、過去の技術と現在の造りを結びつけている。,1989年から冷蔵熟成してきたコンテスト用大吟醸雫酒を、三段仕込みの留添えで仕込み水の代わりに使う貴醸酒。先代杜氏の広島吟醸造りを現代の富久長へつなぐために生まれたLEGACYシリーズの第一系統である。,個別沿革確認,https://fukucho.jp/products/legacy1,,,先代の保広杜氏が伝えた広島吟醸造りの技と、現代の富久長の融合を果たすために、敢えて原料の一部として使いました。,2026-09-06
今田酒造本店,FUKUCHO LEGACY,FUKUCHO LEGACY II,収録,,先代杜氏が残した1989年醸造の大吟醸雫酒を長期冷蔵熟成し、現代の富久長の仕込みへつなぐシリーズ。LEGACY I・IIは、その熟成酒を仕込み水の代わりに使う貴醸酒として、過去の技術と現在の造りを結びつけている。,1989年醸造の長期熟成大吟醸雫酒を仕込みに用いるLEGACYの考え方を継ぎ、黄麹と白麹を併用して甘味と酸味を組み合わせた第二系統。過去の酒を原料として現代の醸造へ接続するシリーズである。,個別沿革確認,https://fukucho.jp/products/legacy2,,,先代の保広杜氏が伝えた広島吟醸造りの技と、現代の富久長の融合を果たすために、敢えて原料の一部として使いました。,2026-09-06
今田酒造本店,富久長,八反草 サタケシリーズ GENKEI,収録,,今田酒造本店の主銘柄で、1910年に商標登録。戦後の法人化、1997年の海外輸出開始を経て、現在は広島在来の酒米「八反草」や瀬戸内の食文化を軸に、CLASSICS・INNOVATION・SEASONALなど複数のラインを展開している。,広島の軟水醸造法と東広島のサタケの精米技術を結び直す企画から生まれた商品。玄米に近い形で磨く原形精米（真吟）を採用し、120年以上前の広島吟醸の技術史を現代の精米技術で再解釈している。,個別沿革確認,https://fukucho.jp/products/hattansogenkei,,,三浦仙三郎が確立した軟水醸造法と、日本で初めての動力精米機を開発したサタケ（東広島市）の精米技術によって生まれた広島吟醸酒。120年余りの月日を経て、吟醸酒は新たなステージへ扉を開きます。イノベーションの着眼点は米のカタチ。米を球形に磨く従来型から、玄米と同じ形に磨く原形精米（真吟）へ。最新鋭の精米機が精米60%で従来型の精米40%と同じたんぱく質の削減率を実現しました。直汲み原酒を1本ずつ丁寧に瓶火入れ、瓶貯蔵しているので、搾りたてのフレッシュな風味を保っています。 Art,2026-09-06
今田酒造本店,富久長,八反草 サタケシリーズ HENPEI,収録,,今田酒造本店の主銘柄で、1910年に商標登録。戦後の法人化、1997年の海外輸出開始を経て、現在は広島在来の酒米「八反草」や瀬戸内の食文化を軸に、CLASSICS・INNOVATION・SEASONALなど複数のラインを展開している。,広島の軟水醸造法とサタケの精米技術を組み合わせるシリーズで、薄く磨く扁平精米（真吟）を採用。GENKEIと対になる商品として、精米形状の違いを酒質へ反映する現代的な実験ラインである。,個別沿革確認,https://fukucho.jp/products/hattansohenpei,,,三浦仙三郎が確立した軟水醸造法と、日本で初めての動力精米機を開発したサタケ（東広島市）の精米技術によって生まれた広島吟醸酒。120年余りの月日を経て、吟醸酒は新たなステージへ扉を開きます。イノベーションの着眼点は米のカタチ。米を球形に磨く従来型から、薄く磨く扁平精米（真吟）へ。最新鋭の精米機が精米60%で従来型の精米40%と同じたんぱく質の削減率を実現しました。直汲み原酒を1本ずつ丁寧に瓶火入れ、瓶貯蔵しているので、搾りたてのフレッシュな風味を保っています。 Artwork:,2026-09-06
今田酒造本店,富久長,八反草 純米 ハイブリッド生酛 特別栽培米R3,収録,,今田酒造本店の主銘柄で、1910年に商標登録。戦後の法人化、1997年の海外輸出開始を経て、現在は広島在来の酒米「八反草」や瀬戸内の食文化を軸に、CLASSICS・INNOVATION・SEASONALなど複数のラインを展開している。,2022BYから生酛由来の選抜乳酸菌を使う設計へ発展した。生酛という仕立てで通常品と区別される。原形精米（真吟）を商品設計に取り入れている。,商品ページ沿革,https://fukucho.jp/products/hybridkimoto-r3-2021by,,,"自然界の様々な微生物の営みや法則を深く理解した先人の知恵によって磨かれてきた日本の酒造り。私たちも自然から多くのことを感じ、学びながら生きる喜びにあふれる酒造りをしたいと思います。2022BYよりハイブリッド生酛は生酛から選抜した乳酸菌を使用。原料米は唯一富久長が育てる広島在来品種の八反草。掛米の80％に原形精米したR３圃場の特別栽培米を使用しています。 13,000円（税込）以上で配送料無料（北海道・沖縄は1,100円割引） ※ご注文内容によって止むを得ず2個口になる場合は",2026-09-06
今田酒造本店,富久長,八反草 純米 ハイブリッド生酛 特別栽培米R4,収録,,今田酒造本店の主銘柄で、1910年に商標登録。戦後の法人化、1997年の海外輸出開始を経て、現在は広島在来の酒米「八反草」や瀬戸内の食文化を軸に、CLASSICS・INNOVATION・SEASONALなど複数のラインを展開している。,2022BYから生酛由来の選抜乳酸菌を使う設計へ発展した。生酛という仕立てで通常品と区別される。原形精米（真吟）を商品設計に取り入れている。,商品ページ沿革,https://fukucho.jp/products/hybridkimoto-r4-2022by,,,"自然界の様々な微生物の営みや法則を深く理解した先人の知恵によって磨かれてきた日本の酒造り。私たちも自然から多くのことを感じ、学びながら生きる喜びにあふれる酒を造りたいと思います。2022BYよりハイブリッド生酛は生酛から選抜した乳酸菌を使用。原料米は唯一富久長が育てる広島在来品種の八反草。掛米の80％に原形精米したR4圃場の特別栽培米を使用しています。 13,000円（税込）以上で配送料無料（北海道・沖縄は1,100円割引） ※ご注文内容によって止むを得ず2個口になる場合は別",2026-09-06
今田酒造本店,富久長,八反草 純米 軟水仕込 辛口,収録,,今田酒造本店の主銘柄で、1910年に商標登録。戦後の法人化、1997年の海外輸出開始を経て、現在は広島在来の酒米「八反草」や瀬戸内の食文化を軸に、CLASSICS・INNOVATION・SEASONALなど複数のラインを展開している。,低精米では溶けにくい八反草に、蒸米工程の工夫・真吟精米・広島令和一号酵母を組み合わせて開発された新しい辛口純米。2025年4月10日に新商品として発売され、2026年IWC Junmai部門でシルバーを受賞した。,個別沿革確認,https://fukucho.jp/products/hattansojunmai,,,"🎖️ 2026年 IWC2026 Junmai部門 シルバーメダル 13,000円（税込）以上で配送料無料（北海道・沖縄は1,100円割引） ※ご注文内容によって止むを得ず2個口になる場合は別途送料がかかります。",2026-09-06
今田酒造本店,富久長,八反草 純米吟醸,収録,,今田酒造本店の主銘柄で、1910年に商標登録。戦後の法人化、1997年の海外輸出開始を経て、現在は広島在来の酒米「八反草」や瀬戸内の食文化を軸に、CLASSICS・INNOVATION・SEASONALなど複数のラインを展開している。,今田酒造本店が復活栽培した広島在来の酒米「八反草」を伝統の吟醸造りで醸すフラッグシップ。2021年CINVE、2022年Kura Master、2026年BANGKOK SAKE CHALLENGEなど国内外で受賞を重ねている。,個別沿革確認,https://fukucho.jp/products/hattanso-junmaiginjo,,,富久長が復活栽培した八反草を、安芸津で受け継いだ伝統の吟醸造りで醸しました。口当たりは柔らかで、旨味たっぷりなのに見事なまでスカッと切れるあと口のよさは、八反草ならでは。ポテンシャルを最大限に引き出した富久長のフラッグシップといえる銘柄です。直汲み原酒を1本ずつ丁寧に瓶火入れ、瓶貯蔵しているので、搾りたてのフレッシュな風味を保っています。🎖️ 2026年 IWC2026 Junmai部門 シルバーメダル🎖️ 2026年 タイ BANGKOK SAKE CHALLENGE 金賞,2026-09-06
今田酒造本店,富久長,八反草 純米吟醸 ハイブリッド生酛,収録,,今田酒造本店の主銘柄で、1910年に商標登録。戦後の法人化、1997年の海外輸出開始を経て、現在は広島在来の酒米「八反草」や瀬戸内の食文化を軸に、CLASSICS・INNOVATION・SEASONALなど複数のラインを展開している。,2013年、富久長が高温糖化と伝統的な生酛系酒母を組み合わせた「ハイブリッド酒母」を開発。その技術を復活栽培した八反草へ適用し、複雑味を引き出す商品へ発展させた。,個別沿革確認,https://fukucho.jp/products/hybridkimoto-junmaiginjo,,,この新しい技術に磨きをかけ、富久長が復活栽培を遂げた八反草らしさを最大限に引き出したのが、ハイブリッド生酛です。,2026-09-06
今田酒造本店,富久長,八反草 純米大吟醸,収録,,今田酒造本店の主銘柄で、1910年に商標登録。戦後の法人化、1997年の海外輸出開始を経て、現在は広島在来の酒米「八反草」や瀬戸内の食文化を軸に、CLASSICS・INNOVATION・SEASONALなど複数のラインを展開している。,復活栽培した八反草を減農薬・減肥料で育て、純米大吟醸として仕立てる少量生産品。年間生産は約1200本と案内され、2026年SAKE COMPETITIONでSILVERを受賞した。,個別沿革確認,https://fukucho.jp/products/daiginjo,,,"原料米は種もみから復活させた広島最古の酒米の在来品種、八反草を減農薬、減肥料で育てました。 | 🎖️ 2026年 SAKE COMPETITION 2026 SILVER 年間生産本数：約1200本 13,000円（税込）以上で配送料無料（北海道・沖縄は1,100円割引） ※ご注文内容によって止むを得ず2個口になる場合は別途送料がかかります。",2026-09-06
今田酒造本店,富久長,八反草 純米大吟醸 はしり,収録,,今田酒造本店の主銘柄で、1910年に商標登録。戦後の法人化、1997年の海外輸出開始を経て、現在は広島在来の酒米「八反草」や瀬戸内の食文化を軸に、CLASSICS・INNOVATION・SEASONALなど複数のラインを展開している。,八反草純米大吟醸の搾り始めに流れ出る「あらばしり」部分を瓶詰めする限定商品。年間生産約300本とされ、同じ純米大吟醸の中でも初期搾汁だけを分けた派生品として展開されている。,個別沿革確認,https://fukucho.jp/products/daiginjo_hashiri,,,原料米は種もみから復活させた広島最古の酒米の在来品種、八反草を減農薬、減肥料で育てました。,2026-09-06
今田酒造本店,富久長,八反草 純米大吟醸 妙花風,収録,,今田酒造本店の主銘柄で、1910年に商標登録。戦後の法人化、1997年の海外輸出開始を経て、現在は広島在来の酒米「八反草」や瀬戸内の食文化を軸に、CLASSICS・INNOVATION・SEASONALなど複数のラインを展開している。,復活栽培した八反草を用い、袋吊りで自然に滴る最初の雫だけを集める希少な純米大吟醸。名は世阿弥が説いた芸の最高位「妙花風」に由来し、年間生産約90本と案内されている。,個別沿革確認,https://fukucho.jp/products/daiginjo_myokafu,,,原料米は種もみから復活させた広島最古の酒米の在来品種、八反草を減農薬、減肥料で育てました。,2026-09-06
今田酒造本店,富久長,山田錦 純米吟醸,収録,,今田酒造本店の主銘柄で、1910年に商標登録。戦後の法人化、1997年の海外輸出開始を経て、現在は広島在来の酒米「八反草」や瀬戸内の食文化を軸に、CLASSICS・INNOVATION・SEASONALなど複数のラインを展開している。,今田美穂が杜氏になって初めて挑戦した思い入れのある銘柄。「純米吟醸でも造りは純米大吟醸と同じくらい極める」という考えで設計され、富久長の顔として長く親しまれてきた。,個別沿革確認,https://fukucho.jp/products/yamadanishiki-junmaiginjo,,,「精米歩合は純米吟醸でも、造りは純米大吟醸と同じくらい極めよう」と、今田美穂が杜氏になって初めて挑戦した思い入れのある銘柄です。,2026-09-06
今田酒造本店,富久長,海風土 Seafood 純米,収録,,今田酒造本店の主銘柄で、1910年に商標登録。戦後の法人化、1997年の海外輸出開始を経て、現在は広島在来の酒米「八反草」や瀬戸内の食文化を軸に、CLASSICS・INNOVATION・SEASONALなど複数のラインを展開している。,2026年 IWC2026 Junmai部門 大会推奨メダル、2026年 フランス KURA MASTER 純米酒部門 プラチナの実績が商品ページに記録されている。2026-09-06時点で公式商品ページに現行品として掲載され、純米、使用米 国産米、精米歩合 60% / 70%の設計で展開されている。,商品ページ沿革,https://fukucho.jp/products/seafood,,,レモンのような爽やかな飲み心地の富久長。キリッとした酸味と日本酒らしい柔らかな後口が、牡蠣や魚介のおいしさを引き立てます。酸度が高く、原酒でアルコール度数13度に仕上げた軽快な口当たりは、和食だけでなく、イタリアンやフレンチとの相性も抜群。よく冷やして白ワイン感覚でお楽しみください。1本ずつ丁寧に瓶貯蔵しているので、搾りたてのフレッシュな風味を保っています。風味保護のため必ず冷蔵庫で保管してください。🎖️ 2026年 IWC2026 Junmai部門 大会推奨メダル🎖️ 20,2026-09-06
今田酒造本店,富久長,秋櫻〈コスモス〉 純米 ひやおろし,収録,,今田酒造本店の主銘柄で、1910年に商標登録。戦後の法人化、1997年の海外輸出開始を経て、現在は広島在来の酒米「八反草」や瀬戸内の食文化を軸に、CLASSICS・INNOVATION・SEASONALなど複数のラインを展開している。,季節商品として展開される。ひやおろしという仕立てで通常品と区別される。2026-09-06時点で公式商品ページに現行品として掲載され、純米、使用米 広島県東広島市産山田錦 / 兵庫県特A地区山田錦 / 広島県産米の設計で展開されている。,現行商品位置づけ,https://fukucho.jp/products/cosmos,,,軟水醸造ならではの柔らかい旨味を大切にしながら、辛口にすっきりと仕上げて、富久長らしいひやおろしを表現しています。,2026-09-06
今田酒造本店,富久長,秋櫻〈コスモス〉 純米吟醸 ひやおろし,収録,,今田酒造本店の主銘柄で、1910年に商標登録。戦後の法人化、1997年の海外輸出開始を経て、現在は広島在来の酒米「八反草」や瀬戸内の食文化を軸に、CLASSICS・INNOVATION・SEASONALなど複数のラインを展開している。,「秋櫻」をコスモスの和名から取った秋季商品で、瓶火入れ後ひと夏熟成させて出荷する。純米吟醸版は30年以上にわたり愛されてきた富久長の秋酒ロングセラーである。,個別沿革確認,https://fukucho.jp/products/cosmos-junmaiginjo,,,"コスモスの和名は秋櫻。夏越しのひやおろしに秋の花を名付けました。富久長のひやおろしは、直汲み原酒を1本ずつ丁寧に瓶火入れ、瓶貯蔵して、ひと夏ゆっくりと寝かせています。富久長らしい柔らかく華やかな風味はそのままで、味にまとまりが出てまろやかに熟成。30年以上にわたって愛される、富久長のロングセラーの１本です。 13,000円（税込）以上で配送料無料（北海道・沖縄は1,100円割引） ※ご注文内容によって止むを得ず2個口になる場合は別途送料がかかります。そのような場合は担当者より",2026-09-06
今田酒造本店,富久長,純米にごり スパークリング 白美 HAKUBI,収録,,今田酒造本店の主銘柄で、1910年に商標登録。戦後の法人化、1997年の海外輸出開始を経て、現在は広島在来の酒米「八反草」や瀬戸内の食文化を軸に、CLASSICS・INNOVATION・SEASONALなど複数のラインを展開している。,1980年代に先代が開発して以来、30年以上にわたり改良を続けてきた富久長のロングセラー。瓶内発酵の泡とにごりを両立させ、現在は耐圧瓶・瓶火入れで安定流通させる設計へ発展している。,個別沿革確認,https://fukucho.jp/products/hakubi,,,1980年代に先代が開発して以来30数年、改良を続けている富久長のロングセラーです。 | 酵母が生きている状態を保持しつつ、日本酒ならではの味わいと炭酸ガスのバランスが最適のときを狙って瓶火入れしています。,2026-09-06
今田酒造本店,富久長,純米吟醸 美穂 Biho,収録,,今田酒造本店の主銘柄で、1910年に商標登録。戦後の法人化、1997年の海外輸出開始を経て、現在は広島在来の酒米「八反草」や瀬戸内の食文化を軸に、CLASSICS・INNOVATION・SEASONALなど複数のラインを展開している。,発売以来約30年続く純米吟醸のロングセラー。杜氏・今田美穂と同じ字を使いながら「びほ」と読み、軽やかな食中酒を志向する商品として長く展開されている。,個別沿革確認,https://fukucho.jp/products/biho,,,杜氏と同じ名前がつけられていますが、商品名は「びほ」と読みます。 | 発売以来30年にわたってロングセラーの純米吟醸です。,2026-09-06
今田酒造本店,富久長,辛口純米,収録,,今田酒造本店の主銘柄で、1910年に商標登録。戦後の法人化、1997年の海外輸出開始を経て、現在は広島在来の酒米「八反草」や瀬戸内の食文化を軸に、CLASSICS・INNOVATION・SEASONALなど複数のラインを展開している。,定番の辛口純米を継続的に改良し、2021BYからはよりすっきりしたキレを目指して原料米の一部に原形精米（真吟）を導入。2026年SAKE COMPETITIONでBRONZEを受賞している。,個別沿革確認,https://fukucho.jp/products/karakuchi,,,"🎖️ 2026年 SAKE COMPETITION 2026 BRONZE 13,000円（税込）以上で配送料無料（北海道・沖縄は1,100円割引） ※ご注文内容によって止むを得ず2個口になる場合は別途送料がかかります。",2026-09-06
山陽鶴酒造,山陽鶴,にごり酒,収録,,山陽鶴酒造の主銘柄。江戸後期創業の蔵が1912年に本永本家として創立し、1949年に山陽鶴酒造へ改称した後も銘柄を継承し、現在は大吟醸・純米吟醸・本醸造・上撰・にごり酒を代表5酒として展開している。,山陽鶴が公式の「五酒セット」で代表酒の一つとして扱うにごり酒。大吟醸・純米吟醸・本醸造・上撰と並ぶ蔵の基本ラインとして、現行の代表商品群に組み込まれている。,個別沿革確認,https://sanyotsuru.jp/archives/product/gosyu,2023-05-08T03:41:18+00:00,2026-01-06T08:06:27+00:00,当蔵の代表的なお酒である 大吟醸・純米吟醸・本醸造・上撰・にごり酒 の五種類を、それぞれ一合瓶に詰め合わせました。 | 香り高く繊細な味わいの大吟醸、米の旨味をやさしく感じていただける純米吟醸、食事に寄り添う本醸造と上撰、そして穏やかな甘みが広がるにごり酒。 | 同じ蔵、同じ水から生まれながらも、造りや仕込みによって表情の異なる日本酒の魅力を、呑みくらべを通してご堪能いただけます。,2026-09-06
山陽鶴酒造,山陽鶴,上撰,収録,,山陽鶴酒造の主銘柄。江戸後期創業の蔵が1912年に本永本家として創立し、1949年に山陽鶴酒造へ改称した後も銘柄を継承し、現在は大吟醸・純米吟醸・本醸造・上撰・にごり酒を代表5酒として展開している。,山陽鶴の公式「五酒セット」に含まれる代表的な日常酒。大吟醸からにごり酒までを揃える基本5酒の一角として、蔵の従来型ラインを現在へ残している。,個別沿革確認,https://sanyotsuru.jp/archives/product/gosyu,2023-05-08T03:41:18+00:00,2026-01-06T08:06:27+00:00,当蔵の代表的なお酒である 大吟醸・純米吟醸・本醸造・上撰・にごり酒 の五種類を、それぞれ一合瓶に詰め合わせました。 | 香り高く繊細な味わいの大吟醸、米の旨味をやさしく感じていただける純米吟醸、食事に寄り添う本醸造と上撰、そして穏やかな甘みが広がるにごり酒。 | 同じ蔵、同じ水から生まれながらも、造りや仕込みによって表情の異なる日本酒の魅力を、呑みくらべを通してご堪能いただけます。,2026-09-06
山陽鶴酒造,山陽鶴,大吟醸,収録,,山陽鶴酒造の主銘柄。江戸後期創業の蔵が1912年に本永本家として創立し、1949年に山陽鶴酒造へ改称した後も銘柄を継承し、現在は大吟醸・純米吟醸・本醸造・上撰・にごり酒を代表5酒として展開している。,山陽鶴が公式の「五酒セット」で代表酒の一つとして扱う大吟醸。蔵の基本5酒の最高精白系として、純米吟醸・本醸造・上撰・にごり酒とともに現行ラインを構成している。,個別沿革確認,https://sanyotsuru.jp/archives/product/gosyu,2023-05-08T03:41:18+00:00,2026-01-06T08:06:27+00:00,当蔵の代表的なお酒である 大吟醸・純米吟醸・本醸造・上撰・にごり酒 の五種類を、それぞれ一合瓶に詰め合わせました。 | 香り高く繊細な味わいの大吟醸、米の旨味をやさしく感じていただける純米吟醸、食事に寄り添う本醸造と上撰、そして穏やかな甘みが広がるにごり酒。 | 同じ蔵、同じ水から生まれながらも、造りや仕込みによって表情の異なる日本酒の魅力を、呑みくらべを通してご堪能いただけます。,2026-09-06
山陽鶴酒造,山陽鶴,大吟醸 ほんと,収録,,山陽鶴酒造の主銘柄。江戸後期創業の蔵が1912年に本永本家として創立し、1949年に山陽鶴酒造へ改称した後も銘柄を継承し、現在は大吟醸・純米吟醸・本醸造・上撰・にごり酒を代表5酒として展開している。,2026-09-06時点で現行の流通・商品ページに現行品として掲載され、大吟醸、使用米 山田錦、精米歩合 35%の設計で展開されている。,現行商品位置づけ,https://www.buyhiro.com/database/products/products_0549/,,,三原市 前の記事 自然薯入り手延そうめん 2024.11.25 東広島市 次の記事 生貯本醸造 倉凛 2024.11.25 ひろしま製品検索サイトトップに戻る ＢＵＹひろしまホーム きっと満足！,2026-09-06
山陽鶴酒造,山陽鶴,本醸造,収録,,山陽鶴酒造の主銘柄。江戸後期創業の蔵が1912年に本永本家として創立し、1949年に山陽鶴酒造へ改称した後も銘柄を継承し、現在は大吟醸・純米吟醸・本醸造・上撰・にごり酒を代表5酒として展開している。,山陽鶴の公式「五酒セット」に含まれる本醸造で、蔵の基本5酒の一つ。高級酒だけでなく日常の食中酒まで含める山陽鶴の代表ラインを支える商品である。,個別沿革確認,https://sanyotsuru.jp/archives/product/gosyu,2023-05-08T03:41:18+00:00,2026-01-06T08:06:27+00:00,当蔵の代表的なお酒である 大吟醸・純米吟醸・本醸造・上撰・にごり酒 の五種類を、それぞれ一合瓶に詰め合わせました。 | 香り高く繊細な味わいの大吟醸、米の旨味をやさしく感じていただける純米吟醸、食事に寄り添う本醸造と上撰、そして穏やかな甘みが広がるにごり酒。 | 同じ蔵、同じ水から生まれながらも、造りや仕込みによって表情の異なる日本酒の魅力を、呑みくらべを通してご堪能いただけます。,2026-09-06
山陽鶴酒造,山陽鶴,純米吟醸,収録,,山陽鶴酒造の主銘柄。江戸後期創業の蔵が1912年に本永本家として創立し、1949年に山陽鶴酒造へ改称した後も銘柄を継承し、現在は大吟醸・純米吟醸・本醸造・上撰・にごり酒を代表5酒として展開している。,山陽鶴の公式「五酒セット」で代表酒として示される純米吟醸。大吟醸・本醸造・上撰・にごり酒とともに、蔵の酒質を横断的に示す基本商品群を構成している。,個別沿革確認,https://sanyotsuru.jp/archives/product/gosyu,2023-05-08T03:41:18+00:00,2026-01-06T08:06:27+00:00,当蔵の代表的なお酒である 大吟醸・純米吟醸・本醸造・上撰・にごり酒 の五種類を、それぞれ一合瓶に詰め合わせました。 | 香り高く繊細な味わいの大吟醸、米の旨味をやさしく感じていただける純米吟醸、食事に寄り添う本醸造と上撰、そして穏やかな甘みが広がるにごり酒。 | 同じ蔵、同じ水から生まれながらも、造りや仕込みによって表情の異なる日本酒の魅力を、呑みくらべを通してご堪能いただけます。,2026-09-06
山陽鶴酒造,山陽鶴,純米大吟醸 KUBO,収録,,山陽鶴酒造の主銘柄。江戸後期創業の蔵が1912年に本永本家として創立し、1949年に山陽鶴酒造へ改称した後も銘柄を継承し、現在は大吟醸・純米吟醸・本醸造・上撰・にごり酒を代表5酒として展開している。,2026-09-06時点で現行の流通・商品ページに現行品として掲載され、純米大吟醸、使用米 山田錦100%、精米歩合 35%の設計で展開されている。,現行商品位置づけ,https://www.furusato.aeon.co.jp/gift-in-return/aaa72316281ae6d75280fb28cb3cae46/,,,中でも、井原市美星町では、長きにわたり星空保護活動に取り組んでおり、2021年11月に星空版の世界遺産と称される国際ダークスカイ協会の「星空保護区（コミュニティ部門）」に、アジアで初めて認定されました。 | こうした恵まれた自然環境から、シャインマスカットをはじめ４０品種を超える「ぶどう」を栽培しており、西日本有数の産地として知られているほか、世界の高級ブランドにも採用されている「井原デニム」など、多くの特産品があります。 | メリットいっぱい 早めのふるさと納税 かんたん返,2026-09-06
柄酒造,9代目於多福,9代目於多福 protos. 火入れ,収録,,9代目蔵元・杜氏の柄総一郎が担う現行ラインで、創業銘柄「於多福」の名を継ぎながら、新しい設計の酒を展開するシリーズ。2026年には素数をテーマにした「protos.」や季節酒「つきあかり」などを発売している。,9代目蔵元・杜氏が数学の「素数」をテーマにスペックを設計した9代目於多福シリーズの商品で、火入れ720mlは2026年7月22日に発売開始。伝統銘柄に新しい発想を重ねる現行ラインを象徴する一本である。,個別沿革確認,https://www.tsukasyuzou.jp/products/9代目於多福-protos-720ml-火入れ,,,数学好きの９代目杜氏がスペックを諸々「素数」にこだわって醸しました。,2026-09-06
柄酒造,9代目於多福,9代目於多福 特別純米 火入れ,収録,,9代目蔵元・杜氏の柄総一郎が担う現行ラインで、創業銘柄「於多福」の名を継ぎながら、新しい設計の酒を展開するシリーズ。2026年には素数をテーマにした「protos.」や季節酒「つきあかり」などを発売している。,2026-09-06時点で公式商品ページに現行品として掲載され、特別純米、使用米 八反錦の設計で展開されている。,現行商品位置づけ,https://www.tsukasyuzou.jp/products/火入れ-9代目於多福-特別純米,,,昨年の「ごあいさつ」シリーズ改め「9代目 於多福」として、ラベルを大幅にリニューアルしました。装い新たにスタートします。「9代目於多福 特別純米 火入れ」。辛口の純米酒です。日本酒をより手軽に、ポップに愉しんでもらいたいという思いからこのような装いで新たにスタートします。 昨年の「ごあいさつ」シリーズ改め「9代目 於多福」として、ラベルを大幅にリニューアルしました。装い新たにスタートします。「9代目於多福 特別純米 火入れ」。辛口の純米酒です。日本酒をより手軽に、ポップに愉し,2026-09-06
柄酒造,9代目於多福,9代目於多福 純米 つきあかり,収録,,9代目蔵元・杜氏の柄総一郎が担う現行ラインで、創業銘柄「於多福」の名を継ぎながら、新しい設計の酒を展開するシリーズ。2026年には素数をテーマにした「protos.」や季節酒「つきあかり」などを発売している。,9代目於多福の季節商品として2026年9月3日に発売開始された純米酒。9代目蔵元・杜氏による新しい於多福ラインの2026年秋商品として加わった。,個別沿革確認,https://www.tsukasyuzou.jp/products/9代目於多福-つきあかり-720ml,,,「9代目於多福 純米つきあかり」。みずみずしくまろやかな秋のお酒です。 「9代目於多福 純米つきあかり」。みずみずしくまろやかな秋のお酒です。,2026-09-06
柄酒造,9代目於多福,9代目於多福 純米 火入れ,収録,,9代目蔵元・杜氏の柄総一郎が担う現行ラインで、創業銘柄「於多福」の名を継ぎながら、新しい設計の酒を展開するシリーズ。2026年には素数をテーマにした「protos.」や季節酒「つきあかり」などを発売している。,2026-09-06時点で公式商品ページに現行品として掲載され、純米、使用米 八反錦、精米歩合 60%の設計で展開されている。,現行商品位置づけ,https://www.tsukasyuzou.jp/products/火入れ-9代目於多福-純米,,,昨年の「ごあいさつ」シリーズ改め「9代目 於多福」として、ラベルを大幅にリニューアルしました。装い新たにスタートします。「9代目於多福 純米 火入れ」。米の旨味を感じられる辛口の純米酒です。日本酒をより手軽に、ポップに愉しんでもらいたいという思いからこのような装いで新たにスタートします。 昨年の「ごあいさつ」シリーズ改め「9代目 於多福」として、ラベルを大幅にリニューアルしました。装い新たにスタートします。「9代目於多福 純米 火入れ」。米の旨味を感じられる辛口の純米酒です。,2026-09-06
柄酒造,9代目於多福,9代目於多福 純米吟醸 すずかぜ,収録,,9代目蔵元・杜氏の柄総一郎が担う現行ラインで、創業銘柄「於多福」の名を継ぎながら、新しい設計の酒を展開するシリーズ。2026年には素数をテーマにした「protos.」や季節酒「つきあかり」などを発売している。,2026-09-06時点で公式商品ページに現行品として掲載され、純米吟醸、使用米 雄町、精米歩合 50%の設計で展開されている。,現行商品位置づけ,https://www.tsukasyuzou.jp/products/9代目於多福-すずかぜ-720ml,,,昨年の「ごあいさつ」シリーズ改め「9代目 於多福」として、ラベルを大幅にリニューアルしました。装い新たにスタートします。「9代目於多福 すずかぜ」。みずみずしく爽やかな夏のお酒です。 昨年の「ごあいさつ」シリーズ改め「9代目 於多福」として、ラベルを大幅にリニューアルしました。装い新たにスタートします。「9代目於多福 すずかぜ」。みずみずしく爽やかな夏のお酒です。,2026-09-06
柄酒造,9代目於多福,9代目於多福 純米吟醸 火入れ,収録,,9代目蔵元・杜氏の柄総一郎が担う現行ラインで、創業銘柄「於多福」の名を継ぎながら、新しい設計の酒を展開するシリーズ。2026年には素数をテーマにした「protos.」や季節酒「つきあかり」などを発売している。,2026-09-06時点で公式商品ページに現行品として掲載され、純米吟醸、使用米 八反錦、精米歩合 50%の設計で展開されている。,現行商品位置づけ,https://www.tsukasyuzou.jp/products/火入れ-9代目於多福-純米吟醸,,,昨年の「ごあいさつ」シリーズ改め「9代目 於多福」として、ラベルを大幅にリニューアルしました。装い新たにスタートします。「9代目於多福 純米吟醸 火入れ」。丁寧に醸造された辛口の純米吟醸です。日本酒をより手軽に、ポップに愉しんでもらいたいという思いからこのような装いで新たにスタートします。 昨年の「ごあいさつ」シリーズ改め「9代目 於多福」として、ラベルを大幅にリニューアルしました。装い新たにスタートします。「9代目於多福 純米吟醸 火入れ」。丁寧に醸造された辛口の純米吟醸で,2026-09-06
柄酒造,9代目於多福,9代目於多福 純米大吟醸 火入れ,収録,,9代目蔵元・杜氏の柄総一郎が担う現行ラインで、創業銘柄「於多福」の名を継ぎながら、新しい設計の酒を展開するシリーズ。2026年には素数をテーマにした「protos.」や季節酒「つきあかり」などを発売している。,2026-09-06時点で公式商品ページに現行品として掲載され、純米大吟醸、使用米 千本錦、精米歩合 40%の設計で展開されている。,現行商品位置づけ,https://www.tsukasyuzou.jp/products/火入れ-9代目於多福-純米大吟醸-720ml-1800ml,,,昨年の「ごあいさつ」シリーズ改め「9代目 於多福」として、ラベルを大幅にリニューアルしました。装い新たにスタートします。「9代目於多福 純米大吟醸」。香り豊かですっきり辛口の純米大吟醸です。日本酒をより手軽に、ポップに愉しんでもらいたいという思いからこのような装いで新たにスタートします。 昨年の「ごあいさつ」シリーズ改め「9代目 於多福」として、ラベルを大幅にリニューアルしました。装い新たにスタートします。「9代目於多福 純米大吟醸」。香り豊かですっきり辛口の純米大吟醸です。,2026-09-06
柄酒造,於多福,於多福 一番取り,収録,,1848（嘉永元）年の創業時から続く柄酒造の銘柄。1907年の第1回全国清酒品評会で優等一位を受賞し、安芸津の地酒として受け継がれてきた。広島県酒造組合の紹介では、創業家の船「於多福丸」と「米を福ととらえる思い」が名の背景とされる。,2026-09-06時点で公式商品ページに現行品として掲載され、使用米 千本錦、精米歩合 40％の設計で展開されている。,現行商品位置づけ,https://www.tsukasyuzou.jp/products/関西一-一番取り-720ml,,,丁寧に発酵させた日本酒のもとである「もろみ」を袋に入れて吊るし、自然に滴る雫だけを集めた贅沢な高級酒。辛口でキレがあり、香りが広がる大吟醸です。桐箱に入れての送付となります。 丁寧に発酵させた日本酒のもとである「もろみ」を袋に入れて吊るし、自然に滴る雫だけを集めた贅沢な高級酒。辛口でキレがあり、香りが広がる大吟醸です。桐箱に入れての送付となります。,2026-09-06
柄酒造,於多福,於多福 大吟醸,収録,,1848（嘉永元）年の創業時から続く柄酒造の銘柄。1907年の第1回全国清酒品評会で優等一位を受賞し、安芸津の地酒として受け継がれてきた。広島県酒造組合の紹介では、創業家の船「於多福丸」と「米を福ととらえる思い」が名の背景とされる。,2026-09-06時点で公式商品ページに現行品として掲載され、大吟醸、使用米 千本錦、精米歩合 40%の設計で展開されている。,現行商品位置づけ,https://www.tsukasyuzou.jp/products/於多福-大吟醸-1800ml,,,内容量：1800ml（一升瓶） 720mlは こちら 使用米：千本錦 精米歩合：40% アルコール度数：16.5度 飲み方：◎冷酒 〇常温 「関西一 大吟醸 1800ml」という名称で親しまれてきましたが、2023年5月よりブランド名を「於多福」に統一することとなりました。 | また、同じく2023年5月よりラベルが刷新されています。,2026-09-06
柄酒造,於多福,於多福 本醸造,収録,,1848（嘉永元）年の創業時から続く柄酒造の銘柄。1907年の第1回全国清酒品評会で優等一位を受賞し、安芸津の地酒として受け継がれてきた。広島県酒造組合の紹介では、創業家の船「於多福丸」と「米を福ととらえる思い」が名の背景とされる。,2026-09-06時点で公式商品ページに現行品として掲載され、本醸造、使用米 八反錦、精米歩合 65％の設計で展開されている。,現行商品位置づけ,https://www.tsukasyuzou.jp/products/関西一-本醸造-720ml,,,飲んだ後のキレがよく、食事を引き立たせてくれる食中酒。米の旨味を感じる日本酒です。どんな温度帯でもおいしく召し上がれる普段使いに最適な一品です。 「関西一 本醸造」という名称で親しまれてきましたが、2023年5月よりブランド名を「於多福」に統一することとなりました。また、同じく2023年5月よりラベルが刷新されています。 飲んだ後のキレがよく、食事を引き立たせてくれる食中酒。米の旨味を感じる日本酒です。どんな温度帯でもおいしく召し上がれる普段使いに最適な一品です。 「関西一 ,2026-09-06
柄酒造,於多福,於多福 純米,収録,,1848（嘉永元）年の創業時から続く柄酒造の銘柄。1907年の第1回全国清酒品評会で優等一位を受賞し、安芸津の地酒として受け継がれてきた。広島県酒造組合の紹介では、創業家の船「於多福丸」と「米を福ととらえる思い」が名の背景とされる。,2026-09-06時点で公式商品ページに現行品として掲載され、純米、使用米 八反錦、精米歩合 60％の設計で展開されている。,現行商品位置づけ,https://www.tsukasyuzou.jp/products/於多福-純米-1800ml,,,於多福 純米の一升瓶（1800ml）。米の旨味がギュッと詰まった辛口の純米酒。元々日本酒が好きでよく飲むという方に選ばれる傾向がある、日本酒らしい日本酒です。冷でも燗でも楽しめます。 2023年5月よりラベルが刷新されています。 於多福 純米の一升瓶（1800ml）。米の旨味がギュッと詰まった辛口の純米酒。元々日本酒が好きでよく飲むという方に選ばれる傾向がある、日本酒らしい日本酒です。冷でも燗でも楽しめます。 2023年5月よりラベルが刷新されています。,2026-09-06
柄酒造,於多福,於多福 純米吟醸,収録,,1848（嘉永元）年の創業時から続く柄酒造の銘柄。1907年の第1回全国清酒品評会で優等一位を受賞し、安芸津の地酒として受け継がれてきた。広島県酒造組合の紹介では、創業家の船「於多福丸」と「米を福ととらえる思い」が名の背景とされる。,2026-09-06時点で公式商品ページに現行品として掲載され、純米吟醸、使用米 八反錦、精米歩合 60％の設計で展開されている。,現行商品位置づけ,https://www.tsukasyuzou.jp/products/於多福-純米吟醸-1800ml,,,於多福 純米吟醸の一升瓶(1800ml)。穏やかな香りと味わいの調和が取れた純米吟醸です。 幅広い料理に合うため、食中酒として用いられることが多いすっきり辛口の酒。冷やしても常温でも楽しめます。 「関西一 純米吟醸 1800ml」という名称で親しまれてきましたが、2023年5月よりブランド名を「於多福」に統一することとなりました。また、同じく2023年5月よりラベルが刷新されています。 於多福 純米吟醸の一升瓶(1800ml)。穏やかな香りと味わいの調和が取れた純米吟醸です。,2026-09-06
白牡丹酒造,白牡丹,Paeon(ピオン),収録,,1839（天保10）年、献上酒を評価した関白・鷹司政通公から、鷹司家の家紋「牡丹」にちなむ「白牡丹」の酒名を賜った。以来、蔵を代表する酒銘として受け継がれている。,しぼりたてのフレッシュさを食卓へ届ける新しい白牡丹のシリーズとして開発された商品。千本錦と広島令和一号酵母を使い、2026年「ワイングラスでおいしい日本酒アワード」プレミアム純米部門で最高金賞を受賞した。,個別沿革確認,https://www.hakubotan.co.jp/products/%E3%80%90%E6%97%A5%E6%9C%AC%E9%85%92-%E7%99%BD%E7%89%A1%E4%B8%B9%E3%80%91paeon%E3%83%94%E3%82%AA%E3%83%B3%E3%80%90%E6%96%B0%E3%80%91/,,2026-05-29T05:12:07+00:00,〜しぼりたてのフレッシュなお酒で食卓に小さな幸せを〜をコンセプトに醸した新たな白牡丹のお酒です｡酸味のあるシャープな味わいの酒を搾ったすぐの状態で瓶詰めしました｡ 〜しぼりたてのフレッシュなお酒で食卓に小さな幸せを〜をコンセプトに醸した新たな白牡丹のお酒です｡酸味のあるシャープな味わいの酒を搾ったすぐの状態で瓶詰めしました｡,2026-09-06
白牡丹酒造,白牡丹,さらりとうまくち,収録,,1839（天保10）年、献上酒を評価した関白・鷹司政通公から、鷹司家の家紋「牡丹」にちなむ「白牡丹」の酒名を賜った。以来、蔵を代表する酒銘として受け継がれている。,2026-09-06時点で公式商品ページに現行品として掲載され、使用米 国産米100％、精米歩合 70％の設計で展開されている。,現行商品位置づけ,https://www.hakubotan.co.jp/products/%e3%80%90%e6%97%a5%e6%9c%ac%e9%85%92-%e7%99%bd%e7%89%a1%e4%b8%b9%e3%80%91%e3%81%95%e3%82%89%e3%82%8a%e3%81%a8%e3%81%86%e3%81%be%e3%81%8f%e3%81%a1-720ml%e3%83%91%e3%83%83%e3%82%af%e8%a9%b0/,,2026-05-29T05:37:31+00:00,麹からうまれるふくらみのあるうま味と酵母の醸し出したさらりとした味わい｡ 冷やしてよし。,2026-09-06
白牡丹酒造,白牡丹,すっきり旨口,収録,,1839（天保10）年、献上酒を評価した関白・鷹司政通公から、鷹司家の家紋「牡丹」にちなむ「白牡丹」の酒名を賜った。以来、蔵を代表する酒銘として受け継がれている。,2026-09-06時点で公式商品ページに現行品として掲載され、使用米 国産米100％、精米歩合 75％の設計で展開されている。,現行商品位置づけ,https://www.hakubotan.co.jp/products/%e3%80%90%e6%97%a5%e6%9c%ac%e9%85%92-%e7%99%bd%e7%89%a1%e4%b8%b9%e3%80%91%e3%81%99%e3%81%a3%e3%81%8d%e3%82%8a%e6%97%a8%e5%8f%a3-2l%e3%83%91%e3%83%83%e3%82%af%e8%a9%b0/,,2026-05-29T05:38:24+00:00,日本酒の伝統的な「造り」を守りながらも、新しい発想の酒質設計とすることにより、やわらかな口当たりと巾のある旨さ味わいの両立を実現しています。 日本酒の伝統的な「造り」を守りながらも、新しい発想の酒質設計とすることにより、やわらかな口当たりと巾のある旨さ味わいの両立を実現しています。,2026-09-06
白牡丹酒造,白牡丹,ひろしま一途な純米酒 紅甘萬(べにかんまん),収録,,1839（天保10）年、献上酒を評価した関白・鷹司政通公から、鷹司家の家紋「牡丹」にちなむ「白牡丹」の酒名を賜った。以来、蔵を代表する酒銘として受け継がれている。,広島の原料と地域性を前面に出した「ひろしま一途」系の商品として、2026年6月4日に出荷を開始した夏の新商品。現行の白牡丹で地域素材を訴求する純米酒である。,個別沿革確認,https://www.hakubotan.co.jp/products/%e3%80%90%e6%97%a5%e6%9c%ac%e9%85%92-%e7%99%bd%e7%89%a1%e4%b8%b9%e3%80%91%e3%81%b2%e3%82%8d%e3%81%97%e3%81%be%e4%b8%80%e9%80%94%e3%81%aa%e7%b4%94%e7%b1%b3%e9%85%92%e3%80%80%e7%b4%85%e7%94%98%e8%90%ac/,,2026-05-29T02:27:04+00:00,ひろしま一途な純米酒 白牡丹 紅甘萬(べにかんまん)もみじ饅頭により添うお酒。広島県立総合技術研究所 食品工業技術センターよりの技術移転で商品化しました。ひろしま銘菓 もみじ饅頭と共にお楽しみください。もみじ饅頭の甘味とお酒の甘味とが調和し、 驚くほどすっきりした後味に変化します。2020全国燗酒コンテスト 金賞受賞 ひろしま一途な純米酒 白牡丹 紅甘萬(べにかんまん)もみじ饅頭により添うお酒。広島県立総合技術研究所 食品工業技術センターよりの技術移転で商品化しました。ひろし,2026-09-06
白牡丹酒造,白牡丹,大吟醸,収録,,1839（天保10）年、献上酒を評価した関白・鷹司政通公から、鷹司家の家紋「牡丹」にちなむ「白牡丹」の酒名を賜った。以来、蔵を代表する酒銘として受け継がれている。,限定商品として展開される。凍結した生酒として鮮度保持を特徴にしている。2026-09-06時点で公式商品ページに現行品として掲載され、大吟醸、使用米 山田錦、精米歩合 40%の設計で展開されている。,現行商品位置づけ,https://www.hakubotan.co.jp/products/,,,ブランドストーリー 酒造りへの思い 商品紹介 蔵めぐり・見学 白牡丹に合う料理 会社案内 公式ネットショップ お問合せ 商品検索 ブランドストーリー 酒造りへの思い 商品紹介 蔵めぐり・見学 白牡丹に合う料理 会社案内 商品紹介 全て 藝陽男山 季節限定 白牡丹 新シリーズ 甘酒・リキュール ギフト・お祝い ネットショップ限定 流通限定 輸出限定 白牡丹 【日本酒 白牡丹】長期低温熟成 大吟醸 FLUSSO 十年の歳月に宿る、極上の一献 創業三百五十年の伝統が磨き上げた白牡丹,2026-09-06
白牡丹酒造,白牡丹,大吟醸 いちの雫（しずく酒）,収録,,1839（天保10）年、献上酒を評価した関白・鷹司政通公から、鷹司家の家紋「牡丹」にちなむ「白牡丹」の酒名を賜った。以来、蔵を代表する酒銘として受け継がれている。,限定商品として展開される。しずく取りの酒を選別して商品化している。2026-09-06時点で公式商品ページに現行品として掲載され、大吟醸、使用米 山田錦、精米歩合 40％の設計で展開されている。,現行商品位置づけ,https://www.hakubotan.co.jp/products/%e3%80%90%e6%97%a5%e6%9c%ac%e9%85%92-%e7%99%bd%e7%89%a1%e4%b8%b9%e3%80%91%e5%a4%a7%e5%90%9f%e9%86%b8%e3%80%80%e3%81%84%e3%81%a1%e3%81%ae%e9%9b%ab720ml%e7%93%b6%e8%a9%b0%ef%bc%88%e3%81%97%e3%81%9a/,,2025-06-16T06:22:25+00:00,ブランドストーリー 酒造りへの思い 商品紹介 蔵めぐり・見学 白牡丹に合う料理 会社案内 公式ネットショップ お問合せ 商品検索 ブランドストーリー 酒造りへの思い 商品紹介 蔵めぐり・見学 白牡丹に合う料理 会社案内 白牡丹 【日本酒 白牡丹】大吟醸 いちの雫720ml瓶詰（しずく酒） クール便 厳選した酒造好適米を丁寧に洗米、厳格に限定吸水を行った浸漬米を旧来の甑を用い蒸し上げます。 | 仕込水に「いちの水」を用い厳冬期に仕込み、醪の管理を厳格に行った選りすぐりの大吟醸酒,2026-09-06
白牡丹酒造,白牡丹,大吟醸 中汲み,収録,,1839（天保10）年、献上酒を評価した関白・鷹司政通公から、鷹司家の家紋「牡丹」にちなむ「白牡丹」の酒名を賜った。以来、蔵を代表する酒銘として受け継がれている。,限定商品として展開される。搾りの中間部分である「中汲み」を分けて商品化している。2026-09-06時点で公式商品ページに現行品として掲載され、大吟醸、使用米 山田錦、精米歩合 40％の設計で展開されている。,現行商品位置づけ,https://www.hakubotan.co.jp/products/%e3%80%90%e6%97%a5%e6%9c%ac%e9%85%92-%e7%99%bd%e7%89%a1%e4%b8%b9%e3%80%91%e5%a4%a7%e5%90%9f%e9%86%b8-%e4%b8%ad%e6%b1%b2%e3%81%bf-720ml%e7%93%b6%e8%a9%b0%e3%80%90%e6%b5%81%e9%80%9a%e9%99%90%e5%ae%9a/,,2025-06-16T06:25:51+00:00,ブランドストーリー 酒造りへの思い 商品紹介 蔵めぐり・見学 白牡丹に合う料理 会社案内 公式ネットショップ お問合せ 商品検索 ブランドストーリー 酒造りへの思い 商品紹介 蔵めぐり・見学 白牡丹に合う料理 会社案内 白牡丹 【日本酒 白牡丹】大吟醸 中汲み 720ml瓶詰【流通限定】 常温便 大吟醸中汲みは低温長期醗酵の醪を負荷極力かけず搾った豊かな味わいの大吟醸酒です。 | 数量が少なくデリケートな酒質のお酒ですので､数量･出荷先限定となります。,2026-09-06
白牡丹酒造,白牡丹,山田錦 純米吟醸 うすにごり,収録,,1839（天保10）年、献上酒を評価した関白・鷹司政通公から、鷹司家の家紋「牡丹」にちなむ「白牡丹」の酒名を賜った。以来、蔵を代表する酒銘として受け継がれている。,春から初夏にかけての季節限定酒として継続展開され、2026年分は4月7日に出荷開始。山田錦を使う純米吟醸のうすにごり版として毎年の季節商品に位置づけられている。,個別沿革確認,https://www.hakubotan.co.jp/products/%e3%80%90%e6%97%a5%e6%9c%ac%e9%85%92-%e7%99%bd%e7%89%a1%e4%b8%b9%e3%80%91%e5%b1%b1%e7%94%b0%e9%8c%a6%e3%80%80%e7%b4%94%e7%b1%b3%e5%90%9f%e9%86%b8%e3%80%80%e3%81%86%e3%81%99%e3%81%ab%e3%81%94%e3%82%8a/,,2026-05-29T04:53:12+00:00,ブランドストーリー 酒造りへの思い 商品紹介 蔵めぐり・見学 白牡丹に合う料理 会社案内 公式ネットショップ お問合せ 商品検索 ブランドストーリー 酒造りへの思い 商品紹介 蔵めぐり・見学 白牡丹に合う料理 会社案内 季節限定 【日本酒 白牡丹】山田錦 純米吟醸 うすにごり 720ml瓶詰 常温便 季節限定商品。 | 酒米の王『山田錦』を自社で精米歩合60％迄磨き、米と米麹のみで醸した贅沢なうすにごり酒。,2026-09-06
白牡丹酒造,白牡丹,山田錦 純米大吟醸 氷華,収録,,1839（天保10）年、献上酒を評価した関白・鷹司政通公から、鷹司家の家紋「牡丹」にちなむ「白牡丹」の酒名を賜った。以来、蔵を代表する酒銘として受け継がれている。,2026-09-06時点で公式商品ページに現行品として掲載され、純米大吟醸、使用米 山田錦、精米歩合 50％の設計で展開されている。,現行商品位置づけ,https://www.hakubotan.co.jp/products/%e3%80%90%e5%87%8d%e7%b5%90%e7%94%9f%e9%85%92%e3%80%91%e3%80%90%e6%97%a5%e6%9c%ac%e9%85%92-%e7%99%bd%e7%89%a1%e4%b8%b9%e3%80%91%e5%b1%b1%e7%94%b0%e9%8c%a6-%e7%b4%94%e7%b1%b3%e5%a4%a7%e5%90%9f%e9%86%b8/,,2026-08-31T00:40:22+00:00,垂れ口から落ちてきたお酒を無濾過原酒のまま瓶詰め、急速凍結しました。非常にデリケートで蔵内でしか味わえなかったお酒を急速凍結することにより何時でもお楽しみ頂けます。自社精米で50％まで磨いた山田錦で醸した純米大吟醸を無濾過原酒で瓶に詰めました。口に含むとほのかなプチプチとしたガス感とフルーティーなしっかりとした甘みが口中に広がります。(株)テクニカン 液体急速凍結機 凍眠 により凍結しました。凍ったままのお酒をお届けします。冷凍便専用商品。他の商品との同梱はできません。流水な,2026-09-06
白牡丹酒造,白牡丹,山田錦 純米酒,収録,,1839（天保10）年、献上酒を評価した関白・鷹司政通公から、鷹司家の家紋「牡丹」にちなむ「白牡丹」の酒名を賜った。以来、蔵を代表する酒銘として受け継がれている。,2026-09-06時点で公式商品ページに現行品として掲載され、純米、使用米 山田錦、精米歩合 70％の設計で展開されている。,現行商品位置づけ,https://www.hakubotan.co.jp/products/%e3%80%90%e6%97%a5%e6%9c%ac%e9%85%92-%e7%99%bd%e7%89%a1%e4%b8%b9%e3%80%91%e5%b1%b1%e7%94%b0%e9%8c%a6%e7%b4%94%e7%b1%b3%e9%85%921-8l%e7%93%b6%e8%a9%b0/,,2026-05-29T05:01:45+00:00,ブランドストーリー 酒造りへの思い 商品紹介 蔵めぐり・見学 白牡丹に合う料理 会社案内 公式ネットショップ お問合せ 商品検索 ブランドストーリー 酒造りへの思い 商品紹介 蔵めぐり・見学 白牡丹に合う料理 会社案内 白牡丹 【日本酒 白牡丹】山田錦 純米酒 1.8L瓶詰 常温便 ワイングラスでおいしい日本酒アワード2017 最高金賞受賞酒 純米酒の中でも特に米にこだわった特別な純米酒です。 | 吟醸造りで知られる酒造好適米『山田錦』を全量使用し、しっかりとした膨らみのある,2026-09-06
白牡丹酒造,白牡丹,広島の酒,収録,,1839（天保10）年、献上酒を評価した関白・鷹司政通公から、鷹司家の家紋「牡丹」にちなむ「白牡丹」の酒名を賜った。以来、蔵を代表する酒銘として受け継がれている。,2026-09-06時点で公式商品ページに現行品として掲載され、使用米 国産米100％、精米歩合 75％の設計で展開されている。,現行商品位置づけ,https://www.hakubotan.co.jp/products/%e3%80%90%e6%97%a5%e6%9c%ac%e9%85%92-%e7%99%bd%e7%89%a1%e4%b8%b9%e3%80%91%e5%ba%83%e5%b3%b6%e3%81%ae%e9%85%92-1-8l%e7%93%b6%e8%a9%b0/,,2026-05-29T05:32:36+00:00,まろやかで口当たりのよいお酒。甘口で、バランスのとれた飲み飽きしないお酒。 まろやかで口当たりのよいお酒。甘口で、バランスのとれた飲み飽きしないお酒。,2026-09-06
白牡丹酒造,白牡丹,広島の酒 原酒,収録,,1839（天保10）年、献上酒を評価した関白・鷹司政通公から、鷹司家の家紋「牡丹」にちなむ「白牡丹」の酒名を賜った。以来、蔵を代表する酒銘として受け継がれている。,原酒という仕立てで通常品と区別される。2026-09-06時点で公式商品ページに現行品として掲載され、使用米 国産米100％、精米歩合 75％の設計で展開されている。,現行商品位置づけ,https://www.hakubotan.co.jp/products/%e3%80%90%e6%97%a5%e6%9c%ac%e9%85%92-%e7%99%bd%e7%89%a1%e4%b8%b9%e3%80%91%e5%ba%83%e5%b3%b6%e3%81%ae%e9%85%92%e5%8e%9f%e9%85%92-720ml%e7%93%b6%e8%a9%b0/,,2026-05-29T05:34:34+00:00,ブランドストーリー 酒造りへの思い 商品紹介 蔵めぐり・見学 白牡丹に合う料理 会社案内 公式ネットショップ お問合せ 商品検索 ブランドストーリー 酒造りへの思い 商品紹介 蔵めぐり・見学 白牡丹に合う料理 会社案内 白牡丹 【日本酒 白牡丹】広島の酒 原酒 720ml瓶詰【蔵元限定】 常温便 白牡丹の定番商品『広島の酒』の原酒。,2026-09-06
白牡丹酒造,白牡丹,広島上撰 金紋,収録,,1839（天保10）年、献上酒を評価した関白・鷹司政通公から、鷹司家の家紋「牡丹」にちなむ「白牡丹」の酒名を賜った。以来、蔵を代表する酒銘として受け継がれている。,2026-09-06時点で公式商品ページに現行品として掲載され、普通酒・上撰、使用米 国産米100%、精米歩合 70%の設計で展開されている。,現行商品位置づけ,https://www.hakubotan.co.jp/products/%e3%80%90%e6%97%a5%e6%9c%ac%e9%85%92-%e7%99%bd%e7%89%a1%e4%b8%b9%e3%80%91%e5%ba%83%e5%b3%b6%e4%b8%8a%e6%92%b0%e3%80%80%e9%87%91%e7%b4%8b-1-8l%e7%93%b6%e8%a9%b0/,,2026-05-29T05:20:03+00:00,きめ細やかな味わいにスッキリとした喉ごしが味わいを引き締めています。甘口であと口のキレのよいお酒です。 きめ細やかな味わいにスッキリとした喉ごしが味わいを引き締めています。甘口であと口のキレのよいお酒です。,2026-09-06
白牡丹酒造,白牡丹,広島上撰 金紋 原酒,収録,,1839（天保10）年、献上酒を評価した関白・鷹司政通公から、鷹司家の家紋「牡丹」にちなむ「白牡丹」の酒名を賜った。以来、蔵を代表する酒銘として受け継がれている。,原酒という仕立てで通常品と区別される。2026-09-06時点で公式商品ページに現行品として掲載され、普通酒・上撰、使用米 国産米、精米歩合 70％の設計で展開されている。,現行商品位置づけ,https://www.hakubotan.co.jp/products/%e3%80%90%e6%97%a5%e6%9c%ac%e9%85%92-%e7%99%bd%e7%89%a1%e4%b8%b9%e3%80%91%e5%ba%83%e5%b3%b6%e4%b8%8a%e6%92%b0%e3%80%80%e9%87%91%e7%b4%8b%e3%80%80%e5%8e%9f%e9%85%92720ml%e7%93%b6%e8%a9%b0%e3%80%90/,,2025-06-16T06:40:10+00:00,ブランドストーリー 酒造りへの思い 商品紹介 蔵めぐり・見学 白牡丹に合う料理 会社案内 公式ネットショップ お問合せ 商品検索 ブランドストーリー 酒造りへの思い 商品紹介 蔵めぐり・見学 白牡丹に合う料理 会社案内 季節限定 【日本酒 白牡丹】広島上撰 金紋 原酒 720ml瓶詰【限定酒】 常温便 秋あがり！,2026-09-06
白牡丹酒造,白牡丹,広島八反 純米吟醸,収録,,1839（天保10）年、献上酒を評価した関白・鷹司政通公から、鷹司家の家紋「牡丹」にちなむ「白牡丹」の酒名を賜った。以来、蔵を代表する酒銘として受け継がれている。,2026-09-06時点で公式商品ページに現行品として掲載され、純米吟醸、使用米 八反35号、精米歩合 60％の設計で展開されている。,現行商品位置づけ,https://www.hakubotan.co.jp/products/%e3%80%90%e6%97%a5%e6%9c%ac%e9%85%92-%e7%99%bd%e7%89%a1%e4%b8%b9%e3%80%91%e5%ba%83%e5%b3%b6%e5%85%ab%e5%8f%8d-%e7%b4%94%e7%b1%b3%e5%90%9f%e9%86%b8-1-8l%e7%93%b6%e8%a9%b0/,,2026-05-29T02:33:14+00:00,ブランドストーリー 酒造りへの思い 商品紹介 蔵めぐり・見学 白牡丹に合う料理 会社案内 公式ネットショップ お問合せ 商品検索 ブランドストーリー 酒造りへの思い 商品紹介 蔵めぐり・見学 白牡丹に合う料理 会社案内 白牡丹 【日本酒 白牡丹】広島八反 純米吟醸 1.8L瓶詰 常温便 酒造好適米『八反35号』を全量使用した純米吟醸酒｡ 八反35号は『広島八反』ともよばれ、昭和37年(1962年)から広島県の奨励品種となり、今でも根強い人気のある酒米。,2026-09-06
白牡丹酒造,白牡丹,広島八反 純米大吟醸 原酒,収録,,1839（天保10）年、献上酒を評価した関白・鷹司政通公から、鷹司家の家紋「牡丹」にちなむ「白牡丹」の酒名を賜った。以来、蔵を代表する酒銘として受け継がれている。,広島の酒造好適米・八反35号を使う夏季限定の純米大吟醸原酒。2026年分は6月9日に出荷を開始し、前年に続く夏酒として継続販売されている。,個別沿革確認,https://www.hakubotan.co.jp/products/%e3%80%90%e6%97%a5%e6%9c%ac%e9%85%92-%e7%99%bd%e7%89%a1%e4%b8%b9%e3%80%91%e5%ba%83%e5%b3%b6%e5%85%ab%e5%8f%8d-%e7%b4%94%e7%b1%b3%e5%a4%a7%e5%90%9f%e9%86%b8-%e5%8e%9f%e9%85%92720ml%e7%93%b6%e8%a9%b0/,,2026-05-29T02:30:24+00:00,ブランドストーリー 酒造りへの思い 商品紹介 蔵めぐり・見学 白牡丹に合う料理 会社案内 公式ネットショップ お問合せ 商品検索 ブランドストーリー 酒造りへの思い 商品紹介 蔵めぐり・見学 白牡丹に合う料理 会社案内 季節限定 【日本酒 白牡丹】広島八反 純米大吟醸 原酒720ml瓶詰 常温便 【夏酒】広島八反 純米大吟醸 原酒 720ml瓶【日本酒 白牡丹】 広島八反 純米大吟醸 原酒は、広島県の酒造好適米『八反35号』を50%まで磨き、丁寧な原料処理を行いました。 | ,2026-09-06
白牡丹酒造,白牡丹,広島八反 純米大吟醸 氷華,収録,,1839（天保10）年、献上酒を評価した関白・鷹司政通公から、鷹司家の家紋「牡丹」にちなむ「白牡丹」の酒名を賜った。以来、蔵を代表する酒銘として受け継がれている。,蔵の代表商品として位置づけられる。2026-09-06時点で公式商品ページに現行品として掲載され、純米大吟醸、使用米 八反35号、精米歩合 50％の設計で展開されている。,現行商品位置づけ,https://www.hakubotan.co.jp/products/%e3%80%90%e5%87%8d%e7%b5%90%e7%94%9f%e9%85%92%e3%80%91%e3%80%90%e6%97%a5%e6%9c%ac%e9%85%92-%e7%99%bd%e7%89%a1%e4%b8%b9%e3%80%91%e5%ba%83%e5%b3%b6%e5%85%ab%e5%8f%8d-%e7%b4%94%e7%b1%b3%e5%a4%a7%e5%90%9f/,,2026-08-31T00:41:19+00:00,広島を代表する酒米『八反35号』で醸した純米大吟醸を無濾過原酒で瓶に詰めました。,2026-09-06
白牡丹酒造,白牡丹,広島特撰 芳華金紋,収録,,1839（天保10）年、献上酒を評価した関白・鷹司政通公から、鷹司家の家紋「牡丹」にちなむ「白牡丹」の酒名を賜った。以来、蔵を代表する酒銘として受け継がれている。,2026-09-06時点で公式商品ページに現行品として掲載され、普通酒・上撰、使用米 国産米100％、精米歩合 60％の設計で展開されている。,現行商品位置づけ,https://www.hakubotan.co.jp/products/%e3%80%90%e6%97%a5%e6%9c%ac%e9%85%92-%e7%99%bd%e7%89%a1%e4%b8%b9%e3%80%91%e5%ba%83%e5%b3%b6%e7%89%b9%e6%92%b0-1-8l%e7%93%b6%e8%a9%b0-2/,,2026-05-29T05:13:14+00:00,広島の酒の特質といわれる「こあじ」のあるスッキリとしたあじわいをお楽しみください。 広島の酒の特質といわれる「こあじ」のあるスッキリとしたあじわいをお楽しみください。,2026-09-06
白牡丹酒造,白牡丹,恋華 RENKA,収録,,1839（天保10）年、献上酒を評価した関白・鷹司政通公から、鷹司家の家紋「牡丹」にちなむ「白牡丹」の酒名を賜った。以来、蔵を代表する酒銘として受け継がれている。,2026-09-06時点で公式商品ページに現行品として掲載され、使用米 中生新千本、精米歩合 60％の設計で展開されている。,現行商品位置づけ,https://www.hakubotan.co.jp/products/%e3%80%90%e6%97%a5%e6%9c%ac%e9%85%92-%e7%99%bd%e7%89%a1%e4%b8%b9%e3%80%91%e6%81%8b%e8%8f%af-300ml%e7%93%b6%e8%a9%b0-2/,,2026-05-29T04:57:57+00:00,ブランドストーリー 酒造りへの思い 商品紹介 蔵めぐり・見学 白牡丹に合う料理 会社案内 公式ネットショップ お問合せ 商品検索 ブランドストーリー 酒造りへの思い 商品紹介 蔵めぐり・見学 白牡丹に合う料理 会社案内 白牡丹 【日本酒 白牡丹】恋華 RENKA 300ml瓶詰 常温便 ワイングラスでおいしい日本酒アワード2023 プレミアム純米部門 金賞受賞酒 自社製造の白こうじを使った、爽やかな甘みと酸味が特徴のアルコール度数低めのお酒です。,2026-09-06
白牡丹酒造,白牡丹,恋華 RENKA ROUGE,収録,,1839（天保10）年、献上酒を評価した関白・鷹司政通公から、鷹司家の家紋「牡丹」にちなむ「白牡丹」の酒名を賜った。以来、蔵を代表する酒銘として受け継がれている。,2026-09-06時点で公式商品ページに現行品として掲載され、使用米 中生新千本、精米歩合 60％の設計で展開されている。,現行商品位置づけ,https://www.hakubotan.co.jp/products/%e3%80%90%e6%97%a5%e6%9c%ac%e9%85%92-%e7%99%bd%e7%89%a1%e4%b8%b9%e3%80%91%e6%81%8b%e8%8f%af-renka-rouge-300ml%e7%93%b6%e8%a9%b0/,,2026-05-29T04:58:46+00:00,ブランドストーリー 酒造りへの思い 商品紹介 蔵めぐり・見学 白牡丹に合う料理 会社案内 公式ネットショップ お問合せ 商品検索 ブランドストーリー 酒造りへの思い 商品紹介 蔵めぐり・見学 白牡丹に合う料理 会社案内 白牡丹 【日本酒 白牡丹】恋華 RENKA ROUGE 300ml瓶詰 常温便 リンゴ酸高生産酵母を使用した柔らかな酸味が特徴の飲みやすい日本酒です。,2026-09-06
白牡丹酒造,白牡丹,新酒純米,収録,,1839（天保10）年、献上酒を評価した関白・鷹司政通公から、鷹司家の家紋「牡丹」にちなむ「白牡丹」の酒名を賜った。以来、蔵を代表する酒銘として受け継がれている。,限定商品として展開される。2026-09-06時点で公式商品ページに現行品として掲載され、純米、使用米 国産米、精米歩合 70％の設計で展開されている。,現行商品位置づけ,https://www.hakubotan.co.jp/products/%e3%80%90%e6%97%a5%e6%9c%ac%e9%85%92-%e7%99%bd%e7%89%a1%e4%b8%b9%e3%80%91%e6%96%b0%e9%85%92%e7%b4%94%e7%b1%b3-1-8l%e7%93%b6%e8%a9%b0-2/,,2025-11-13T05:03:13+00:00,ブランドストーリー 酒造りへの思い 商品紹介 蔵めぐり・見学 白牡丹に合う料理 会社案内 公式ネットショップ お問合せ 商品検索 ブランドストーリー 酒造りへの思い 商品紹介 蔵めぐり・見学 白牡丹に合う料理 会社案内 季節限定 【日本酒 白牡丹】新酒純米 1.8L瓶詰 常温便 冬季限定商品販売中！,2026-09-06
白牡丹酒造,白牡丹,本醸造,収録,,1839（天保10）年、献上酒を評価した関白・鷹司政通公から、鷹司家の家紋「牡丹」にちなむ「白牡丹」の酒名を賜った。以来、蔵を代表する酒銘として受け継がれている。,2026-09-06時点で公式商品ページに現行品として掲載され、本醸造、使用米 国産米100％、精米歩合 60％の設計で展開されている。,現行商品位置づけ,https://www.hakubotan.co.jp/products/honjouzou-1-8l/,,2026-05-29T02:28:56+00:00,ブランドストーリー 酒造りへの思い 商品紹介 蔵めぐり・見学 白牡丹に合う料理 会社案内 公式ネットショップ お問合せ 商品検索 ブランドストーリー 酒造りへの思い 商品紹介 蔵めぐり・見学 白牡丹に合う料理 会社案内 白牡丹 【日本酒 白牡丹】本醸造 1.8L瓶詰 常温便 しっかりとした麹に裏打ちされた低温長期醗酵によりきめ細やかできれいな酒質の本醸造酒に仕上げました。,2026-09-06
白牡丹酒造,白牡丹,本醸造 生貯蔵酒,収録,,1839（天保10）年、献上酒を評価した関白・鷹司政通公から、鷹司家の家紋「牡丹」にちなむ「白牡丹」の酒名を賜った。以来、蔵を代表する酒銘として受け継がれている。,2026-09-06時点で公式商品ページに現行品として掲載され、本醸造、使用米 国産米、精米歩合 60％の設計で展開されている。,現行商品位置づけ,https://www.hakubotan.co.jp/products/%e3%80%90%e6%97%a5%e6%9c%ac%e9%85%92-%e7%99%bd%e7%89%a1%e4%b8%b9%e3%80%91%e6%9c%ac%e9%86%b8%e9%80%a0-%e7%94%9f%e8%b2%af%e8%94%b5%e9%85%92-300ml%e7%93%b6%e8%a9%b0/,,2026-05-29T05:00:00+00:00,ブランドストーリー 酒造りへの思い 商品紹介 蔵めぐり・見学 白牡丹に合う料理 会社案内 公式ネットショップ お問合せ 商品検索 ブランドストーリー 酒造りへの思い 商品紹介 蔵めぐり・見学 白牡丹に合う料理 会社案内 白牡丹 【日本酒 白牡丹】本醸造 生貯蔵酒 300ml瓶詰 常温便 お酒を一口含んだときの旨味と、後口のさわやかさがうまくバランスし、すっきりとした味わいの本醸造生貯蔵酒です。,2026-09-06
白牡丹酒造,白牡丹,純米吟醸,収録,,1839（天保10）年、献上酒を評価した関白・鷹司政通公から、鷹司家の家紋「牡丹」にちなむ「白牡丹」の酒名を賜った。以来、蔵を代表する酒銘として受け継がれている。,2026-09-06時点で公式商品ページに現行品として掲載され、純米吟醸、使用米 山田錦、精米歩合 60％の設計で展開されている。,現行商品位置づけ,https://www.hakubotan.co.jp/products/%e3%80%90%e6%97%a5%e6%9c%ac%e9%85%92-%e7%99%bd%e7%89%a1%e4%b8%b9%e3%80%91%e7%b4%94%e7%b1%b3%e5%90%9f%e9%86%b8-1-8l%e7%93%b6%e8%a9%b0/,,2026-06-02T07:29:26+00:00,ブランドストーリー 酒造りへの思い 商品紹介 蔵めぐり・見学 白牡丹に合う料理 会社案内 公式ネットショップ お問合せ 商品検索 ブランドストーリー 酒造りへの思い 商品紹介 蔵めぐり・見学 白牡丹に合う料理 会社案内 白牡丹 【日本酒 白牡丹】純米吟醸 1.8L瓶詰 常温便 ワイングラスでおいしい日本酒アワード２０２３ メイン部門 最高金賞受賞酒 米の風味を活かした芳醇な深みのある味わいのお酒。,2026-09-06
白牡丹酒造,白牡丹,純米吟醸 中汲み,収録,,1839（天保10）年、献上酒を評価した関白・鷹司政通公から、鷹司家の家紋「牡丹」にちなむ「白牡丹」の酒名を賜った。以来、蔵を代表する酒銘として受け継がれている。,限定商品として展開される。搾りの中間部分である「中汲み」を分けて商品化している。2026-09-06時点で公式商品ページに現行品として掲載され、純米吟醸、使用米 山田錦、精米歩合 50％の設計で展開されている。,現行商品位置づけ,https://www.hakubotan.co.jp/products/%e3%80%90%e6%97%a5%e6%9c%ac%e9%85%92-%e7%99%bd%e7%89%a1%e4%b8%b9%e3%80%91%e7%b4%94%e7%b1%b3%e5%90%9f%e9%86%b8-%e4%b8%ad%e6%b1%b2%e3%81%bf-720ml%e7%93%b6%e8%a9%b0%e3%80%90%e6%b5%81%e9%80%9a%e9%99%90/,,2025-06-16T06:23:27+00:00,ブランドストーリー 酒造りへの思い 商品紹介 蔵めぐり・見学 白牡丹に合う料理 会社案内 公式ネットショップ お問合せ 商品検索 ブランドストーリー 酒造りへの思い 商品紹介 蔵めぐり・見学 白牡丹に合う料理 会社案内 白牡丹 【日本酒 白牡丹】純米吟醸 中汲み 720ml瓶詰【流通限定】 常温便 山田錦を用い､味ある少し甘めの純米吟醸に仕上げました。 | 数量が少なくデリケートな酒質のお酒ですので､数量･出荷先限定となります。,2026-09-06
白牡丹酒造,白牡丹,純米吟醸 生貯蔵酒,収録,,1839（天保10）年、献上酒を評価した関白・鷹司政通公から、鷹司家の家紋「牡丹」にちなむ「白牡丹」の酒名を賜った。以来、蔵を代表する酒銘として受け継がれている。,輸出向けに展開される。2026-09-06時点で公式商品ページに現行品として掲載され、純米吟醸、使用米 山田錦、精米歩合 60％の設計で展開されている。,現行商品位置づけ,https://www.hakubotan.co.jp/products/%e3%80%90%e6%97%a5%e6%9c%ac%e9%85%92-%e7%99%bd%e7%89%a1%e4%b8%b9%e3%80%91%e7%b4%94%e7%b1%b3%e5%90%9f%e9%86%b8-%e7%94%9f%e8%b2%af%e8%94%b5%e9%85%92-300ml%e7%93%b6%e8%a9%b0-%e3%80%90%e8%bc%b8%e5%87%ba/,,,輸出専用商品 輸出専用商品,2026-09-06
白牡丹酒造,白牡丹,純米吟醸萌えいぶき,収録,,1839（天保10）年、献上酒を評価した関白・鷹司政通公から、鷹司家の家紋「牡丹」にちなむ「白牡丹」の酒名を賜った。以来、蔵を代表する酒銘として受け継がれている。,広島県・JA・広島県酒造組合などが約10年かけて開発した酒造好適米「萌えいぶき」を100%使用し、2024年4月22日に出荷を開始した純米吟醸。新しい広島酒米を商品化した一本である。,個別沿革確認,https://www.hakubotan.co.jp/products/%e3%80%90%e6%97%a5%e6%9c%ac%e9%85%92-%e7%99%bd%e7%89%a1%e4%b8%b9%e3%80%91%e7%b4%94%e7%b1%b3%e5%90%9f%e9%86%b8%e8%90%8c%e3%81%88%e3%81%84%e3%81%b6%e3%81%8d1-8%ef%bd%8c%e7%93%b6%e8%a9%b0/,,2026-05-29T02:54:28+00:00,ブランドストーリー 酒造りへの思い 商品紹介 蔵めぐり・見学 白牡丹に合う料理 会社案内 公式ネットショップ お問合せ 商品検索 ブランドストーリー 酒造りへの思い 商品紹介 蔵めぐり・見学 白牡丹に合う料理 会社案内 白牡丹 【日本酒 白牡丹】純米吟醸萌えいぶき1.8Ｌ瓶詰 常温便 広島県・ＪＡ・広島県酒造組合などが共同で10年の歳月をかけて開発した酒造好適米『萌えいぶき』を100％使用。,2026-09-06
白牡丹酒造,白牡丹,純米大吟醸 令和一号酵母,収録,,1839（天保10）年、献上酒を評価した関白・鷹司政通公から、鷹司家の家紋「牡丹」にちなむ「白牡丹」の酒名を賜った。以来、蔵を代表する酒銘として受け継がれている。,限定商品として展開される。広島令和一号酵母を用いる。2026-09-06時点で公式商品ページに現行品として掲載され、純米大吟醸、使用米 山田錦、精米歩合 50％の設計で展開されている。,現行商品位置づけ,https://www.hakubotan.co.jp/products/%e3%80%90%e6%97%a5%e6%9c%ac%e9%85%92-%e7%99%bd%e7%89%a1%e4%b8%b9%e3%80%91%e7%b4%94%e7%b1%b3%e5%a4%a7%e5%90%9f%e9%86%b8-%e4%bb%a4%e5%92%8c%e4%b8%80%e5%8f%b7%e9%85%b5%e6%af%8d-720ml%e7%93%b6%e8%a9%b0/,,2026-05-29T02:32:17+00:00,ブランドストーリー 酒造りへの思い 商品紹介 蔵めぐり・見学 白牡丹に合う料理 会社案内 公式ネットショップ お問合せ 商品検索 ブランドストーリー 酒造りへの思い 商品紹介 蔵めぐり・見学 白牡丹に合う料理 会社案内 白牡丹 【日本酒 白牡丹】純米大吟醸 令和一号酵母 720ml瓶詰 常温便 【日本酒 白牡丹】純米大吟醸 令和一号酵母 720ml瓶詰 ワイングラスでおいしい日本酒アワード２０２３～２５ ３年連続プレミアム大吟醸部門 金賞受賞酒 広島令和一号酵母で仕込んだ純米,2026-09-06
白牡丹酒造,白牡丹,純米大吟醸 原酒 万年蔵 杜氏 鹿島正,収録,,1839（天保10）年、献上酒を評価した関白・鷹司政通公から、鷹司家の家紋「牡丹」にちなむ「白牡丹」の酒名を賜った。以来、蔵を代表する酒銘として受け継がれている。,原酒という仕立てで通常品と区別される。2026-09-06時点で公式商品ページに現行品として掲載され、純米大吟醸、使用米 千本錦、精米歩合 38％の設計で展開されている。,現行商品位置づけ,https://www.hakubotan.co.jp/products/%e3%80%90%e6%97%a5%e6%9c%ac%e9%85%92-%e7%99%bd%e7%89%a1%e4%b8%b9%e3%80%91%e7%b4%94%e7%b1%b3%e5%a4%a7%e5%90%9f%e9%86%b8-%e5%8e%9f%e9%85%92-%e4%b8%87%e5%b9%b4%e8%94%b5-%e6%9d%9c%e6%b0%8f-%e9%b9%bf/,,2025-09-08T07:14:40+00:00,ブランドストーリー 酒造りへの思い 商品紹介 蔵めぐり・見学 白牡丹に合う料理 会社案内 公式ネットショップ お問合せ 商品検索 ブランドストーリー 酒造りへの思い 商品紹介 蔵めぐり・見学 白牡丹に合う料理 会社案内 白牡丹 【日本酒 白牡丹】純米大吟醸 原酒 万年蔵 杜氏 鹿島正1.8L瓶詰 常温便 白牡丹酒造 万年蔵杜氏 鹿島正が『広島らしさ』にこだわり醸し出した極上の逸品です。 | 広島独自の酒造好適米『千本錦』を自社精米所で３８％まで丁寧に精米したものを使用し、酵母,2026-09-06
白牡丹酒造,白牡丹,純米大吟醸 悠星(ゆうせい),収録,,1839（天保10）年、献上酒を評価した関白・鷹司政通公から、鷹司家の家紋「牡丹」にちなむ「白牡丹」の酒名を賜った。以来、蔵を代表する酒銘として受け継がれている。,広島令和一号酵母を用いる。2026-09-06時点で公式商品ページに現行品として掲載され、純米大吟醸、使用米 八反35号、精米歩合 50％の設計で展開されている。,現行商品位置づけ,https://www.hakubotan.co.jp/products/%e3%80%90%e6%97%a5%e6%9c%ac%e9%85%92-%e7%99%bd%e7%89%a1%e4%b8%b9%e3%80%91%e7%b4%94%e7%b1%b3%e5%a4%a7%e5%90%9f%e9%86%b8-%e6%82%a0%e6%98%9f%e3%82%86%e3%81%86%e3%81%9b%e3%81%84720ml%e7%93%b6%e8%a9%b0/,,2026-05-29T02:31:22+00:00,この商品は、広島ならではの米と酵母を使用し、広島杜氏の技術で仕込みました。 | 広島令和一号酵母の特徴であるジューシーなメロンの香りが広がります。,2026-09-06
白牡丹酒造,白牡丹,純米大吟醸 龍王井,収録,,1839（天保10）年、献上酒を評価した関白・鷹司政通公から、鷹司家の家紋「牡丹」にちなむ「白牡丹」の酒名を賜った。以来、蔵を代表する酒銘として受け継がれている。,輸出向けに展開される。2026-09-06時点で公式商品ページに現行品として掲載され、純米大吟醸、使用米 中生新千本、精米歩合 48％の設計で展開されている。,現行商品位置づけ,https://www.hakubotan.co.jp/products/%e3%80%90%e6%97%a5%e6%9c%ac%e9%85%92-%e7%99%bd%e7%89%a1%e4%b8%b9%e3%80%91%e9%be%8d%e7%8e%8b%e4%ba%95-300ml%e7%93%b6%e8%a9%b0%e3%80%90%e8%bc%b8%e5%87%ba/,,,輸出専用商品 輸出専用商品,2026-09-06
白牡丹酒造,白牡丹,純米生酒 氷華,収録,,1839（天保10）年、献上酒を評価した関白・鷹司政通公から、鷹司家の家紋「牡丹」にちなむ「白牡丹」の酒名を賜った。以来、蔵を代表する酒銘として受け継がれている。,生酒という仕立てで通常品と区別される。2026-09-06時点で公式商品ページに現行品として掲載され、純米、使用米 中生新千本、精米歩合 70％の設計で展開されている。,現行商品位置づけ,https://www.hakubotan.co.jp/products/%e3%80%90%e5%87%8d%e7%b5%90%e7%94%9f%e9%85%92%e3%80%91%e3%80%90%e6%97%a5%e6%9c%ac%e9%85%92-%e7%99%bd%e7%89%a1%e4%b8%b9%e3%80%91%e7%b4%94%e7%b1%b3%e7%94%9f%e9%85%92%e3%80%80%e6%b0%b7%e8%8f%af300ml/,,2026-08-31T00:39:30+00:00,垂れ口から落ちてきたお酒を無濾過原酒のまま瓶詰め、急速凍結しました。非常にデリケートで蔵内でしか味わえなかったお酒を急速凍結することにより何時でもお楽しみ頂けます。口に含むとほのかなプチプチとしたガス感とフルーティーなしっかりとした甘みが口中に広がります。(株)テクニカン 液体急速凍結機 凍眠 により凍結しました。凍ったままのお酒をお届けします。冷凍便専用商品。他の商品との同梱はできません。流水などで解凍してからお飲みください。 垂れ口から落ちてきたお酒を無濾過原酒のまま瓶詰,2026-09-06
白牡丹酒造,白牡丹,純米酒,収録,,1839（天保10）年、献上酒を評価した関白・鷹司政通公から、鷹司家の家紋「牡丹」にちなむ「白牡丹」の酒名を賜った。以来、蔵を代表する酒銘として受け継がれている。,2026-09-06時点で公式商品ページに現行品として掲載され、純米、使用米 国産米、精米歩合 70％の設計で展開されている。,現行商品位置づけ,https://www.hakubotan.co.jp/products/%e3%80%90%e6%97%a5%e6%9c%ac%e9%85%92-%e7%99%bd%e7%89%a1%e4%b8%b9%e3%80%91%e7%b4%94%e7%b1%b3%e9%85%92-1-8l%e7%93%b6%e8%a9%b0/,,2026-05-29T05:02:46+00:00,ブランドストーリー 酒造りへの思い 商品紹介 蔵めぐり・見学 白牡丹に合う料理 会社案内 公式ネットショップ お問合せ 商品検索 ブランドストーリー 酒造りへの思い 商品紹介 蔵めぐり・見学 白牡丹に合う料理 会社案内 白牡丹 【日本酒 白牡丹】純米酒 1.8L瓶詰 常温便 全国燗酒コンテスト2022 お値打ち燗酒部門金賞受賞 酒造りは、古くから一麹・二もと・三造りと云われています。,2026-09-06
白牡丹酒造,白牡丹,純米酒 山田錦 米だけの酒,収録,,1839（天保10）年、献上酒を評価した関白・鷹司政通公から、鷹司家の家紋「牡丹」にちなむ「白牡丹」の酒名を賜った。以来、蔵を代表する酒銘として受け継がれている。,2026-09-06時点で公式商品ページに現行品として掲載され、純米、使用米 山田錦、精米歩合 75％の設計で展開されている。,現行商品位置づけ,https://www.hakubotan.co.jp/products/%e3%80%90%e6%97%a5%e6%9c%ac%e9%85%92-%e7%99%bd%e7%89%a1%e4%b8%b9%e3%80%91%e7%b4%94%e7%b1%b3%e9%85%92%e3%80%80%e5%b1%b1%e7%94%b0%e9%8c%a6%e3%80%80%e7%b1%b3%e3%81%a0%e3%81%91%e3%81%ae%e9%85%92-900ml/,,2026-05-29T05:15:21+00:00,ブランドストーリー 酒造りへの思い 商品紹介 蔵めぐり・見学 白牡丹に合う料理 会社案内 公式ネットショップ お問合せ 商品検索 ブランドストーリー 酒造りへの思い 商品紹介 蔵めぐり・見学 白牡丹に合う料理 会社案内 白牡丹 【日本酒 白牡丹】純米酒 山田錦 米だけの酒 900mlパック詰 常温便 酒造好適米山田錦を麹米・掛米ともに全量使用して、酒都西条の名水で仕込んだ、米と水だけで醸し出したお酒。,2026-09-06
白牡丹酒造,白牡丹,華 純米吟醸,収録,,1839（天保10）年、献上酒を評価した関白・鷹司政通公から、鷹司家の家紋「牡丹」にちなむ「白牡丹」の酒名を賜った。以来、蔵を代表する酒銘として受け継がれている。,輸出向けに展開される。2026-09-06時点で公式商品ページに現行品として掲載され、純米吟醸、使用米 国産米、精米歩合 60％の設計で展開されている。,現行商品位置づけ,https://www.hakubotan.co.jp/products/%e3%80%90%e6%97%a5%e6%9c%ac%e9%85%92-%e7%99%bd%e7%89%a1%e4%b8%b9%e3%80%91%e8%8f%af%e3%80%80%e7%b4%94%e7%b1%b3%e5%90%9f%e9%86%b8%e3%80%80-300ml%e7%93%b6%e3%80%90%e8%bc%b8%e5%87%ba%e5%b0%82%e7%94%a8/,,2026-07-24T07:17:29+00:00,輸出専用商品 輸出専用商品,2026-09-06
白牡丹酒造,白牡丹,超特撰,収録,,1839（天保10）年、献上酒を評価した関白・鷹司政通公から、鷹司家の家紋「牡丹」にちなむ「白牡丹」の酒名を賜った。以来、蔵を代表する酒銘として受け継がれている。,2026-09-06時点で公式商品ページに現行品として掲載され、使用米 国産米100％、精米歩合 60％の設計で展開されている。,現行商品位置づけ,https://www.hakubotan.co.jp/products/%e3%80%90%e6%97%a5%e6%9c%ac%e9%85%92-%e7%99%bd%e7%89%a1%e4%b8%b9%e3%80%91%e8%b6%85%e7%89%b9%e6%92%b0-1-8l%e7%93%b6%e8%a9%b0-2%e6%9c%ac/,,2026-08-31T00:44:23+00:00,白牡丹の贈答向け商品として長年にわたり定番となっている商品きめ細やかなコクとすっきりとしたのどごしが好評です。 白牡丹の贈答向け商品として長年にわたり定番となっている商品きめ細やかなコクとすっきりとしたのどごしが好評です。,2026-09-06
白牡丹酒造,白牡丹,超特撰 純金箔入,収録,,1839（天保10）年、献上酒を評価した関白・鷹司政通公から、鷹司家の家紋「牡丹」にちなむ「白牡丹」の酒名を賜った。以来、蔵を代表する酒銘として受け継がれている。,2026-09-06時点で公式商品ページに現行品として掲載され、使用米 国産米100％、精米歩合 60％の設計で展開されている。,現行商品位置づけ,https://www.hakubotan.co.jp/products/%e3%80%90%e6%97%a5%e6%9c%ac%e9%85%92-%e7%99%bd%e7%89%a1%e4%b8%b9%e3%80%91%e8%b6%85%e7%89%b9%e6%92%b0%e3%80%80%e7%b4%94%e9%87%91%e7%ae%94%e5%85%a5-1-8l%e7%93%b6%e8%a9%b0/,,2026-08-31T00:43:42+00:00,白牡丹の贈答向け商品として長年にわたり定番となっている商品きめ細やかなコクとすっきりとしたのどごしが好評です。純金箔入り。 白牡丹の贈答向け商品として長年にわたり定番となっている商品きめ細やかなコクとすっきりとしたのどごしが好評です。純金箔入り。,2026-09-06
白牡丹酒造,白牡丹,長期低温熟成 大吟醸 FLUSSO,収録,,1839（天保10）年、献上酒を評価した関白・鷹司政通公から、鷹司家の家紋「牡丹」にちなむ「白牡丹」の酒名を賜った。以来、蔵を代表する酒銘として受け継がれている。,輸出向けに展開される。2026-09-06時点で公式商品ページに現行品として掲載され、大吟醸、使用米 山田錦、精米歩合 40％の設計で展開されている。,現行商品位置づけ,https://www.hakubotan.co.jp/products/flusso/,,2026-06-17T23:12:42+00:00,ブランドストーリー 酒造りへの思い 商品紹介 蔵めぐり・見学 白牡丹に合う料理 会社案内 公式ネットショップ お問合せ 商品検索 ブランドストーリー 酒造りへの思い 商品紹介 蔵めぐり・見学 白牡丹に合う料理 会社案内 白牡丹 【日本酒 白牡丹】長期低温熟成 大吟醸 FLUSSO 通常便 十年の歳月に宿る、極上の一献 創業三百五十年の伝統が磨き上げた白牡丹史上の最高峰。,2026-09-06
白牡丹酒造,藝陽男山,生酛純米酒 夏仕込み,収録,,明治時代から使用していた商標を、白牡丹創業350周年の2025年に復活。江戸期の酒造りを見直し、生酛・蓋麹法・木の半切桶と櫂による酛摺りなど伝統技法を用いる復刻銘柄として再始動した。,白牡丹が創業350周年を機に江戸期の酒造りを見直して復活させた「藝陽男山」の生酛純米酒系列。蓋麹法や木製の半切桶・櫂による酛摺りなど伝統技法を用い、2025年から復刻銘柄として展開されている。,個別沿革確認,https://www.hakubotan.co.jp/products/%e3%80%90%e6%97%a5%e6%9c%ac%e9%85%92-%e8%97%9d%e9%99%bd%e7%94%b7%e5%b1%b1%e3%80%91%e7%94%9f%e9%85%9b%e7%b4%94%e7%b1%b3%e9%85%92-%e5%a4%8f%e4%bb%95%e8%be%bc%e3%81%bf-720ml%e7%93%b6%e8%a9%b0/,,2025-04-03T07:06:30+00:00,ブランドストーリー 酒造りへの思い 商品紹介 蔵めぐり・見学 白牡丹に合う料理 会社案内 公式ネットショップ お問合せ 商品検索 ブランドストーリー 酒造りへの思い 商品紹介 蔵めぐり・見学 白牡丹に合う料理 会社案内 藝陽男山 【日本酒 藝陽男山】生酛純米酒 夏仕込み 720ml瓶詰 常温便 酵母・乳酸無添加 生酛純米 無濾過原酒 生酛は自然の摂理にのっとって酵母をたくましく育ててゆく先人の知恵の結晶です。 | 蓋麹法による麹造り、木の半切桶と木の櫂による酛摺り等伝統技法に,2026-09-06
白牡丹酒造,藝陽男山,生酛純米酒 夏仕込み おりがらみ,収録,,明治時代から使用していた商標を、白牡丹創業350周年の2025年に復活。江戸期の酒造りを見直し、生酛・蓋麹法・木の半切桶と櫂による酛摺りなど伝統技法を用いる復刻銘柄として再始動した。,創業350周年を機に復活した「藝陽男山」の生酛純米酒を、昔ながらの槽搾りで生じるおりがらみ部分まで瓶詰めした派生商品。復刻系列の中で搾りの違いを表現する流通限定品である。,個別沿革確認,https://www.hakubotan.co.jp/products/%e3%80%90%e6%97%a5%e6%9c%ac%e9%85%92-%e8%97%9d%e9%99%bd%e7%94%b7%e5%b1%b1%e3%80%91%e7%94%9f%e9%85%9b%e7%b4%94%e7%b1%b3%e9%85%92-%e5%a4%8f%e4%bb%95%e8%be%bc%e3%81%bf-%e3%81%8a%e3%82%8a%e3%81%8c/,,2025-04-03T07:21:21+00:00,ブランドストーリー 酒造りへの思い 商品紹介 蔵めぐり・見学 白牡丹に合う料理 会社案内 公式ネットショップ お問合せ 商品検索 ブランドストーリー 酒造りへの思い 商品紹介 蔵めぐり・見学 白牡丹に合う料理 会社案内 藝陽男山 【日本酒 藝陽男山】生酛純米酒 夏仕込み おりがらみ 720ml瓶詰 常温便 酵母・乳酸無添加 生酛純米 おりがらみ 生酛は自然の摂理にのっとって酵母をたくましく育ててゆく先人の知恵の結晶です。 | 蓋麹法による麹造り、木の半切桶と木の櫂による酛摺り,2026-09-06
白牡丹酒造,藝陽男山,生酛純米酒 夏仕込み 生酒,収録,,明治時代から使用していた商標を、白牡丹創業350周年の2025年に復活。江戸期の酒造りを見直し、生酛・蓋麹法・木の半切桶と櫂による酛摺りなど伝統技法を用いる復刻銘柄として再始動した。,創業350周年を機に復活した「藝陽男山」の生酛純米酒を、生酒として展開する派生商品。伝統的な生酛造りの酒を加熱処理前の状態で味わう季節・流通限定ラインとして位置づけられる。,個別沿革確認,https://www.hakubotan.co.jp/products/%e3%80%90%e6%97%a5%e6%9c%ac%e9%85%92-%e8%97%9d%e9%99%bd%e7%94%b7%e5%b1%b1%e3%80%91%e7%94%9f%e9%85%9b%e7%b4%94%e7%b1%b3%e9%85%92-%e5%a4%8f%e4%bb%95%e8%be%bc%e3%81%bf-%e7%94%9f%e9%85%92-720ml%e7%93%b6/,,2025-04-03T07:14:12+00:00,ブランドストーリー 酒造りへの思い 商品紹介 蔵めぐり・見学 白牡丹に合う料理 会社案内 公式ネットショップ お問合せ 商品検索 ブランドストーリー 酒造りへの思い 商品紹介 蔵めぐり・見学 白牡丹に合う料理 会社案内 藝陽男山 【日本酒 藝陽男山】生酛純米酒 夏仕込み 生酒 720ml瓶詰 常温便 酵母・乳酸無添加 生酛純米 生酒 生酛は自然の摂理にのっとって酵母をたくましく育ててゆく先人の知恵の結晶です。 | 蓋麹法による麹造り、木の半切桶と木の櫂による酛摺り等伝統技法に,2026-09-06
福美人酒造,福美人,上撰,収録,,蔵の公式直売ページでは、旧地名「福神」と「美人のようにふくよかで、やさしく穏やかな味」を目指したことが名の由来と説明される。1917年の創業以来、蔵の主銘柄として続いている。,2026-09-06時点で公式商品ページに現行品として掲載され、普通酒・上撰、使用米 国産米、精米歩合 70%の設計で展開されている。,現行商品位置づけ,https://www.fukubijin.co.jp/SHOP/2212.html,,,福美人酒造株式会社 [ フクビジン ] 全国の名杜氏を養成した蔵元より、高品質な日本酒をお届けします！ | 創業当初より、酒造りの技術力のたかさから、全国より酒造りを学びに来られたため、そう呼ばれるようになりました。 | 平成に入って、全国新酒鑑評会 金賞を７回受賞するなど、今なお高い評価を得ています。 | 高い醸造技術で極上の日本酒を醸す蔵元「福美人」より、おもわずひざ打つ感動の名酒をご提供しております。,2026-09-06
福美人酒造,福美人,上撰 さけパック,収録,,蔵の公式直売ページでは、旧地名「福神」と「美人のようにふくよかで、やさしく穏やかな味」を目指したことが名の由来と説明される。1917年の創業以来、蔵の主銘柄として続いている。,2026-09-06時点で公式商品ページに現行品として掲載され、普通酒・上撰、精米歩合 70%の設計で展開されている。,現行商品位置づけ,https://www.fukubijin.co.jp/SHOP/2268.html,,,福美人酒造株式会社 [ フクビジン ] 全国の名杜氏を養成した蔵元より、高品質な日本酒をお届けします！ | 創業当初より、酒造りの技術力のたかさから、全国より酒造りを学びに来られたため、そう呼ばれるようになりました。 | 平成に入って、全国新酒鑑評会 金賞を７回受賞するなど、今なお高い評価を得ています。 | 高い醸造技術で極上の日本酒を醸す蔵元「福美人」より、おもわずひざ打つ感動の名酒をご提供しております。,2026-09-06
福美人酒造,福美人,大吟醸,収録,,蔵の公式直売ページでは、旧地名「福神」と「美人のようにふくよかで、やさしく穏やかな味」を目指したことが名の由来と説明される。1917年の創業以来、蔵の主銘柄として続いている。,2026-09-06時点で公式商品ページに現行品として掲載され、大吟醸、使用米 山田錦（兵庫県産１００）、精米歩合 40%の設計で展開されている。,現行商品位置づけ,https://www.fukubijin.co.jp/SHOP/1157.html,,,福美人酒造株式会社 [ フクビジン ] 全国の名杜氏を養成した蔵元より、高品質な日本酒をお届けします！ | 創業当初より、酒造りの技術力のたかさから、全国より酒造りを学びに来られたため、そう呼ばれるようになりました。 | 平成に入って、全国新酒鑑評会 金賞を７回受賞するなど、今なお高い評価を得ています。 | 高い醸造技術で極上の日本酒を醸す蔵元「福美人」より、おもわずひざ打つ感動の名酒をご提供しております。,2026-09-06
福美人酒造,福美人,大吟醸 蔵乃華 （ くらのはな ）,収録,,蔵の公式直売ページでは、旧地名「福神」と「美人のようにふくよかで、やさしく穏やかな味」を目指したことが名の由来と説明される。1917年の創業以来、蔵の主銘柄として続いている。,2026-09-06時点で公式商品ページに現行品として掲載され、大吟醸、使用米 山田錦（兵庫県産100%）、精米歩合 40%の設計で展開されている。,現行商品位置づけ,https://www.fukubijin.co.jp/SHOP/1020.html,,,福美人酒造株式会社 [ フクビジン ] 全国の名杜氏を養成した蔵元より、高品質な日本酒をお届けします！ | 創業当初より、酒造りの技術力のたかさから、全国より酒造りを学びに来られたため、そう呼ばれるようになりました。 | 平成に入って、全国新酒鑑評会 金賞を７回受賞するなど、今なお高い評価を得ています。 | 高い醸造技術で極上の日本酒を醸す蔵元「福美人」より、おもわずひざ打つ感動の名酒をご提供しております。,2026-09-06
福美人酒造,福美人,大吟醸 西條酒造学校,収録,,蔵の公式直売ページでは、旧地名「福神」と「美人のようにふくよかで、やさしく穏やかな味」を目指したことが名の由来と説明される。1917年の創業以来、蔵の主銘柄として続いている。,福美人が創業当初から高い醸造技術で全国の酒造技術者を育て、「西條酒造学校」と呼ばれた歴史を商品名に受け継ぐ大吟醸。蔵そのものの技術史を銘柄名として伝える商品である。,個別沿革確認,https://www.fukubijin.co.jp/SHOP/1120.html,,,福美人酒造株式会社 [ フクビジン ] 全国の名杜氏を養成した蔵元より、高品質な日本酒をお届けします！ | 創業当初より、酒造りの技術力のたかさから、全国より酒造りを学びに来られたため、そう呼ばれるようになりました。 | 平成に入って、全国新酒鑑評会 金賞を７回受賞するなど、今なお高い評価を得ています。 | 高い醸造技術で極上の日本酒を醸す蔵元「福美人」より、おもわずひざ打つ感動の名酒をご提供しております。,2026-09-06
福美人酒造,福美人,広島の酒,収録,,蔵の公式直売ページでは、旧地名「福神」と「美人のようにふくよかで、やさしく穏やかな味」を目指したことが名の由来と説明される。1917年の創業以来、蔵の主銘柄として続いている。,福美人の公式直売ページが「蔵の特徴をもっとも感じる酒」と位置づける商品。全国の杜氏を育てた蔵の酒質を、日常的な価格帯で伝える現行ラインとして継続している。,個別沿革確認,https://www.fukubijin.co.jp/SHOP/3110.html,,,福美人酒造株式会社 [ フクビジン ] 全国の名杜氏を養成した蔵元より、高品質な日本酒をお届けします！ | 創業当初より、酒造りの技術力のたかさから、全国より酒造りを学びに来られたため、そう呼ばれるようになりました。 | 平成に入って、全国新酒鑑評会 金賞を７回受賞するなど、今なお高い評価を得ています。 | 高い醸造技術で極上の日本酒を醸す蔵元「福美人」より、おもわずひざ打つ感動の名酒をご提供しております。,2026-09-06
福美人酒造,福美人,本醸造 舞,収録,,蔵の公式直売ページでは、旧地名「福神」と「美人のようにふくよかで、やさしく穏やかな味」を目指したことが名の由来と説明される。1917年の創業以来、蔵の主銘柄として続いている。,2026-09-06時点で公式商品ページに現行品として掲載され、本醸造、精米歩合 60%の設計で展開されている。,現行商品位置づけ,https://www.fukubijin.co.jp/SHOP/3010.html,,,福美人酒造株式会社 [ フクビジン ] 全国の名杜氏を養成した蔵元より、高品質な日本酒をお届けします！ | 創業当初より、酒造りの技術力のたかさから、全国より酒造りを学びに来られたため、そう呼ばれるようになりました。 | 平成に入って、全国新酒鑑評会 金賞を７回受賞するなど、今なお高い評価を得ています。 | 高い醸造技術で極上の日本酒を醸す蔵元「福美人」より、おもわずひざ打つ感動の名酒をご提供しております。,2026-09-06
福美人酒造,福美人,樽酒,収録,,蔵の公式直売ページでは、旧地名「福神」と「美人のようにふくよかで、やさしく穏やかな味」を目指したことが名の由来と説明される。1917年の創業以来、蔵の主銘柄として続いている。,福美人の公式直売ページで「祝いの席におきたい樽酒」と案内される祝宴向け商品。通常瓶とは役割を分け、慶事・鏡開きなど日本酒の儀礼的な用途を受け持つ商品として展開されている。,個別沿革確認,https://www.fukubijin.co.jp/SHOP/3220.html,,,福美人酒造株式会社 [ フクビジン ] 全国の名杜氏を養成した蔵元より、高品質な日本酒をお届けします！ | 創業当初より、酒造りの技術力のたかさから、全国より酒造りを学びに来られたため、そう呼ばれるようになりました。 | 平成に入って、全国新酒鑑評会 金賞を７回受賞するなど、今なお高い評価を得ています。 | 高い醸造技術で極上の日本酒を醸す蔵元「福美人」より、おもわずひざ打つ感動の名酒をご提供しております。,2026-09-06
福美人酒造,福美人,特別純米酒「ひめあま」,収録,,蔵の公式直売ページでは、旧地名「福神」と「美人のようにふくよかで、やさしく穏やかな味」を目指したことが名の由来と説明される。1917年の創業以来、蔵の主銘柄として続いている。,2026-09-06時点で公式商品ページに現行品として掲載され、特別純米、使用米 国産米、精米歩合 60%の設計で展開されている。,現行商品位置づけ,https://www.fukubijin.co.jp/SHOP/2080.html,,,福美人酒造株式会社 [ フクビジン ] 全国の名杜氏を養成した蔵元より、高品質な日本酒をお届けします！ | 創業当初より、酒造りの技術力のたかさから、全国より酒造りを学びに来られたため、そう呼ばれるようになりました。 | 平成に入って、全国新酒鑑評会 金賞を７回受賞するなど、今なお高い評価を得ています。 | 高い醸造技術で極上の日本酒を醸す蔵元「福美人」より、おもわずひざ打つ感動の名酒をご提供しております。,2026-09-06
福美人酒造,福美人,純米吟醸,収録,,蔵の公式直売ページでは、旧地名「福神」と「美人のようにふくよかで、やさしく穏やかな味」を目指したことが名の由来と説明される。1917年の創業以来、蔵の主銘柄として続いている。,2026-09-06時点で公式商品ページに現行品として掲載され、純米吟醸、使用米 国産米、精米歩合 60%の設計で展開されている。,現行商品位置づけ,https://www.fukubijin.co.jp/SHOP/1221.html,,,福美人酒造株式会社 [ フクビジン ] 全国の名杜氏を養成した蔵元より、高品質な日本酒をお届けします！ | 創業当初より、酒造りの技術力のたかさから、全国より酒造りを学びに来られたため、そう呼ばれるようになりました。 | 平成に入って、全国新酒鑑評会 金賞を７回受賞するなど、今なお高い評価を得ています。 | 高い醸造技術で極上の日本酒を醸す蔵元「福美人」より、おもわずひざ打つ感動の名酒をご提供しております。,2026-09-06
福美人酒造,福美人,純米酒,収録,,蔵の公式直売ページでは、旧地名「福神」と「美人のようにふくよかで、やさしく穏やかな味」を目指したことが名の由来と説明される。1917年の創業以来、蔵の主銘柄として続いている。,2026-09-06時点で公式商品ページに現行品として掲載され、純米、使用米 国産米、精米歩合 60%の設計で展開されている。,現行商品位置づけ,https://www.fukubijin.co.jp/SHOP/2020.html,,,福美人酒造株式会社 [ フクビジン ] 全国の名杜氏を養成した蔵元より、高品質な日本酒をお届けします！ | 創業当初より、酒造りの技術力のたかさから、全国より酒造りを学びに来られたため、そう呼ばれるようになりました。 | 平成に入って、全国新酒鑑評会 金賞を７回受賞するなど、今なお高い評価を得ています。 | 高い醸造技術で極上の日本酒を醸す蔵元「福美人」より、おもわずひざ打つ感動の名酒をご提供しております。,2026-09-06
福美人酒造,福美人,純金箔入り,収録,,蔵の公式直売ページでは、旧地名「福神」と「美人のようにふくよかで、やさしく穏やかな味」を目指したことが名の由来と説明される。1917年の創業以来、蔵の主銘柄として続いている。,金箔を加えた祝儀・贈答向け商品として福美人の現行ラインに置かれている一本。蔵元ページでは搾りたてを思わせる濃厚で芳醇な旨味を特徴として案内されている。,個別沿革確認,https://www.fukubijin.co.jp/SHOP/3818.html,,,福美人酒造株式会社 [ フクビジン ] 全国の名杜氏を養成した蔵元より、高品質な日本酒をお届けします！ | 創業当初より、酒造りの技術力のたかさから、全国より酒造りを学びに来られたため、そう呼ばれるようになりました。 | 平成に入って、全国新酒鑑評会 金賞を７回受賞するなど、今なお高い評価を得ています。 | 高い醸造技術で極上の日本酒を醸す蔵元「福美人」より、おもわずひざ打つ感動の名酒をご提供しております。,2026-09-06
福美人酒造,福美人,蔵内限定 甘い口どけ豊醇原酒,収録,,蔵の公式直売ページでは、旧地名「福神」と「美人のようにふくよかで、やさしく穏やかな味」を目指したことが名の由来と説明される。1917年の創業以来、蔵の主銘柄として続いている。,限定商品として展開される。原酒という仕立てで通常品と区別される。2026-09-06時点で公式商品ページに現行品として掲載され、精米歩合 70%の設計で展開されている。,現行商品位置づけ,https://www.fukubijin.co.jp/SHOP/2203.html,,,福美人酒造株式会社 [ フクビジン ] 全国の名杜氏を養成した蔵元より、高品質な日本酒をお届けします！ | 創業当初より、酒造りの技術力のたかさから、全国より酒造りを学びに来られたため、そう呼ばれるようになりました。 | 平成に入って、全国新酒鑑評会 金賞を７回受賞するなど、今なお高い評価を得ています。 | 高い醸造技術で極上の日本酒を醸す蔵元「福美人」より、おもわずひざ打つ感動の名酒をご提供しております。,2026-09-06
西條鶴醸造,西條鶴,吟醸酒「ゴールド西條鶴」,収録,,1904（明治37）年の創業時、伊野本市松が地名「西條」と、めでたい象徴である「鶴」を合わせて命名。創業から現在まで蔵の主銘柄として継承されている。,西條鶴の吟醸酒定番として展開され、公式商品ページではモンドセレクション連続金賞の実績を掲げる。国際品評会での評価を商品名「ゴールド」とともに訴求してきた商品である。,個別沿革確認,https://saijotsuru.co.jp/?pid=157617449,,,モンドセレクション連続金賞!! とーっても飲みやすくてクセのないスッキリとしたお酒です。,2026-09-06
西條鶴醸造,西條鶴,広島流辛口吟醸 吟醸生酒,収録,,1904（明治37）年の創業時、伊野本市松が地名「西條」と、めでたい象徴である「鶴」を合わせて命名。創業から現在まで蔵の主銘柄として継承されている。,生酒という仕立てで通常品と区別される。2026-09-06時点で公式商品ページに現行品として掲載され、吟醸の設計で展開されている。,現行商品位置づけ,https://saijotsuru.co.jp/?pid=178569049,,,東広島造賀産酒米を100％使用!!さわやかな香りとキレの良い酸が調和した 旨味の芳醇辛口です!!,2026-09-06
西條鶴醸造,西條鶴,新・生酛純米原酒「Natural」,収録,,1904（明治37）年の創業時、伊野本市松が地名「西條」と、めでたい象徴である「鶴」を合わせて命名。創業から現在まで蔵の主銘柄として継承されている。,原酒・生酛という仕立てで通常品と区別される。2026-09-06時点で公式商品ページに現行品として掲載され、純米の設計で展開されている。,現行商品位置づけ,https://saijotsuru.co.jp/?pid=168115135,,,2022年『純米原酒プレミアム13・Natural』は広島工業大学様と熊本県酒造研究所（香露）様が共同研究され生まれた熊本酵母を使い小さな仕込みで新しい生酛造りにチャレンジ。生酛・熊本酵母の力強さ＋熊本酵母の『和』を感じる爽やかで上品な香り、深みある味わいと乳酸菌のナチュラルでキレのある酸が食事に寄り添います。飲み飽きせず、ゆっくり飲み続けられる純米原酒13に仕上がりました。Only Oneの希有な西條鶴を楽しみください。,2026-09-06
西條鶴醸造,西條鶴,純米『愛山』70,収録,,1904（明治37）年の創業時、伊野本市松が地名「西條」と、めでたい象徴である「鶴」を合わせて命名。創業から現在まで蔵の主銘柄として継承されている。,兵庫県産愛山を70%精米で生かす純米酒として季節展開され、2026年は4月1日に蔵元から販売案内された。高精白ではなく酒米の個性を残す設計を前面に出した現行商品である。,個別沿革確認,https://saijotsuru.co.jp/?pid=191215726,,,"酒米のダイヤモンド""愛山（あいやま）""で醸す特別限定品。愛山の優しい旨味とキレが楽しめる純米酒です。",2026-09-06
西條鶴醸造,西條鶴,純米にごり酒（微発泡タイプ生酒）,収録,,1904（明治37）年の創業時、伊野本市松が地名「西條」と、めでたい象徴である「鶴」を合わせて命名。創業から現在まで蔵の主銘柄として継承されている。,生酒・にごりという仕立てで通常品と区別される。2026-09-06時点で公式商品ページに現行品として掲載され、純米の設計で展開されている。,現行商品位置づけ,https://saijotsuru.co.jp/?pid=155394785,,,"この商品（【季節限定酒】純米にごり酒（微発泡タイプ生酒））は20歳未満の方には販売できません。 | [ はい ] [ いいえ ] Copyright © Saijotsuru Sake Brewing Co., Ltd. All rights reserved. こちらの商品が カートに入りました 【季節限定酒】純米にごり酒（微発泡タイプ生酒） かごの中身を見る または、今すぐ購入 ショッピングを続ける ショッピングを続ける Amazon Payで決済中です。",2026-09-06
西條鶴醸造,西條鶴,純米吟醸「大地の冠」,収録,,1904（明治37）年の創業時、伊野本市松が地名「西條」と、めでたい象徴である「鶴」を合わせて命名。創業から現在まで蔵の主銘柄として継承されている。,西條鶴の「大地」を冠する純米吟醸として現行商品群を構成する一本。公式商品ページでは、酸味と辛さをやわらかくまとめた上品な酒質を掲げ、純米酒「大地の風」より上位の吟醸設計として展開されている。,個別沿革確認,https://saijotsuru.co.jp/?pid=157617368,,,酸味と辛さがやわらかく、とても上品な深みのあるスッキリしたお酒です。,2026-09-06
西條鶴醸造,西條鶴,純米吟醸「雄町・秋あがり」,収録,,1904（明治37）年の創業時、伊野本市松が地名「西條」と、めでたい象徴である「鶴」を合わせて命名。創業から現在まで蔵の主銘柄として継承されている。,雄町を使う秋限定の純米吟醸として継続展開され、2026年は8月31日に蔵元から販売案内された。ひと夏を越してまとまった酒質を「秋あがり」として出す季節商品の位置づけを持つ。,個別沿革確認,https://saijotsuru.co.jp/?pid=154356132,,,"この商品（【数量限定】純米吟醸「雄町・秋あがり」）は20歳未満の方には販売できません。 | [ はい ] [ いいえ ] Copyright © Saijotsuru Sake Brewing Co., Ltd. All rights reserved. こちらの商品が カートに入りました 【数量限定】純米吟醸「雄町・秋あがり」 かごの中身を見る または、今すぐ購入 ショッピングを続ける ショッピングを続ける Amazon Payで決済中です。",2026-09-06
西條鶴醸造,西條鶴,純米大吟醸「西鶴」,収録,,1904（明治37）年の創業時、伊野本市松が地名「西條」と、めでたい象徴である「鶴」を合わせて命名。創業から現在まで蔵の主銘柄として継承されている。,蔵名の「西條鶴」を縮めた「西鶴」を名に持つ純米大吟醸。公式商品ページでは「広島流辛口純米大吟醸」と位置づけ、華やかな香りとキレる酸を両立する上位商品として展開されている。,個別沿革確認,https://saijotsuru.co.jp/?pid=157617273,,,広島流辛口純米大吟醸。 ブドウを想わせる華やかな、キリッとした酸味の中にちょっとした辛さがクセなりそう!?,2026-09-06
西條鶴醸造,西條鶴,純米大吟醸原酒「神髄」,収録,,1904（明治37）年の創業時、伊野本市松が地名「西條」と、めでたい象徴である「鶴」を合わせて命名。創業から現在まで蔵の主銘柄として継承されている。,西條鶴が「全てを凝縮した一本」と位置づける代表的な純米大吟醸原酒。モンドセレクションで1999年から25年連続金賞以上を受賞し、2023年には25年間の品質維持に対するプレステージトロフィーを受賞した。,個別沿革確認,https://saijotsuru.co.jp/?pid=180817561,,,ご好評いただいております『純米大吟醸原酒『神髄』に酒蔵限定販売で500mlが加わりました。西條鶴のすべてを凝縮した一本、純米大吟醸原酒『神髄』。東広島・造賀産山田錦を中心とした広島県産米を贅沢に磨き、宮地杜氏の技を駆史し、 寒中に手造りで醸され香り、旨味、酸味が調和し一杯で日本酒の醍醐味を味わえる逸品です。華やかな上立ち香と口に含んだときのきれいな果物のような甘味、飲み込んだ後口は、きれいに切れていきながらも長く続く余韻、西條鶴のフラッグシップ、広島を代表する純米大吟醸原酒。,2026-09-06
西條鶴醸造,西條鶴,純米大吟醸原酒「飛天空」,収録,,1904（明治37）年の創業時、伊野本市松が地名「西條」と、めでたい象徴である「鶴」を合わせて命名。創業から現在まで蔵の主銘柄として継承されている。,原酒という仕立てで通常品と区別される。2026-09-06時点で公式商品ページに現行品として掲載され、純米大吟醸の設計で展開されている。,現行商品位置づけ,https://saijotsuru.co.jp/?pid=154356442,,,「西條鶴」最高位の純米大吟醸。 毎年1本のみ仕込を行う全国新酒鑑評会に出品する純米大吟醸原酒の貴重な「中汲み雫酒」。杜氏渾身の逸品。,2026-09-06
西條鶴醸造,西條鶴,純米生原酒,収録,,1904（明治37）年の創業時、伊野本市松が地名「西條」と、めでたい象徴である「鶴」を合わせて命名。創業から現在まで蔵の主銘柄として継承されている。,生原酒・原酒という仕立てで通常品と区別される。2026-09-06時点で公式商品ページに現行品として掲載され、純米の設計で展開されている。,現行商品位置づけ,https://saijotsuru.co.jp/?pid=154356753,,,しぼった後に水も加えず火入れをしないでそのまま瓶詰め… みずみずしい香り、さわやかな味のふくらみがgood!!スッキリ甘みなお酒です。,2026-09-06
西條鶴醸造,西條鶴,純米酒「大地の風」,収録,,1904（明治37）年の創業時、伊野本市松が地名「西條」と、めでたい象徴である「鶴」を合わせて命名。創業から現在まで蔵の主銘柄として継承されている。,西條鶴の「大地」を冠する純米酒として現行ラインを構成し、冷酒から熱燗まで季節をまたいで楽しむ食中酒として設計されている。純米吟醸「大地の冠」と対になる商品群の一つである。,個別沿革確認,https://saijotsuru.co.jp/?pid=157617524,,,香りが柔らかで、キリッとした酸味が広がる口当たり。辛さもしっかりしていてスッキリ。 夏は冷やで、冬は熱燗で楽しめます。,2026-09-06
西條鶴醸造,西條鶴,辛口純米酒『きんさいや』,収録,,1904（明治37）年の創業時、伊野本市松が地名「西條」と、めでたい象徴である「鶴」を合わせて命名。創業から現在まで蔵の主銘柄として継承されている。,商品名の「きんさいや」は広島弁の「いらっしゃい」に由来。広島各地の郷土料理と楽しめる酒を目標に設計され、地域の食文化との結び付きを商品名と酒質の両方に持たせた純米酒である。,個別沿革確認,https://saijotsuru.co.jp/?pid=189850838,,,『きんさいや』とは広島弁で『いらっしゃい』という意味です。広島のそれぞれの地域料理と楽しんでいただけるお酒を目指し、仕上げました。,2026-09-06
西條鶴醸造,西條鶴,酒蔵限定酒・杜氏入魂無濾過純米生酒,収録,,1904（明治37）年の創業時、伊野本市松が地名「西條」と、めでたい象徴である「鶴」を合わせて命名。創業から現在まで蔵の主銘柄として継承されている。,蔵元限定で展開される。生酒という仕立てで通常品と区別される。2026-09-06時点で公式商品ページに現行品として掲載され、純米の設計で展開されている。,現行商品位置づけ,https://saijotsuru.co.jp/?pid=154356283,,,"この商品（酒蔵限定酒・杜氏入魂無濾過純米生酒）は20歳未満の方には販売できません。 | [ はい ] [ いいえ ] Copyright © Saijotsuru Sake Brewing Co., Ltd. All rights reserved. こちらの商品が カートに入りました 酒蔵限定酒・杜氏入魂無濾過純米生酒 かごの中身を見る または、今すぐ購入 ショッピングを続ける ショッピングを続ける Amazon Payで決済中です。",2026-09-06
西條鶴醸造,西條鶴,酒蔵限定酒・無濾過純米吟醸生酒,収録,,1904（明治37）年の創業時、伊野本市松が地名「西條」と、めでたい象徴である「鶴」を合わせて命名。創業から現在まで蔵の主銘柄として継承されている。,蔵元限定で展開される。生酒という仕立てで通常品と区別される。2026-09-06時点で公式商品ページに現行品として掲載され、純米吟醸の設計で展開されている。,現行商品位置づけ,https://saijotsuru.co.jp/?pid=154356266,,,"この商品（酒蔵限定酒・無濾過純米吟醸生酒）は20歳未満の方には販売できません。 | [ はい ] [ いいえ ] Copyright © Saijotsuru Sake Brewing Co., Ltd. All rights reserved. こちらの商品が カートに入りました 酒蔵限定酒・無濾過純米吟醸生酒 かごの中身を見る または、今すぐ購入 ショッピングを続ける ショッピングを続ける Amazon Payで決済中です。",2026-09-06
西條鶴醸造,西條鶴,酒蔵限定酒・無濾過純米生酒,収録,,1904（明治37）年の創業時、伊野本市松が地名「西條」と、めでたい象徴である「鶴」を合わせて命名。創業から現在まで蔵の主銘柄として継承されている。,蔵元限定で展開される。生酒という仕立てで通常品と区別される。2026-09-06時点で公式商品ページに現行品として掲載され、純米の設計で展開されている。,現行商品位置づけ,https://saijotsuru.co.jp/?pid=154356253,,,"この商品（酒蔵限定酒・無濾過純米生酒）は20歳未満の方には販売できません。 | [ はい ] [ いいえ ] Copyright © Saijotsuru Sake Brewing Co., Ltd. All rights reserved. こちらの商品が カートに入りました 酒蔵限定酒・無濾過純米生酒 かごの中身を見る または、今すぐ購入 ショッピングを続ける ショッピングを続ける Amazon Payで決済中です。",2026-09-06
西條鶴醸造,西條鶴,酒蔵限定酒・純米吟醸「備前雄町」,収録,,1904（明治37）年の創業時、伊野本市松が地名「西條」と、めでたい象徴である「鶴」を合わせて命名。創業から現在まで蔵の主銘柄として継承されている。,蔵元限定で展開される。2026-09-06時点で公式商品ページに現行品として掲載され、純米吟醸の設計で展開されている。,現行商品位置づけ,https://saijotsuru.co.jp/?pid=154356303,,,"この商品（酒蔵限定酒・純米吟醸「備前雄町」）は20歳未満の方には販売できません。 | [ はい ] [ いいえ ] Copyright © Saijotsuru Sake Brewing Co., Ltd. All rights reserved. こちらの商品が カートに入りました 酒蔵限定酒・純米吟醸「備前雄町」 かごの中身を見る または、今すぐ購入 ショッピングを続ける ショッピングを続ける Amazon Payで決済中です。",2026-09-06
西條鶴醸造,西條鶴,酒蔵限定酒・純米大吟醸原酒,収録,,1904（明治37）年の創業時、伊野本市松が地名「西條」と、めでたい象徴である「鶴」を合わせて命名。創業から現在まで蔵の主銘柄として継承されている。,蔵元限定で展開される。原酒という仕立てで通常品と区別される。2026-09-06時点で公式商品ページに現行品として掲載され、純米大吟醸の設計で展開されている。,現行商品位置づけ,https://saijotsuru.co.jp/?pid=154356394,,,"この商品（酒蔵限定酒・純米大吟醸原酒）は20歳未満の方には販売できません。 | [ はい ] [ いいえ ] Copyright © Saijotsuru Sake Brewing Co., Ltd. All rights reserved. こちらの商品が カートに入りました 酒蔵限定酒・純米大吟醸原酒 かごの中身を見る または、今すぐ購入 ショッピングを続ける ショッピングを続ける Amazon Payで決済中です。",2026-09-06
賀茂泉酒造,COKUN,COKUN,収録,,赤色発色酵母の自然な働きでピンク色に仕上げるアルコール8度の低アルコール系列。COKUNとCOKUN＋が展開され、従来の賀茂泉とは異なる甘酸っぱい入口商品として定着している。,赤色発色酵母の働きで自然なピンク色を生み、アルコール8度の甘酸っぱい低アルコール酒として展開されてきた現代的商品。COKUN＋を含む系列も流通し、通常の純米酒とは異なる入口商品を担っている。,個別沿革確認,https://www.kamoizumi.co.jp/sake/index.php,,,HOME > 酒 酒 カテゴリー： 純米大吟醸 純米吟醸酒 純米酒 梅酒・低アルコール酒 純米大吟醸 「壽」 純米大吟醸 賀茂泉の醸造技術の極み。 | 最上級の酒造好適米を限界まで精米し、低温でゆっくりと発酵させ、全く圧力をかけず搾った、杜氏の経験と技の結晶です。 | 使用米：山田錦100%(広島県東広島市造賀地区産米100%) 精米歩合：40% アルコ―ル度数：16度 オンラインショップ 「延寿」 純米大吟醸 清らかな酒都・西条の伏流水と広島杜氏伝承の技で醸した純米大吟醸酒,2026-09-06
賀茂泉酒造,ROCK HOPPER,Rock Hopper Moon Walk,収録,,イワトビペンギンをモチーフにした季節酒シリーズ。純米吟醸生原酒の夏酒として展開され、2026年には秋限定ひやおろし「Moon Walk」を新発売して、夏から秋へシリーズを拡張した。,夏酒「RockHopper」から派生した初の秋限定ひやおろしとして、2026年8月26日に発表され9月2日に新発売。季節シリーズを夏から秋へ拡張した商品である。,個別沿革確認,https://online.kamoizumi.com/?pid=193198460,,,本仕込賀茂泉の直営オンラインショップ,2026-09-06
賀茂泉酒造,ROCK HOPPER,純米吟醸生原酒 ROCK HOPPER,収録,,イワトビペンギンをモチーフにした季節酒シリーズ。純米吟醸生原酒の夏酒として展開され、2026年には秋限定ひやおろし「Moon Walk」を新発売して、夏から秋へシリーズを拡張した。,イワトビペンギンをモチーフにした夏季の純米吟醸生原酒として展開され、2026年は4月7日に蔵出荷。2026年秋には派生商品Moon Walkが加わり、季節シリーズの起点となった。,個別沿革確認,https://www.kamoizumi.co.jp/sake/index.php,,,HOME > 酒 酒 カテゴリー： 純米大吟醸 純米吟醸酒 純米酒 梅酒・低アルコール酒 純米大吟醸 「壽」 純米大吟醸 賀茂泉の醸造技術の極み。 | 最上級の酒造好適米を限界まで精米し、低温でゆっくりと発酵させ、全く圧力をかけず搾った、杜氏の経験と技の結晶です。 | 使用米：山田錦100%(広島県東広島市造賀地区産米100%) 精米歩合：40% アルコ―ル度数：16度 オンラインショップ 「延寿」 純米大吟醸 清らかな酒都・西条の伏流水と広島杜氏伝承の技で醸した純米大吟醸酒,2026-09-06
賀茂泉酒造,賀茂泉,NAO,除外,コラボ・外部タイアップ商品,1912年の創業時、地名「賀茂」と、蔵所有の山林にある名水「茗荷清水」の「泉」を合わせて命名。1965年頃から純米醸造へ回帰し、1972年の「本仕込賀茂泉」発売以降、純米酒の看板銘柄として定着した。,2026-09-06時点で現行の流通・商品ページに現行品として掲載され、使用米 国産米100%の設計で展開されている。,現行商品位置づけ,https://online.kamoizumi.com/?pid=151187707,,,"度数8度の甘酸っぱいお酒は天然の発色酵母により綺麗なピンク色をしています。 | 3,960円(税込) 青泉 本仕込 生酒 720ml フレッシュ弾ける、みずみずしさ全開の純米生酒です。 | 1,815円(税込) 青泉 本仕込 生酒 300ml フレッシュ弾ける、みずみずしさ全開の純米生酒です。",2026-09-06
賀茂泉酒造,賀茂泉,山吹色の酒,収録,,1912年の創業時、地名「賀茂」と、蔵所有の山林にある名水「茗荷清水」の「泉」を合わせて命名。1965年頃から純米醸造へ回帰し、1972年の「本仕込賀茂泉」発売以降、純米酒の看板銘柄として定着した。,純米吟醸を土蔵で2〜3年常温熟成させ、活性炭ろ過を行わず日本酒本来の山吹色を残す長期熟成酒。賀茂泉が純米・無炭素ろ過へ回帰した流れを、熟成という形で表現してきた商品である。,個別沿革確認,https://www.kamoizumi.co.jp/sake/index.php,,,HOME > 酒 酒 カテゴリー： 純米大吟醸 純米吟醸酒 純米酒 梅酒・低アルコール酒 純米大吟醸 「壽」 純米大吟醸 賀茂泉の醸造技術の極み。 | 最上級の酒造好適米を限界まで精米し、低温でゆっくりと発酵させ、全く圧力をかけず搾った、杜氏の経験と技の結晶です。 | 使用米：山田錦100%(広島県東広島市造賀地区産米100%) 精米歩合：40% アルコ―ル度数：16度 オンラインショップ 「延寿」 純米大吟醸 清らかな酒都・西条の伏流水と広島杜氏伝承の技で醸した純米大吟醸酒,2026-09-06
賀茂泉酒造,賀茂泉,延寿,収録,,1912年の創業時、地名「賀茂」と、蔵所有の山林にある名水「茗荷清水」の「泉」を合わせて命名。1965年頃から純米醸造へ回帰し、1972年の「本仕込賀茂泉」発売以降、純米酒の看板銘柄として定着した。,2026-09-06時点で公式商品ページに現行品として掲載され、純米大吟醸、使用米 広島県産山田錦100%、精米歩合 50%の設計で展開されている。,現行商品位置づけ,https://www.kamoizumi.co.jp/sake/index.php,,,HOME > 酒 酒 カテゴリー： 純米大吟醸 純米吟醸酒 純米酒 梅酒・低アルコール酒 純米大吟醸 「壽」 純米大吟醸 賀茂泉の醸造技術の極み。 | 最上級の酒造好適米を限界まで精米し、低温でゆっくりと発酵させ、全く圧力をかけず搾った、杜氏の経験と技の結晶です。 | 使用米：山田錦100%(広島県東広島市造賀地区産米100%) 精米歩合：40% アルコ―ル度数：16度 オンラインショップ 「延寿」 純米大吟醸 清らかな酒都・西条の伏流水と広島杜氏伝承の技で醸した純米大吟醸酒,2026-09-06
賀茂泉酒造,賀茂泉,朱泉普通酒,収録,,1912年の創業時、地名「賀茂」と、蔵所有の山林にある名水「茗荷清水」の「泉」を合わせて命名。1965年頃から純米醸造へ回帰し、1972年の「本仕込賀茂泉」発売以降、純米酒の看板銘柄として定着した。,2026-09-06時点で現行の流通・商品ページに現行品として掲載され、普通酒・上撰、使用米 広島八反・酒造用米(国産米100%)、精米歩合 75%の設計で展開されている。,現行商品位置づけ,https://online.kamoizumi.com/?pid=188378827,,,スローフードジャパン燗酒コンテスト2012「お値打ちぬる燗」部門にて金賞を受賞しました！ | 使用米：広島八反・酒造用米(国産米100%) alc度数：15度 辛口 精米歩合：75% アルコール度数：15.0〜15.9度 日本酒度：+1.5 酸度：1.4 使用酵母：協会701号 やや辛口 購入数 本 カートに入れる 返品について | 特定商取引法に基づく表記 おすすめ商品 Rock Hopper Moon Walk 720ml イワトビペンギンが目印のひやおろし原酒です。 |,2026-09-06
賀茂泉酒造,賀茂泉,朱泉本仕込,収録,,1912年の創業時、地名「賀茂」と、蔵所有の山林にある名水「茗荷清水」の「泉」を合わせて命名。1965年頃から純米醸造へ回帰し、1972年の「本仕込賀茂泉」発売以降、純米酒の看板銘柄として定着した。,賀茂泉は1965年頃から純米醸造の復活に取り組み、1972年に「本仕込賀茂泉」を発売。現行の朱泉本仕込は蔵が「賀茂泉を代表するお酒」と明記し、本仕込・純米醸造の歴史を現在へ伝える中心商品である。,個別沿革確認,https://www.kamoizumi.co.jp/sake/index.php,,,HOME > 酒 酒 カテゴリー： 純米大吟醸 純米吟醸酒 純米酒 梅酒・低アルコール酒 純米大吟醸 「壽」 純米大吟醸 賀茂泉の醸造技術の極み。 | 最上級の酒造好適米を限界まで精米し、低温でゆっくりと発酵させ、全く圧力をかけず搾った、杜氏の経験と技の結晶です。 | 使用米：山田錦100%(広島県東広島市造賀地区産米100%) 精米歩合：40% アルコ―ル度数：16度 オンラインショップ 「延寿」 純米大吟醸 清らかな酒都・西条の伏流水と広島杜氏伝承の技で醸した純米大吟醸酒,2026-09-06
賀茂泉酒造,賀茂泉,次郎丸井水,収録,,1912年の創業時、地名「賀茂」と、蔵所有の山林にある名水「茗荷清水」の「泉」を合わせて命名。1965年頃から純米醸造へ回帰し、1972年の「本仕込賀茂泉」発売以降、純米酒の看板銘柄として定着した。,2026-09-06時点で現行の流通・商品ページに商品単位で掲載され、現行ラインの独立商品として流通している。,現行商品位置づけ,https://online.kamoizumi.com/?pid=188379071,,,"全国燗酒コンテスト2018年お値打ち熱燗部門金賞受賞酒 購入数 本 カートに入れる 返品について | 特定商取引法に基づく表記 おすすめ商品 Rock Hopper Moon Walk 720ml イワトビペンギンが目印のひやおろし原酒です。 | 3,960円(税込) 青泉 本仕込 生酒 720ml フレッシュ弾ける、みずみずしさ全開の純米生酒です。 | 1,815円(税込) 青泉 本仕込 生酒 300ml フレッシュ弾ける、みずみずしさ全開の純米生酒です。",2026-09-06
賀茂泉酒造,賀茂泉,皇寿,収録,,1912年の創業時、地名「賀茂」と、蔵所有の山林にある名水「茗荷清水」の「泉」を合わせて命名。1965年頃から純米醸造へ回帰し、1972年の「本仕込賀茂泉」発売以降、純米酒の看板銘柄として定着した。,2026-09-06時点で公式商品ページに現行品として掲載され、純米大吟醸、使用米 東広島市造賀地区産山田錦100%、精米歩合 40%の設計で展開されている。,現行商品位置づけ,https://www.kamoizumi.co.jp/sake/index.php,,,HOME > 酒 酒 カテゴリー： 純米大吟醸 純米吟醸酒 純米酒 梅酒・低アルコール酒 純米大吟醸 「壽」 純米大吟醸 賀茂泉の醸造技術の極み。 | 最上級の酒造好適米を限界まで精米し、低温でゆっくりと発酵させ、全く圧力をかけず搾った、杜氏の経験と技の結晶です。 | 使用米：山田錦100%(広島県東広島市造賀地区産米100%) 精米歩合：40% アルコ―ル度数：16度 オンラインショップ 「延寿」 純米大吟醸 清らかな酒都・西条の伏流水と広島杜氏伝承の技で醸した純米大吟醸酒,2026-09-06
賀茂泉酒造,賀茂泉,純米及川,除外,コラボ・外部タイアップ商品,1912年の創業時、地名「賀茂」と、蔵所有の山林にある名水「茗荷清水」の「泉」を合わせて命名。1965年頃から純米醸造へ回帰し、1972年の「本仕込賀茂泉」発売以降、純米酒の看板銘柄として定着した。,2026-09-06時点で現行の流通・商品ページに現行品として掲載され、純米、使用米 国産米100%の設計で展開されている。,現行商品位置づけ,https://online.kamoizumi.com/?pid=151187597,,,"3,960円(税込) 青泉 本仕込 生酒 720ml フレッシュ弾ける、みずみずしさ全開の純米生酒です。 | 1,815円(税込) 青泉 本仕込 生酒 300ml フレッシュ弾ける、みずみずしさ全開の純米生酒です。",2026-09-06
賀茂泉酒造,賀茂泉,純米吟醸「古酒」,収録,,1912年の創業時、地名「賀茂」と、蔵所有の山林にある名水「茗荷清水」の「泉」を合わせて命名。1965年頃から純米醸造へ回帰し、1972年の「本仕込賀茂泉」発売以降、純米酒の看板銘柄として定着した。,純米吟醸を熟成させる賀茂泉の古酒ラインとして展開される商品。現行オンラインショップでも「日本酒のフルボディー」と位置づけられ、若い酒とは異なる熟成酒の系譜を担っている。,個別沿革確認,https://online.kamoizumi.com/?pid=188373081,,,"3,960円(税込) 青泉 本仕込 生酒 720ml フレッシュ弾ける、みずみずしさ全開の純米生酒です。 | 1,815円(税込) 青泉 本仕込 生酒 300ml フレッシュ弾ける、みずみずしさ全開の純米生酒です。",2026-09-06
賀茂泉酒造,賀茂泉,純米大吟醸,収録,,1912年の創業時、地名「賀茂」と、蔵所有の山林にある名水「茗荷清水」の「泉」を合わせて命名。1965年頃から純米醸造へ回帰し、1972年の「本仕込賀茂泉」発売以降、純米酒の看板銘柄として定着した。,2026-09-06時点で現行の流通・商品ページに現行品として掲載され、純米大吟醸、使用米 広島県産山田錦100%、精米歩合 50%の設計で展開されている。,現行商品位置づけ,https://online.kamoizumi.com/?pid=188371835,,,"＜西条産地呼称認定酒（西条酒ブランド)＞ 使用米：広島県産山田錦100% 精米歩合：50% アルコール度数：16度 日本酒度：±0.0 酸度：1.7 使用酵母：KA-1 容量：500ml やや辛口 アメリカへも輸出しているお酒です。 | 3,960円(税込) 青泉 本仕込 生酒 720ml フレッシュ弾ける、みずみずしさ全開の純米生酒です。 | 1,815円(税込) 青泉 本仕込 生酒 300ml フレッシュ弾ける、みずみずしさ全開の純米生酒です。",2026-09-06
賀茂泉酒造,賀茂泉,純米大吟醸「壽」,収録,,1912年の創業時、地名「賀茂」と、蔵所有の山林にある名水「茗荷清水」の「泉」を合わせて命名。1965年頃から純米醸造へ回帰し、1972年の「本仕込賀茂泉」発売以降、純米酒の看板銘柄として定着した。,2026-09-06時点で現行の流通・商品ページに現行品として掲載され、純米大吟醸、使用米 東広島市造賀地区産山田錦100%、精米歩合 40%の設計で展開されている。,現行商品位置づけ,https://online.kamoizumi.com/?pid=141742792,,,本仕込賀茂泉の直営オンラインショップ,2026-09-06
賀茂泉酒造,賀茂泉,純米大吟醸｢広大｣,除外,コラボ・外部タイアップ商品,1912年の創業時、地名「賀茂」と、蔵所有の山林にある名水「茗荷清水」の「泉」を合わせて命名。1965年頃から純米醸造へ回帰し、1972年の「本仕込賀茂泉」発売以降、純米酒の看板銘柄として定着した。,2026-09-06時点で現行の流通・商品ページに現行品として掲載され、純米大吟醸、使用米 広島県産山田錦100%、精米歩合 50%の設計で展開されている。,現行商品位置づけ,https://online.kamoizumi.com/?pid=188371751,,,"蔵元より北へ約6kmにある圃場で栽培された酒米『山田錦』を清らかな酒都･西条の伏流水と広島杜氏伝承の技で醸しました。 | 使用米：広島県産山田錦100% 精米歩合：50% アルコール度数：16度 日本酒度：+3.0 酸度：1.5 使用酵母：KA-1 容量：720ml 辛口 購入数 本 カートに入れる 返品について | 特定商取引法に基づく表記 おすすめ商品 Rock Hopper Moon Walk 720ml イワトビペンギンが目印のひやおろし原酒です。 | 3,960円(",2026-09-06
賀茂泉酒造,賀茂泉,純米酒 一 (はじめ),収録,,1912年の創業時、地名「賀茂」と、蔵所有の山林にある名水「茗荷清水」の「泉」を合わせて命名。1965年頃から純米醸造へ回帰し、1972年の「本仕込賀茂泉」発売以降、純米酒の看板銘柄として定着した。,2026-09-06時点で現行の流通・商品ページに現行品として掲載され、純米、使用米 酒造用米（国産米100%）、精米歩合 75%の設計で展開されている。,現行商品位置づけ,https://online.kamoizumi.com/?pid=188377558,,,本仕込賀茂泉の直営オンラインショップ,2026-09-06
賀茂泉酒造,賀茂泉,純米酒｢広大｣,除外,コラボ・外部タイアップ商品,1912年の創業時、地名「賀茂」と、蔵所有の山林にある名水「茗荷清水」の「泉」を合わせて命名。1965年頃から純米醸造へ回帰し、1972年の「本仕込賀茂泉」発売以降、純米酒の看板銘柄として定着した。,2026-09-06時点で現行の流通・商品ページに現行品として掲載され、純米の設計で展開されている。,現行商品位置づけ,https://online.kamoizumi.com/?pid=188370634,,,本仕込賀茂泉の直営オンラインショップ,2026-09-06
賀茂泉酒造,賀茂泉,緑泉普通酒,収録,,1912年の創業時、地名「賀茂」と、蔵所有の山林にある名水「茗荷清水」の「泉」を合わせて命名。1965年頃から純米醸造へ回帰し、1972年の「本仕込賀茂泉」発売以降、純米酒の看板銘柄として定着した。,2026-09-06時点で現行の流通・商品ページに現行品として掲載され、普通酒・上撰、使用米 広島八反・酒造用米(国産米100%)、精米歩合 75%の設計で展開されている。,現行商品位置づけ,https://online.kamoizumi.com/?pid=188379527,,,"使用米：広島八反・酒造用米(国産米100%) 精米歩合：75% アルコール度数：15.0〜15.9度 日本酒度：+0.5 酸度：1.4 使用酵母：協会701号 やや辛口 購入数 本 カートに入れる 返品について | 特定商取引法に基づく表記 おすすめ商品 Rock Hopper Moon Walk 720ml イワトビペンギンが目印のひやおろし原酒です。 | 3,960円(税込) 青泉 本仕込 生酒 720ml フレッシュ弾ける、みずみずしさ全開の純米生酒です。 | 1,81",2026-09-06
賀茂泉酒造,賀茂泉,緑泉本仕込,収録,,1912年の創業時、地名「賀茂」と、蔵所有の山林にある名水「茗荷清水」の「泉」を合わせて命名。1965年頃から純米醸造へ回帰し、1972年の「本仕込賀茂泉」発売以降、純米酒の看板銘柄として定着した。,2026-09-06時点で公式商品ページに現行品として掲載され、使用米 広島八反・新千本(国産米100%)、精米歩合 60%の設計で展開されている。,現行商品位置づけ,https://www.kamoizumi.co.jp/sake/index.php,,,HOME > 酒 酒 カテゴリー： 純米大吟醸 純米吟醸酒 純米酒 梅酒・低アルコール酒 純米大吟醸 「壽」 純米大吟醸 賀茂泉の醸造技術の極み。 | 最上級の酒造好適米を限界まで精米し、低温でゆっくりと発酵させ、全く圧力をかけず搾った、杜氏の経験と技の結晶です。 | 使用米：山田錦100%(広島県東広島市造賀地区産米100%) 精米歩合：40% アルコ―ル度数：16度 オンラインショップ 「延寿」 純米大吟醸 清らかな酒都・西条の伏流水と広島杜氏伝承の技で醸した純米大吟醸酒,2026-09-06
賀茂泉酒造,賀茂泉,蔵元限定 山田錦 純米吟醸生酒,収録,,1912年の創業時、地名「賀茂」と、蔵所有の山林にある名水「茗荷清水」の「泉」を合わせて命名。1965年頃から純米醸造へ回帰し、1972年の「本仕込賀茂泉」発売以降、純米酒の看板銘柄として定着した。,限定商品として展開される。生酒という仕立てで通常品と区別される。2026-09-06時点で公式商品ページに現行品として掲載され、純米吟醸の設計で展開されている。,現行商品位置づけ,https://kamoizumi.co.jp/syusenkan/s_detail.php?id=510,,,梅酒をかけて食べるかき氷と 優しい味わいの和三盆かき氷 賀茂泉のお酒に使用する≪仕込み水≫を 己斐製氷さんというプロの氷屋さんに ブロック氷にしてもらい作る 酒蔵ならではのかき氷です。 | 瓶売り/杯売り （８／７現在有り） ※旬のお酒情報→ ①蔵元限定 山田錦（純米吟醸生酒） 賀茂泉店頭+酒泉館のみで販売中の 蔵元限定酒。 | ②青泉 本仕込 生酒（純米酒） 夏のこの時期に飲みたくなる すっきりとした味わいの純米酒。,2026-09-06
賀茂泉酒造,賀茂泉,造賀純米生酒,収録,,1912年の創業時、地名「賀茂」と、蔵所有の山林にある名水「茗荷清水」の「泉」を合わせて命名。1965年頃から純米醸造へ回帰し、1972年の「本仕込賀茂泉」発売以降、純米酒の看板銘柄として定着した。,生酒という仕立てで通常品と区別される。2026-09-06時点で公式商品ページに現行品として掲載され、純米、使用米 東広島市造賀地区産山田錦100%、精米歩合 70%の設計で展開されている。,現行商品位置づけ,https://www.kamoizumi.co.jp/sake/index.php,,,HOME > 酒 酒 カテゴリー： 純米大吟醸 純米吟醸酒 純米酒 梅酒・低アルコール酒 純米大吟醸 「壽」 純米大吟醸 賀茂泉の醸造技術の極み。 | 最上級の酒造好適米を限界まで精米し、低温でゆっくりと発酵させ、全く圧力をかけず搾った、杜氏の経験と技の結晶です。 | 使用米：山田錦100%(広島県東広島市造賀地区産米100%) 精米歩合：40% アルコ―ル度数：16度 オンラインショップ 「延寿」 純米大吟醸 清らかな酒都・西条の伏流水と広島杜氏伝承の技で醸した純米大吟醸酒,2026-09-06
賀茂泉酒造,賀茂泉,造賀純米酒,収録,,1912年の創業時、地名「賀茂」と、蔵所有の山林にある名水「茗荷清水」の「泉」を合わせて命名。1965年頃から純米醸造へ回帰し、1972年の「本仕込賀茂泉」発売以降、純米酒の看板銘柄として定着した。,2026-09-06時点で現行の流通・商品ページに現行品として掲載され、純米、使用米 東広島市造賀地区産山田錦100%の設計で展開されている。,現行商品位置づけ,https://online.kamoizumi.com/?pid=188377419,,,本仕込賀茂泉の直営オンラインショップ,2026-09-06
賀茂泉酒造,賀茂泉,造賀純米酒 ひやおろし,収録,,1912年の創業時、地名「賀茂」と、蔵所有の山林にある名水「茗荷清水」の「泉」を合わせて命名。1965年頃から純米醸造へ回帰し、1972年の「本仕込賀茂泉」発売以降、純米酒の看板銘柄として定着した。,季節商品として展開される。ひやおろしという仕立てで通常品と区別される。2026-09-06時点で公式商品ページに現行品として掲載され、純米、使用米 東広島造賀地区産山田錦100%、精米歩合 70%の設計で展開されている。,現行商品位置づけ,https://www.kamoizumi.co.jp/sake/index.php,,,HOME > 酒 酒 カテゴリー： 純米大吟醸 純米吟醸酒 純米酒 梅酒・低アルコール酒 純米大吟醸 「壽」 純米大吟醸 賀茂泉の醸造技術の極み。 | 最上級の酒造好適米を限界まで精米し、低温でゆっくりと発酵させ、全く圧力をかけず搾った、杜氏の経験と技の結晶です。 | 使用米：山田錦100%(広島県東広島市造賀地区産米100%) 精米歩合：40% アルコ―ル度数：16度 オンラインショップ 「延寿」 純米大吟醸 清らかな酒都・西条の伏流水と広島杜氏伝承の技で醸した純米大吟醸酒,2026-09-06
賀茂泉酒造,賀茂泉,青泉 本仕込 生酒,収録,,1912年の創業時、地名「賀茂」と、蔵所有の山林にある名水「茗荷清水」の「泉」を合わせて命名。1965年頃から純米醸造へ回帰し、1972年の「本仕込賀茂泉」発売以降、純米酒の看板銘柄として定着した。,生酒という仕立てで通常品と区別される。2026-09-06時点で現行の流通・商品ページに現行品として掲載され、純米の設計で展開されている。,現行商品位置づけ,https://online.kamoizumi.com/?pid=191995192,,,この商品（青泉 本仕込 生酒 720ml）は20歳未満の方には販売できません。,2026-09-06
賀茂泉酒造,賀茂泉,青泉純米吟醸生酒,収録,,1912年の創業時、地名「賀茂」と、蔵所有の山林にある名水「茗荷清水」の「泉」を合わせて命名。1965年頃から純米醸造へ回帰し、1972年の「本仕込賀茂泉」発売以降、純米酒の看板銘柄として定着した。,生酒という仕立てで通常品と区別される。2026-09-06時点で公式商品ページに現行品として掲載され、純米吟醸、使用米 山田錦100％(東広島市造賀地区産米100％)、精米歩合 60%の設計で展開されている。,現行商品位置づけ,https://www.kamoizumi.co.jp/sake/index.php,,,HOME > 酒 酒 カテゴリー： 純米大吟醸 純米吟醸酒 純米酒 梅酒・低アルコール酒 純米大吟醸 「壽」 純米大吟醸 賀茂泉の醸造技術の極み。 | 最上級の酒造好適米を限界まで精米し、低温でゆっくりと発酵させ、全く圧力をかけず搾った、杜氏の経験と技の結晶です。 | 使用米：山田錦100%(広島県東広島市造賀地区産米100%) 精米歩合：40% アルコ―ル度数：16度 オンラインショップ 「延寿」 純米大吟醸 清らかな酒都・西条の伏流水と広島杜氏伝承の技で醸した純米大吟醸酒,2026-09-06
賀茂鶴酒造,賀茂鶴,2026蔵開き限定 純米大吟醸 山田錦 精米歩合38%,収録,,1873（明治6）年9月9日に命名。「賀茂」は地名と「醸す」に通じ、「鶴」は気高い瑞鳥を表し、品質日本一を目指す志を込めた。創業時から続く蔵の中核銘柄である。,2026年の賀茂鶴蔵開きに合わせて展開された年次限定の純米大吟醸。山田錦を38%まで磨く蔵開き企画酒として、通常定番とは別に現行ラインへ加わった。,個別沿革確認,https://shop.kamotsuru.jp/SHOP/2026kurabiraki_6600hukubako.html,,,"数量: セット 在庫: 品切れ 在庫 品切れ 返品についての詳細はこちら 期間限定 【2026年4月20日（月）出荷開始】限定30セット! 【賀茂鶴メンバーズ会員限定】2026年蔵開き 6,600円福箱 2026年の「蔵開き」に合わせ、今年も期間限定、賀茂鶴メンバーズ会員限定の特製「福箱」をオンラインストアで販売します！ | 蔵開き限定酒の純米大吟醸と季節限定酒の2本セットです。 | 【セット内容】 ・蔵開き限定 純米大吟醸 山田錦 精米歩合38% 720ML ・純米しぼりた",2026-09-06
賀茂鶴酒造,賀茂鶴,UNDER 30 純米酒,収録,,1873（明治6）年9月9日に命名。「賀茂」は地名と「醸す」に通じ、「鶴」は気高い瑞鳥を表し、品質日本一を目指す志を込めた。創業時から続く蔵の中核銘柄である。,限定商品として展開される。ワイン酵母を用いる。日本酒に慣れていない層も意識した新しい設計の商品である。2026-09-06時点で公式商品ページに現行品として掲載され、純米の設計で展開されている。,現行商品位置づけ,https://shop.kamotsuru.jp/SHOP/under30junmai-shu720ml.html,,,他の商品も一緒にご注文の場合、この商品に合わせて出荷します。 | 数量: 本 在庫: 品切れ 在庫 品切れ 返品についての詳細はこちら ワイン酵母で醸した、新しい日本酒 2024年までは300mlでの提供でしたが、2025年より720mlで販売いたします。 | 広島県産の酒造好適米を使い、ワイン酵母で醸した新感覚の純米酒。 | 商品企画は20～30代の若手社員が中心 「UNDER30」は、2020年に開催された部署横断型プロジェクト「賀茂鶴チャレンジカップ」から生まれた商品で,2026-09-06
賀茂鶴酒造,賀茂鶴,上撰パック,収録,,1873（明治6）年9月9日に命名。「賀茂」は地名と「醸す」に通じ、「鶴」は気高い瑞鳥を表し、品質日本一を目指す志を込めた。創業時から続く蔵の中核銘柄である。,賀茂鶴の定番上撰を紙パック商品として展開した日常酒。2021年の全国燗酒コンテスト「お値打ちぬる燗部門」で金賞を受賞し、容器の利便性と燗酒適性の両方を持つ定番として継続している。,個別沿革確認,https://shop.kamotsuru.jp/SHOP/jousenpack1800.html,,,全国熱燗コンテスト 金賞受賞 「温めておいしい酒」を周知することによって、「燗」という日本酒ならではの魅力をアピールすることを目的としている「全国熱燗コンテスト」。 | 上撰パックは2021年にお値打ちぬる燗部門で金賞を受賞しています。 | 粒の揃った良質な酒米を使うことができるのは、地元農家の協力があるからこそ。 | また精米においては、1898年(明治31年) には日本初の動力精米機を導入。,2026-09-06
賀茂鶴酒造,賀茂鶴,吟醸辛口,収録,,1873（明治6）年9月9日に命名。「賀茂」は地名と「醸す」に通じ、「鶴」は気高い瑞鳥を表し、品質日本一を目指す志を込めた。創業時から続く蔵の中核銘柄である。,杜氏に受け継がれた伝承技術を商品コンセプトに据えている。2026-09-06時点で公式商品ページに現行品として掲載され、吟醸の設計で展開されている。,現行商品位置づけ,https://shop.kamotsuru.jp/SHOP/LG-A1.html,,,選択してください ご自宅用（包装なし・のしなし） 包装あり・のしなし のし：御祝×蝶結 のし：御祝×結切(婚礼関係) のし：御礼×蝶結 のし：御礼×結切(婚礼関係) のし：御中元 のし：御歳暮 のし：内祝×蝶結 のし：内祝×結切(婚礼関係) のし：御誕生日御祝 のし：新築御祝 のし：還暦御祝 のし：粗品×蝶結 のし：無地×蝶結 のし：無地×結切(婚礼関係) のし：御供×蓮のし(弔事) のし：御供×黄白(弔事) のし：志×蓮のし(弔事) のし：志×黄白(弔事) のし：その他 の,2026-09-06
賀茂鶴酒造,賀茂鶴,大吟醸 吉祥 賀茂鶴,収録,,1873（明治6）年9月9日に命名。「賀茂」は地名と「醸す」に通じ、「鶴」は気高い瑞鳥を表し、品質日本一を目指す志を込めた。創業時から続く蔵の中核銘柄である。,圧力をかけず自然に滴る雫酒を商品化している。2026-09-06時点で公式商品ページに現行品として掲載され、大吟醸の設計で展開されている。,現行商品位置づけ,https://shop.kamotsuru.jp/SHOP/kissho720.html,,,選択してください ご自宅用（包装なし・のしなし） 包装あり・のしなし のし：御祝×蝶結 のし：御祝×結切(婚礼関係) のし：御礼×蝶結 のし：御礼×結切(婚礼関係) のし：御中元 のし：御歳暮 のし：内祝×蝶結 のし：内祝×結切(婚礼関係) のし：御誕生日御祝 のし：新築御祝 のし：還暦御祝 のし：粗品×蝶結 のし：無地×蝶結 のし：無地×結切(婚礼関係) のし：御供×蓮のし(弔事) のし：御供×黄白(弔事) のし：志×蓮のし(弔事) のし：志×黄白(弔事) のし：その他 の,2026-09-06
賀茂鶴酒造,賀茂鶴,大吟醸 吟凛雅,収録,,1873（明治6）年9月9日に命名。「賀茂」は地名と「醸す」に通じ、「鶴」は気高い瑞鳥を表し、品質日本一を目指す志を込めた。創業時から続く蔵の中核銘柄である。,圧力をかけず自然に滴る雫酒を商品化している。2026-09-06時点で公式商品ページに現行品として掲載され、大吟醸の設計で展開されている。,現行商品位置づけ,https://shop.kamotsuru.jp/SHOP/ginringa900.html,,,他の商品も一緒にご注文の場合、この商品に合わせて出荷します。 | 選択してください ご自宅用（包装なし・のしなし） 包装あり・のしなし のし：御祝×蝶結 のし：御祝×結切(婚礼関係) のし：御礼×蝶結 のし：御礼×結切(婚礼関係) のし：御中元 のし：御歳暮 のし：内祝×蝶結 のし：内祝×結切(婚礼関係) のし：御誕生日御祝 のし：新築御祝 のし：還暦御祝 のし：粗品×蝶結 のし：無地×蝶結 のし：無地×結切(婚礼関係) のし：御供×蓮のし(弔事) のし：御供×黄白(弔事) ,2026-09-06
賀茂鶴酒造,賀茂鶴,大吟醸 天凜,収録,,1873（明治6）年9月9日に命名。「賀茂」は地名と「醸す」に通じ、「鶴」は気高い瑞鳥を表し、品質日本一を目指す志を込めた。創業時から続く蔵の中核銘柄である。,圧力をかけず自然に滴る雫酒を商品化している。2026-09-06時点で公式商品ページに現行品として掲載され、大吟醸の設計で展開されている。,現行商品位置づけ,https://shop.kamotsuru.jp/SHOP/tenrin720.html,,,他の商品も一緒にご注文の場合、この商品に合わせて出荷します。 | 選択してください ご自宅用（包装なし・のしなし） 包装あり・のしなし のし：御祝×蝶結 のし：御祝×結切(婚礼関係) のし：御礼×蝶結 のし：御礼×結切(婚礼関係) のし：御中元 のし：御歳暮 のし：内祝×蝶結 のし：内祝×結切(婚礼関係) のし：御誕生日御祝 のし：新築御祝 のし：還暦御祝 のし：粗品×蝶結 のし：無地×蝶結 のし：無地×結切(婚礼関係) のし：御供×蓮のし(弔事) のし：御供×黄白(弔事) ,2026-09-06
賀茂鶴酒造,賀茂鶴,大吟醸 特製ゴールド賀茂鶴,収録,,1873（明治6）年9月9日に命名。「賀茂」は地名と「醸す」に通じ、「鶴」は気高い瑞鳥を表し、品質日本一を目指す志を込めた。創業時から続く蔵の中核銘柄である。,1958年に大吟醸酒の先駆けとして発売。1974年の昭和天皇ご夫妻の金婚式を機に桜の花びら型金箔が考案され、1997年から市販品にも採用された。2014年の日米首脳会食でも供され、長く続く代表商品となっている。,個別沿革確認,https://shop.kamotsuru.jp/SHOP/GK-A2.html,,,選択してください ご自宅用（包装なし・のしなし） 包装あり・のしなし のし：御祝×蝶結 のし：御祝×結切(婚礼関係) のし：御礼×蝶結 のし：御礼×結切(婚礼関係) のし：御中元 のし：御歳暮 のし：内祝×蝶結 のし：内祝×結切(婚礼関係) のし：御誕生日御祝 のし：新築御祝 のし：還暦御祝 のし：粗品×蝶結 のし：無地×蝶結 のし：無地×結切(婚礼関係) のし：御供×蓮のし(弔事) のし：御供×黄白(弔事) のし：志×蓮のし(弔事) のし：志×黄白(弔事) のし：その他 の,2026-09-06
賀茂鶴酒造,賀茂鶴,大吟醸 賀茂鶴 双鶴,収録,,1873（明治6）年9月9日に命名。「賀茂」は地名と「醸す」に通じ、「鶴」は気高い瑞鳥を表し、品質日本一を目指す志を込めた。創業時から続く蔵の中核銘柄である。,2016年のG7広島外相会合ワーキングディナーで乾杯酒として供された大吟醸。現在も賀茂鶴の高級酒ラインを構成する商品として継続している。,個別沿革確認,https://shop.kamotsuru.jp/SHOP/SK-A1.html,,,選択してください ご自宅用（包装なし・のしなし） 包装あり・のしなし のし：御祝×蝶結 のし：御祝×結切(婚礼関係) のし：御礼×蝶結 のし：御礼×結切(婚礼関係) のし：御中元 のし：御歳暮 のし：内祝×蝶結 のし：内祝×結切(婚礼関係) のし：御誕生日御祝 のし：新築御祝 のし：還暦御祝 のし：粗品×蝶結 のし：無地×蝶結 のし：無地×結切(婚礼関係) のし：御供×蓮のし(弔事) のし：御供×黄白(弔事) のし：志×蓮のし(弔事) のし：志×黄白(弔事) のし：その他 の,2026-09-06
賀茂鶴酒造,賀茂鶴,大吟醸 限定搾汁,収録,,1873（明治6）年9月9日に命名。「賀茂」は地名と「醸す」に通じ、「鶴」は気高い瑞鳥を表し、品質日本一を目指す志を込めた。創業時から続く蔵の中核銘柄である。,限定商品として展開される。2026-09-06時点で公式商品ページに現行品として掲載され、大吟醸、使用米 山田錦100%、精米歩合 50%の設計で展開されている。,現行商品位置づけ,https://shop.kamotsuru.jp/SHOP/346519/346484/list.html,,,百貨店でも好評いただいている本数限定販売の大吟醸酒です。 | 華やかな香りと豊かな味わい 伝承の技で醸す本流の酒 杜氏に引き継がれてきた伝承の技で醸す本流の酒。,2026-09-06
賀茂鶴酒造,賀茂鶴,大吟醸原酒 あらばしり,収録,,1873（明治6）年9月9日に命名。「賀茂」は地名と「醸す」に通じ、「鶴」は気高い瑞鳥を表し、品質日本一を目指す志を込めた。創業時から続く蔵の中核銘柄である。,限定商品として展開される。原酒・あらばしりという仕立てで通常品と区別される。2026-09-06時点で公式商品ページに現行品として掲載され、大吟醸の設計で展開されている。,現行商品位置づけ,https://shop.kamotsuru.jp/SHOP/346440/346519/list.html,,,"純米にごり酒720ml 税込1,430円 四季の季節限定酒 日本酒の味わいは、季節とともに日々変化します。 | 賀茂鶴酒造は、3人の杜氏を中心として酒造りに取り組んでいます。 | 賀茂鶴の季節限定酒は、杜氏がそれぞれの想いを込め季節ごとの日本酒の美味しさを表現しています。 | 季節限定｜11月上旬出荷開始 しぼったばかりの フレッシュな香りと味わい 純米酒 しぼりたて 720ml・1.8L 季節限定｜2月上旬出荷開始 しぼったばかりの 若々しい大吟醸 大吟醸原酒 あらばしり ",2026-09-06
賀茂鶴酒造,賀茂鶴,本醸造 からくち,収録,,1873（明治6）年9月9日に命名。「賀茂」は地名と「醸す」に通じ、「鶴」は気高い瑞鳥を表し、品質日本一を目指す志を込めた。創業時から続く蔵の中核銘柄である。,賀茂鶴の本格辛口本醸造として継続販売され、2013年の全国燗酒コンテストで最高金賞を受賞。冷酒だけでなく燗でも評価されてきた定番商品である。,個別沿革確認,https://shop.kamotsuru.jp/SHOP/honkara1800.html,,,数量: 本 在庫: ○ 在庫 ○ 返品についての詳細はこちら 賀茂鶴酒造株式会社法人設立100周年記念キャンペーン「賀茂鶴 Instagram フォトコンテスト」の6月受賞作品 しっかり楽しめる、日本酒の定番サイズ 容器サイズ 1.8L１本化粧箱入 サイズ：115×115×410（ｍｍ） （1.8L瓶サイズ：110×110×400（ｍｍ）） キリッとした本格辛口の味わい 豊醇な香り、きりっとした辛口の本醸造。 | お燗酒のコンテストで最高金賞をいただきました 全国燗酒コンテス,2026-09-06
賀茂鶴酒造,賀茂鶴,本醸造 上等酒,収録,,1873（明治6）年9月9日に命名。「賀茂」は地名と「醸す」に通じ、「鶴」は気高い瑞鳥を表し、品質日本一を目指す志を込めた。創業時から続く蔵の中核銘柄である。,蔵の代表商品として位置づけられる。2026-09-06時点で公式商品ページに現行品として掲載され、本醸造の設計で展開されている。,現行商品位置づけ,https://shop.kamotsuru.jp/SHOP/joutou1800.html,,,数量: 本 在庫: ○ 在庫 ○ 返品についての詳細はこちら 香味のバランスのとれた料理とよく合う伝統の本醸造 冷やでも燗でも楽しんでいただける、食中にオススメのお酒です。 | 国内外の品評会で賞をいただきました 国内外のコンテストで評価をいただき、国内では『全国燗酒コンテスト』お値打ち燗酒 ぬる燗部門で2015年・2018年・2025年、お値打ち燗酒 熱燗部門で2019年・2022年・2024年と計6度金賞を受賞。 | 2019年には海外の『ロンドン酒チャレンジ』本醸造部門,2026-09-06
賀茂鶴酒造,賀茂鶴,本醸造生貯蔵酒 ひやしざけ,収録,,1873（明治6）年9月9日に命名。「賀茂」は地名と「醸す」に通じ、「鶴」は気高い瑞鳥を表し、品質日本一を目指す志を込めた。創業時から続く蔵の中核銘柄である。,限定商品として展開される。2026-09-06時点で公式商品ページに現行品として掲載され、本醸造の設計で展開されている。,現行商品位置づけ,https://shop.kamotsuru.jp/SHOP/hiyashizake720.html,,,数量: 本 在庫: 品切れ 在庫 品切れ 返品についての詳細はこちら 本醸造生貯蔵酒 ひやしざけ 令和八年 夏の季節酒、「ひやしざけ」は6月5日(金)より出荷を開始いたします。 | 仕込み蔵は最新の空調・機械設備を有する「四号蔵」。 | 中須賀杜氏を中心とした四号蔵醸造スタッフが丹念に仕込みました。 | 搾ったお酒は生酒の状態で貯蔵し、出荷前に火入れを一回行う「生貯蔵酒」としてフレッシュさを残したまま、出荷いたします。,2026-09-06
賀茂鶴酒造,賀茂鶴,樽酒,収録,,1873（明治6）年9月9日に命名。「賀茂」は地名と「醸す」に通じ、「鶴」は気高い瑞鳥を表し、品質日本一を目指す志を込めた。創業時から続く蔵の中核銘柄である。,杉樽由来の香りを生かす樽酒として継続販売され、全国燗酒コンテスト特殊ぬる燗部門で2020年金賞、2023年最高金賞を受賞。祝い酒だけでなく燗酒としても評価を積み重ねている。,個別沿革確認,https://shop.kamotsuru.jp/SHOP/taruzake1800.html,,,2020年の『全国燗酒コンテスト』の特殊ぬる燗部門（にごり酒・古酒・樽酒・極甘酒などの種類を45度で審査）で金賞をいただき、2023年の同コンテスト（同部門）で最高金賞をいただきました。 | 歴代の杜氏が醸し続けてきた味を守ることは、ただ同じ味を造り続けることではありません。,2026-09-06
賀茂鶴酒造,賀茂鶴,特別本醸造 蔵出し原酒,収録,,1873（明治6）年9月9日に命名。「賀茂」は地名と「醸す」に通じ、「鶴」は気高い瑞鳥を表し、品質日本一を目指す志を込めた。創業時から続く蔵の中核銘柄である。,蔵元限定で展開される。原酒という仕立てで通常品と区別される。2026-09-06時点で公式商品ページに現行品として掲載され、特別本醸造の設計で展開されている。,現行商品位置づけ,https://shop.kamotsuru.jp/SHOP/kuradashi-genshu720.html,,,数量: 本 在庫: ○ 在庫 ○ 返品についての詳細はこちら 穏やかな香りとまろやかな旨味が特徴の原酒 広島県の豊かな自然に育まれた酒造好適米だけを吟味し、 丹念に磨き、じっくりと伏流水で仕込みました。 | 見学室直売所でしか買えない特別なお酒 ※見学室直売所と賀茂鶴メンバーズ会員様限定販売の商品です。 | 」 実はこれこそ、代々の杜氏から現在の杜氏まで脈々と受け継がれてきた賀茂鶴の酒の本質。 | 各蔵の事務所や会所場（休憩所）に飾されたこの額の存在は、杜氏たちが飽くことなく,2026-09-06
賀茂鶴酒造,賀茂鶴,特別本醸造 超特撰特等酒,収録,,1873（明治6）年9月9日に命名。「賀茂」は地名と「醸す」に通じ、「鶴」は気高い瑞鳥を表し、品質日本一を目指す志を込めた。創業時から続く蔵の中核銘柄である。,賀茂鶴本流の特別本醸造として長く展開され、2011年の燗酒コンテストで最高位の大賞を受賞。全国の老舗飲食店でも扱われてきた食中酒ラインの一つである。,個別沿革確認,https://shop.kamotsuru.jp/SHOP/tokutou1800.html,,,数量: 本 在庫: ○ 在庫 ○ 返品についての詳細はこちら 賀茂鶴酒造株式会社法人設立100周年記念キャンペーン「賀茂鶴 Instagram フォトコンテスト」の2017年11月受賞作品 しっかり楽しめる、日本酒の定番サイズ 容器サイズ 1.8L１本化粧箱入 サイズ：115×115×410（ｍｍ） （1.8L瓶サイズ：110×110×400（ｍｍ）） ふくよかな香りと程よいコク 伝統の特別本醸造酒 燗酒に最適。 | 広島県の豊かな自然に育まれた酒造好適米だけを吟味し、 丹念,2026-09-06
賀茂鶴酒造,賀茂鶴,生囲い純米,収録,,1873（明治6）年9月9日に命名。「賀茂」は地名と「醸す」に通じ、「鶴」は気高い瑞鳥を表し、品質日本一を目指す志を込めた。創業時から続く蔵の中核銘柄である。,2026-09-06時点で公式商品ページに現行品として掲載され、純米の設計で展開されている。,現行商品位置づけ,https://shop.kamotsuru.jp/SHOP/namakakoi-junmai720.html,,,"シーン コンテスト受賞酒 生囲い純米 720ml 価格: ¥1,298 (税込) [ポイント還元 12ポイント～] 販売期間： 包装形態をお選びください【必須】: のし紙をご選択の場合は、化粧箱にのし紙を貼り、その上から包装いたします。 | 数量: 本 在庫: ○ 在庫 ○ 返品についての詳細はこちら 冷蔵庫に収まるサイズ 容器サイズ 720ml １本入化粧箱 サイズ：83×83×301（ｍｍ） （720ml瓶サイズ：77×77×296（mm）） 米の旨味を生かした新鮮で爽や",2026-09-06
賀茂鶴酒造,賀茂鶴,生貯蔵酒 冷温「蔵生」囲い,収録,,1873（明治6）年9月9日に命名。「賀茂」は地名と「醸す」に通じ、「鶴」は気高い瑞鳥を表し、品質日本一を目指す志を込めた。創業時から続く蔵の中核銘柄である。,冷やして楽しむ生貯蔵酒として展開され、2020年「ワイングラスでおいしい日本酒アワード」メイン部門で金賞を受賞。生貯蔵酒のフレッシュさを前面に出す現行商品である。,個別沿革確認,https://shop.kamotsuru.jp/SHOP/kuranama1800.html,,,2019 年イギリスで開催された「ロンドン酒チャレンジ」普通酒部門で金賞に選ばれ、 2020年には「ワイングラスでおいしい日本酒アワード」アワードメイン部門金賞に選ばれました。,2026-09-06
賀茂鶴酒造,賀茂鶴,白壁の郷,収録,,1873（明治6）年9月9日に命名。「賀茂」は地名と「醸す」に通じ、「鶴」は気高い瑞鳥を表し、品質日本一を目指す志を込めた。創業時から続く蔵の中核銘柄である。,もち米を加える仕込みで独自の味わいを作っている。2026-09-06時点で公式商品ページに現行品として掲載され、普通酒・上撰の設計で展開されている。,現行商品位置づけ,https://shop.kamotsuru.jp/SHOP/sirakabe1800.html,,,数量: 本 在庫: ○ 在庫 ○ 返品についての詳細はこちら もち米を加えて仕上げた四段仕込 甘口の味わい 最も日本酒が消費されていた頃の濃醇旨口の味わいです。 | 全国燗酒コンテスト2025にて金賞受賞 2025年8月19日、お燗にして美味しいお酒を審査する「全国燗酒コンテスト2025」の審査結果が発表され、 「白壁の郷」がお値打ち熱燗部門（審査温度50℃～55℃）で金賞を受賞しました。 | 粒の揃った良質な酒米を使うことができるのは、地元農家の協力があるからこそ。 | ま,2026-09-06
賀茂鶴酒造,賀茂鶴,純米吟醸,収録,,1873（明治6）年9月9日に命名。「賀茂」は地名と「醸す」に通じ、「鶴」は気高い瑞鳥を表し、品質日本一を目指す志を込めた。創業時から続く蔵の中核銘柄である。,限定商品として展開される。2026-09-06時点で公式商品ページに現行品として掲載され、純米吟醸の設計で展開されている。,現行商品位置づけ,https://shop.kamotsuru.jp/SHOP/GP-A1.html,,,選択してください ご自宅用（包装なし・のしなし） 包装あり・のしなし のし：御祝×蝶結 のし：御祝×結切(婚礼関係) のし：御礼×蝶結 のし：御礼×結切(婚礼関係) のし：御中元 のし：御歳暮 のし：内祝×蝶結 のし：内祝×結切(婚礼関係) のし：御誕生日御祝 のし：新築御祝 のし：還暦御祝 のし：粗品×蝶結 のし：無地×蝶結 のし：無地×結切(婚礼関係) のし：御供×蓮のし(弔事) のし：御供×黄白(弔事) のし：志×蓮のし(弔事) のし：志×黄白(弔事) のし：その他 の,2026-09-06
賀茂鶴酒造,賀茂鶴,純米吟醸 一滴入魂,収録,,1873（明治6）年9月9日に命名。「賀茂」は地名と「醸す」に通じ、「鶴」は気高い瑞鳥を表し、品質日本一を目指す志を込めた。創業時から続く蔵の中核銘柄である。,2014年・2018年の「ワイングラスでおいしい日本酒アワード」金賞、2016年の全国燗酒コンテスト最高金賞などを受賞。2020年度にはANA国際線ビジネスクラスにも採用され、冷酒・燗双方で評価を重ねてきた。,個別沿革確認,https://shop.kamotsuru.jp/SHOP/itteki720.html,,,最高金賞をいただきました 純米吟醸「一滴入魂」は、「ワイングラスでおいしい日本酒アワード」で2014年と2018年にメインアワード部門で金賞に選ばれました。 | 2016年には温めて美味しい日本酒を専門家が選ぶ大会「全国燗酒コンテスト」プレミアム燗酒部門で最高金賞に選ばれました。 | そして、2025年にもプレミアム熱燗部門金賞にも選ばれています。 | また、この純米吟醸「一滴入魂」は、海外でも評価が高く、2019年 中国で開催された「SAKE-China」吟醸 / 純米吟醸,2026-09-06
賀茂鶴酒造,賀茂鶴,純米吟醸 五,収録,,1873（明治6）年9月9日に命名。「賀茂」は地名と「醸す」に通じ、「鶴」は気高い瑞鳥を表し、品質日本一を目指す志を込めた。創業時から続く蔵の中核銘柄である。,限定商品として展開される。2026-09-06時点で公式商品ページに現行品として掲載され、純米吟醸の設計で展開されている。,現行商品位置づけ,https://shop.kamotsuru.jp/SHOP/junmaiginjo-go.html,,,数量: 本 在庫: ○ 在庫 ○ 返品についての詳細はこちら 香り穏やかで旨味のある、食中酒に適した純米吟醸酒 原料に幻の酒米「広島錦」、「協会５号酵母（賀茂鶴酵母）」を用い醸しました。 | 賀茂鶴酒造発祥の「協会５号酵母」で醸した純米酒 明治時代に酵母がアルコールを造っていることが分かり、日本醸造協会が良質な酒を醸す銘醸蔵の酵母を純粋培養し、全国の酒蔵に配布するようになったのが協会酵母の始まりです。 | 賀茂鶴酵母の優秀性が認められ、５番目の「協会酵母」として各地の蔵に配布,2026-09-06
賀茂鶴酒造,賀茂鶴,純米大吟醸 大吟峰,収録,,1873（明治6）年9月9日に命名。「賀茂」は地名と「醸す」に通じ、「鶴」は気高い瑞鳥を表し、品質日本一を目指す志を込めた。創業時から続く蔵の中核銘柄である。,2026-09-06時点で公式商品ページに現行品として掲載され、純米大吟醸、使用米 山田錦100%、精米歩合 50％の設計で展開されている。,現行商品位置づけ,https://shop.kamotsuru.jp/SHOP/originalbottle_DK-B1.html,,,企業様の周年や新年のご挨拶、ご勇退の記念などビジネスシーンでもお使いいただけます。 | アルコール分：15度以上16度未満 原材料名：米(広島県産)、米こうじ(広島県産米) 精米歩合：50％ 原料米：山田錦 100% 酒米の王様「山田錦」 「山田錦」は、数ある酒造好適米の中でも、その品質、知名度、作付面積でトップを誇る品種で、「酒造好適米(酒米)の王様」とも呼ばれています。 | 2017年の雑誌「pen」でソムリエが選ぶおいしい日本酒として掲載され、 2020年には「ワイング,2026-09-06
賀茂鶴酒造,賀茂鶴,純米大吟醸 広島錦,収録,,1873（明治6）年9月9日に命名。「賀茂」は地名と「醸す」に通じ、「鶴」は気高い瑞鳥を表し、品質日本一を目指す志を込めた。創業時から続く蔵の中核銘柄である。,希少な酒米「広島錦」と賀茂鶴発祥の協会5号酵母を組み合わせた商品。2019年Kura Master日本酒コンクール純米大吟醸部門で金賞を受賞した。,個別沿革確認,https://shop.kamotsuru.jp/SHOP/HK-180.html,,,選択してください ご自宅用（包装なし・のしなし） 包装あり・のしなし のし：御祝×蝶結 のし：御祝×結切(婚礼関係) のし：御礼×蝶結 のし：御礼×結切(婚礼関係) のし：御中元 のし：御歳暮 のし：内祝×蝶結 のし：内祝×結切(婚礼関係) のし：御誕生日御祝 のし：新築御祝 のし：還暦御祝 のし：粗品×蝶結 のし：無地×蝶結 のし：無地×結切(婚礼関係) のし：御供×蓮のし(弔事) のし：御供×黄白(弔事) のし：志×蓮のし(弔事) のし：志×黄白(弔事) のし：その他 の,2026-09-06
賀茂鶴酒造,賀茂鶴,純米大吟醸 広島錦 精米歩合38% 超辛口,収録,,1873（明治6）年9月9日に命名。「賀茂」は地名と「醸す」に通じ、「鶴」は気高い瑞鳥を表し、品質日本一を目指す志を込めた。創業時から続く蔵の中核銘柄である。,限定商品として展開される。2026-09-06時点で公式商品ページに現行品として掲載され、純米大吟醸の設計で展開されている。,現行商品位置づけ,https://shop.kamotsuru.jp/SHOP/hiroshimanishiki38_karakuchi.html,,,他の商品も一緒にご注文の場合、この商品に合わせて出荷します。 | 選択してください ご自宅用（包装なし・のしなし） 包装あり・のしなし のし：御祝×蝶結 のし：御祝×結切(婚礼関係) のし：御礼×蝶結 のし：御礼×結切(婚礼関係) のし：御中元 のし：御歳暮 のし：内祝×蝶結 のし：内祝×結切(婚礼関係) のし：御誕生日御祝 のし：新築御祝 のし：還暦御祝 のし：粗品×蝶結 のし：無地×蝶結 のし：無地×結切(婚礼関係) のし：御供×蓮のし(弔事) のし：御供×黄白(弔事) ,2026-09-06
賀茂鶴酒造,賀茂鶴,純米大吟醸 広系酒33号,収録,,1873（明治6）年9月9日に命名。「賀茂」は地名と「醸す」に通じ、「鶴」は気高い瑞鳥を表し、品質日本一を目指す志を込めた。創業時から続く蔵の中核銘柄である。,蔵元限定で展開される。新しい酒米を採用した商品として開発されている。2026-09-06時点で公式商品ページに現行品として掲載され、純米大吟醸の設計で展開されている。,現行商品位置づけ,https://shop.kamotsuru.jp/SHOP/junmaidaiginjo-hirokei720.html,,,数量: 本 在庫: ○ 在庫 ○ 返品についての詳細はこちら 冷蔵庫に収まるサイズ 容器サイズ 720ml １本入化粧箱 サイズ：83×83×301（ｍｍ） （720ml瓶サイズ：77×77×296（mm）） 新しい酒米で醸した純米大吟醸 酒米「広系酒三十三号」を精米歩合50％まで磨き醸した純米大吟醸酒。 | 「広系酒三十三号」は広島県立総合技術研究所農業技術センターが開発した新しい酒米です。 | 【新規酒造好適米として申請中】 本数限定 ※見学室直売所と賀茂鶴メンバーズ会員,2026-09-06
賀茂鶴酒造,賀茂鶴,純米大吟醸 瑞兆賀茂鶴,収録,,1873（明治6）年9月9日に命名。「賀茂」は地名と「醸す」に通じ、「鶴」は気高い瑞鳥を表し、品質日本一を目指す志を込めた。創業時から続く蔵の中核銘柄である。,現代の名工・黄綬褒章受章者の幸田邦昭名誉杜氏の技を商品化し、2010年4月12日に販売を開始。当初は限定1000本として案内された純米大吟醸である。,個別沿革確認,https://shop.kamotsuru.jp/SHOP/zuicho720.html,,,他の商品も一緒にご注文の場合、この商品に合わせて出荷します。 | 選択してください ご自宅用（包装なし・のしなし） 包装あり・のしなし のし：御祝×蝶結 のし：御祝×結切(婚礼関係) のし：御礼×蝶結 のし：御礼×結切(婚礼関係) のし：御中元 のし：御歳暮 のし：内祝×蝶結 のし：内祝×結切(婚礼関係) のし：御誕生日御祝 のし：新築御祝 のし：還暦御祝 のし：粗品×蝶結 のし：無地×蝶結 のし：無地×結切(婚礼関係) のし：御供×蓮のし(弔事) のし：御供×黄白(弔事) ,2026-09-06
賀茂鶴酒造,賀茂鶴,純米酒,収録,,1873（明治6）年9月9日に命名。「賀茂」は地名と「醸す」に通じ、「鶴」は気高い瑞鳥を表し、品質日本一を目指す志を込めた。創業時から続く蔵の中核銘柄である。,料理に寄り添う爽快辛口の純米酒として長く定番ラインを担い、2025年「ワイングラスでおいしい日本酒アワード」メイン部門で金賞を受賞。冷酒・燗を問わない食中酒として現在も展開されている。,個別沿革確認,https://shop.kamotsuru.jp/SHOP/junmai1800.html,,,コンテストで金賞を受賞 16年目を迎える、「ワイングラスでおいしい日本酒アワード」。 | 254社から1091点のエントリーがあり、2025年メイン部門にて金賞を受賞しました。,2026-09-06
賀茂鶴酒造,賀茂鶴,純米酒 しぼりたて,収録,,1873（明治6）年9月9日に命名。「賀茂」は地名と「醸す」に通じ、「鶴」は気高い瑞鳥を表し、品質日本一を目指す志を込めた。創業時から続く蔵の中核銘柄である。,限定商品として展開される。しぼりたてという仕立てで通常品と区別される。2026-09-06時点で公式商品ページに現行品として掲載され、純米、精米歩合 65%の設計で展開されている。,現行商品位置づけ,https://shop.kamotsuru.jp/SHOP/346519/346479/list.html,,,心を込めて仕込んだ新酒を、その名の通り“しぼりたて”の状態で一度だけ火入れし、できたての風味をそのままお届けします。 | 醸した蔵・杜氏のご紹介 醸造は昨年に引き続き、四号蔵杜氏・中須賀玄治が担当。 | 四号蔵は、レギュラー酒を中心に、賀茂鶴ラインナップの多くを仕込む、最新の空調・機械設備を有した醸造蔵。 | 中須賀杜氏の他、若手醸造スタッフ中心に丹念に仕込みました。,2026-09-06
賀茂鶴酒造,賀茂鶴,純米酒 にごり酒,収録,,1873（明治6）年9月9日に命名。「賀茂」は地名と「醸す」に通じ、「鶴」は気高い瑞鳥を表し、品質日本一を目指す志を込めた。創業時から続く蔵の中核銘柄である。,にごりという仕立てで通常品と区別される。2026-09-06時点で公式商品ページに現行品として掲載され、純米の設計で展開されている。,現行商品位置づけ,https://shop.kamotsuru.jp/SHOP/346519/346502/list.html,,,賀茂鶴の杜氏おすすめの季節限定酒 友安総杜氏からのコメント「日本酒未経験の方にも、飲んでいただきたいです。,2026-09-06
賀茂鶴酒造,賀茂鶴,純米酒 ひやおろし,収録,,1873（明治6）年9月9日に命名。「賀茂」は地名と「醸す」に通じ、「鶴」は気高い瑞鳥を表し、品質日本一を目指す志を込めた。創業時から続く蔵の中核銘柄である。,限定商品として展開される。ひやおろしという仕立てで通常品と区別される。2026-09-06時点で公式商品ページに現行品として掲載され、純米の設計で展開されている。,現行商品位置づけ,https://shop.kamotsuru.jp/SHOP/hiyaoroshi720.html,,,数量: 本 在庫: ○ 在庫 ○ 返品についての詳細はこちら ※2026年は9月4日(金)より出荷開始予定 穏やかな香り、深い旨味の熟成した味わい 2026年、秋の季節限定酒「純米 ひやおろし」。 | トンボが舞い始める秋口に、ほどよい熟成を経た飲み頃の状態で出荷されます。 | 〈賀茂鶴酒造 二号蔵杜氏 椋田茂 醸造〉 広島県産「雄町」100％使用 お隣の岡山県で生まれた酒米「雄町（おまち）」は、「山田錦」「五百万石」「美山錦」と並ぶ4大酒造好適米のひとつ。 | 「『ひやおろ,2026-09-06
賀茂鶴酒造,賀茂鶴,花咲かじいさん 純米吟醸 萌えいぶき,収録,,1873（明治6）年9月9日に命名。「賀茂」は地名と「醸す」に通じ、「鶴」は気高い瑞鳥を表し、品質日本一を目指す志を込めた。創業時から続く蔵の中核銘柄である。,限定商品として展開される。2026-09-06時点で公式商品ページに現行品として掲載され、純米吟醸の設計で展開されている。,現行商品位置づけ,https://shop.kamotsuru.jp/SHOP/346441/346462/list.html,,,賀茂鶴の3人の杜氏が季節ごとの日本酒の味わいを醸します。,2026-09-06
賀茂鶴酒造,賀茂鶴,豊醇冷酒,収録,,1873（明治6）年9月9日に命名。「賀茂」は地名と「醸す」に通じ、「鶴」は気高い瑞鳥を表し、品質日本一を目指す志を込めた。創業時から続く蔵の中核銘柄である。,冷酒で楽しむことを前提に設計した賀茂鶴のやや甘口商品。公式直営店では「冷やして楽しむ日本酒」として普通酒群の中で独立して掲載され、300ml・720mlの冷酒向け定番として継続している。,個別沿革確認,https://shop.kamotsuru.jp/SHOP/346437/346505/list.html,,,豊醇冷酒 賀茂鶴酒造株式会社の直営ショッピングサイトです。日本酒はもちろん、梅酒やオリジナルグッズなど、新商品からギフト商品まで多数品揃えしております。,2026-09-06
賀茂鶴酒造,賀茂鶴,賀茂鶴 光壽,収録,,1873（明治6）年9月9日に命名。「賀茂」は地名と「醸す」に通じ、「鶴」は気高い瑞鳥を表し、品質日本一を目指す志を込めた。創業時から続く蔵の中核銘柄である。,瓶内二次発酵を採用している。2026-09-06時点で公式商品ページに現行品として掲載され、精米歩合 28%の設計で展開されている。,現行商品位置づけ,https://shop.kamotsuru.jp/SHOP/kouju750.html,,,他の商品も一緒にご注文の場合、この商品に合わせて出荷します。 | 選択してください ご自宅用（包装なし・のしなし） 包装あり・のしなし のし：御祝×蝶結 のし：御祝×結切(婚礼関係) のし：御礼×蝶結 のし：御礼×結切(婚礼関係) のし：御中元 のし：御歳暮 のし：内祝×蝶結 のし：内祝×結切(婚礼関係) のし：御誕生日御祝 のし：新築御祝 のし：還暦御祝 のし：粗品×蝶結 のし：無地×蝶結 のし：無地×結切(婚礼関係) のし：御供×蓮のし(弔事) のし：御供×黄白(弔事) ,2026-09-06
賀茂鶴酒造,賀茂鶴,金紋,収録,,1873（明治6）年9月9日に命名。「賀茂」は地名と「醸す」に通じ、「鶴」は気高い瑞鳥を表し、品質日本一を目指す志を込めた。創業時から続く蔵の中核銘柄である。,賀茂鶴の伝統的な酒造りを日常酒として伝える芳醇旨口の定番。公式直営店では冷酒・燗の両方に適する食中酒として継続販売され、上撰パックや樽酒とは別の瓶詰定番を担っている。,個別沿革確認,https://shop.kamotsuru.jp/SHOP/kinmon1800.html,,,数量: 本 在庫: ○ 在庫 ○ 返品についての詳細はこちら サイズ 1.8L１本化粧箱入 サイズ：115×115×410（ｍｍ） （1.8L瓶サイズ：110×110×400（ｍｍ）） 柔らかな口当たりで芳醇な味わい 原料米を吟味し、丹念に磨き、じっくりと伏流井水で仕込みました。 | 歴代の杜氏が醸し続けてきた味を守ることは、ただ同じ味を造り続けることではありません。,2026-09-06
賀茂鶴酒造,賀茂鶴,青冴え 2026 純米吟醸生原酒,収録,,1873（明治6）年9月9日に命名。「賀茂」は地名と「醸す」に通じ、「鶴」は気高い瑞鳥を表し、品質日本一を目指す志を込めた。創業時から続く蔵の中核銘柄である。,2026年銘柄として展開された純米吟醸生原酒。火入れをしない生原酒の鮮度を生かす年次・季節型の商品として、2026年の現行ラインに確認できる。,個別沿革確認,https://shop.kamotsuru.jp/SHOP/346441/346462/list.html,,,賀茂鶴の3人の杜氏が季節ごとの日本酒の味わいを醸します。,2026-09-06
賀茂鶴酒造,酒中在心,酒中在心 橙 純米吟醸 生もと 八反35号,収録,,賀茂鶴で長年受け継がれてきた「酒の中に心あり」という言葉をコンセプトに、創業150周年期に展開されたシリーズ。鶯・橙・藍・茜の4種で、米や製法の個性と造り手の思いを表現している。,蔵元限定で展開される。2026-09-06時点で公式商品ページに現行品として掲載され、純米吟醸、使用米 八反35号、精米歩合 60％の設計で展開されている。,現行商品位置づけ,https://shop.kamotsuru.jp/SHOP/shutyuzaishin-daidai_1800.html,,,その原点を大切にしながら、多様なお客様の好みに応える新たな挑戦として誕生したのが「酒中在心」シリーズです。 | 歴代の杜氏が受け継いできた技を守りつつ、さらに新しい味を追求。 | 途絶えていた伝統的な醸造法を復活させ、栽培が難しく長らく使われていなかった酒米も、農家の皆さまと協力して蘇らせました。 | また、あえて落ち着きのある香りをもつクラシカルな酵母を採用し、個性豊かな4種類の純米酒が生まれました。,2026-09-06
賀茂鶴酒造,酒中在心,酒中在心 茜 純米酒 広島錦,収録,,賀茂鶴で長年受け継がれてきた「酒の中に心あり」という言葉をコンセプトに、創業150周年期に展開されたシリーズ。鶯・橙・藍・茜の4種で、米や製法の個性と造り手の思いを表現している。,蔵元限定で展開される。2026-09-06時点で公式商品ページに現行品として掲載され、純米、使用米 広島錦100%、精米歩合 65％の設計で展開されている。,現行商品位置づけ,https://shop.kamotsuru.jp/SHOP/shutyuzaishin-akane_1800.html,,,「酒中在心」を醸す杜氏 二号蔵 杜氏 椋田 茂 1997年賀茂鶴酒造入社。 | 2013年二号蔵杜氏に就任し同年には日本酒造技術研究連盟にて1位を獲得。 | 【全国新酒鑑評会通算7回金賞受賞】（2026年1月現在） クラシカルでかつ現代的な味わい お客様の心に寄り添った新しい酒を目指しました。 | そのため、歴代の杜氏が積み重ねてきた技を大切に引き継ぎながらも、さらなる新しい味わいを求めて、途絶えていた昔ながらの醸造法にも取り組みました。,2026-09-06
賀茂鶴酒造,酒中在心,酒中在心 藍 特別純米酒 生もと 雄町,収録,,賀茂鶴で長年受け継がれてきた「酒の中に心あり」という言葉をコンセプトに、創業150周年期に展開されたシリーズ。鶯・橙・藍・茜の4種で、米や製法の個性と造り手の思いを表現している。,蔵元限定で展開される。2026-09-06時点で公式商品ページに現行品として掲載され、特別純米、使用米 雄町、精米歩合 60％の設計で展開されている。,現行商品位置づけ,https://shop.kamotsuru.jp/SHOP/shutyuzaishin-ai_1800.html,,,その原点を大切にしながら、多様なお客様の好みに応える新たな挑戦として誕生したのが「酒中在心」シリーズです。 | 歴代の杜氏が受け継いできた技を守りつつ、さらに新しい味を追求。 | 途絶えていた伝統的な醸造法を復活させ、栽培が難しく長らく使われていなかった酒米も、農家の皆さまと協力して蘇らせました。 | また、あえて落ち着きのある香りをもつクラシカルな酵母を採用し、個性豊かな4種類の純米酒が生まれました。,2026-09-06
賀茂鶴酒造,酒中在心,酒中在心 鶯 純米大吟醸 山田錦,収録,,賀茂鶴で長年受け継がれてきた「酒の中に心あり」という言葉をコンセプトに、創業150周年期に展開されたシリーズ。鶯・橙・藍・茜の4種で、米や製法の個性と造り手の思いを表現している。,蔵元限定で展開される。2026-09-06時点で公式商品ページに現行品として掲載され、純米大吟醸の設計で展開されている。,現行商品位置づけ,https://shop.kamotsuru.jp/SHOP/shutyuzaishin-uguisu_720.html,,,選択してください ご自宅用（包装なし・のしなし） 包装あり・のしなし のし：御祝×蝶結 のし：御祝×結切(婚礼関係) のし：御礼×蝶結 のし：御礼×結切(婚礼関係) のし：御中元 のし：御歳暮 のし：内祝×蝶結 のし：内祝×結切(婚礼関係) のし：御誕生日御祝 のし：新築御祝 のし：還暦御祝 のし：粗品×蝶結 のし：無地×蝶結 のし：無地×結切(婚礼関係) のし：御供×蓮のし(弔事) のし：御供×黄白(弔事) のし：志×蓮のし(弔事) のし：志×黄白(弔事) のし：その他 の,2026-09-06
金光酒造,桜吹雪,桜吹雪 特別純米うすにごり生,収録,,1880年の創業当時から使われた銘柄の一つで、当時の上位酒だった「桜吹雪」を主力ブランドとして育てた。2003年に「賀茂金秀」が始まった後も、季節商品などで銘柄が受け継がれている。,創業期から続く「桜吹雪」銘柄を現代の季節酒として受け継ぐ特別純米のうすにごり生。毎年2月中旬から販売される春向け限定商品として展開されている。,個別沿革確認,https://www.kamokin.com/line_up/Limited/limited.html,,,株式会社金光酒造Line Up Limited Message About Us Company Access Sake Making Sake Making Process Sake Rice Recent Awards Line Up Regular Limited Liqueur Shop List 北海道・東北地方 関東地方 中部地方 近畿地方 中国地方 九州地方 Gallery Symbol Mark Link Home | LineUp | Limited | L,2026-09-06
金光酒造,賀茂金秀,賀茂金秀 SUITOH,収録,,1994年の自動化を経て、個性ある酒造りへ戻るため2003年に社員蔵人による手造りへ転換した際に立ち上げたブランド。考えを共有する酒販店との直取引から全国出荷を始め、現在の金光酒造の中心銘柄となった。,蔵人・下川氏が自ら育てた米を使う限定酒として、毎年1月中旬から販売される季節商品。造り手が原料米の栽培にも関わる企画を賀茂金秀の限定ラインとして継続している。,個別沿革確認,https://www.kamokin.com/line_up/Limited/limited.html,,,株式会社金光酒造Line Up Limited Message About Us Company Access Sake Making Sake Making Process Sake Rice Recent Awards Line Up Regular Limited Liqueur Shop List 北海道・東北地方 関東地方 中部地方 近畿地方 中国地方 九州地方 Gallery Symbol Mark Link Home | LineUp | Limited | L,2026-09-06
金光酒造,賀茂金秀,賀茂金秀 特別純米,収録,,1994年の自動化を経て、個性ある酒造りへ戻るため2003年に社員蔵人による手造りへ転換した際に立ち上げたブランド。考えを共有する酒販店との直取引から全国出荷を始め、現在の金光酒造の中心銘柄となった。,2026-09-06時点で公式商品ページに現行品として掲載され、特別純米、使用米 赤磐雄町 / 八反錦、精米歩合 50% / 60%の設計で展開されている。,現行商品位置づけ,https://www.kamokin.com/line_up/regular.html,,,純米大吟醸35 原材料名／米（国産） 米こうじ（国産米） 使用米／兵庫県東条産山田錦 精米歩合／35％ アルコール分／16度 高品質の酒米を使用したバランスの良いプレミアムなお酒。,2026-09-06
金光酒造,賀茂金秀,賀茂金秀 特別純米 秋あがり,収録,,1994年の自動化を経て、個性ある酒造りへ戻るため2003年に社員蔵人による手造りへ転換した際に立ち上げたブランド。考えを共有する酒販店との直取引から全国出荷を始め、現在の金光酒造の中心銘柄となった。,定番の特別純米をひと夏熟成させた秋季派生商品として展開される「秋あがり」。新酒期の商品とは別に、熟成による丸みを秋に味わう季節ラインである。,個別沿革確認,https://www.kamokin.com/line_up/Limited/limited.html,,,株式会社金光酒造Line Up Limited Message About Us Company Access Sake Making Sake Making Process Sake Rice Recent Awards Line Up Regular Limited Liqueur Shop List 北海道・東北地方 関東地方 中部地方 近畿地方 中国地方 九州地方 Gallery Symbol Mark Link Home | LineUp | Limited | L,2026-09-06
金光酒造,賀茂金秀,賀茂金秀 特別純米13,収録,,1994年の自動化を経て、個性ある酒造りへ戻るため2003年に社員蔵人による手造りへ転換した際に立ち上げたブランド。考えを共有する酒販店との直取引から全国出荷を始め、現在の金光酒造の中心銘柄となった。,2026-09-06時点で現行の流通・商品ページに現行品として掲載され、特別純米、使用米 赤磐雄町 / 八反錦、精米歩合 50% / 60%の設計で展開されている。,現行商品位置づけ,https://j-s-p.or.jp/kuramoto/kanemitsu,,,JSPとは 記事一覧 特集 JSP 地酒情報 加盟蔵元一覧 TOP JSPとは 記事一覧 特集 JSP 地酒情報 加盟蔵元一覧 JSPトップ 加盟蔵元一覧 蔵元情報 金光酒造合資会社 創業1880年。 | 桜吹雪銘柄で低価格酒を中心に販売していたが、 2003年から「賀茂金秀」を立ち上げて、 純米酒を中心に「こころに残る おいしいを求めて」をキャッチフレーズに酒造に勤しんでいる。,2026-09-06
金光酒造,賀茂金秀,賀茂金秀 純米 お燗酒,収録,,1994年の自動化を経て、個性ある酒造りへ戻るため2003年に社員蔵人による手造りへ転換した際に立ち上げたブランド。考えを共有する酒販店との直取引から全国出荷を始め、現在の金光酒造の中心銘柄となった。,燗酒での飲用を主目的に設計した季節限定の純米酒。冷酒中心の商品とは別に、秋冬の温度帯で旨味を引き出すラインとして賀茂金秀の季節商品群を構成している。,個別沿革確認,https://www.kamokin.com/line_up/Limited/limited.html,,,株式会社金光酒造Line Up Limited Message About Us Company Access Sake Making Sake Making Process Sake Rice Recent Awards Line Up Regular Limited Liqueur Shop List 北海道・東北地方 関東地方 中部地方 近畿地方 中国地方 九州地方 Gallery Symbol Mark Link Home | LineUp | Limited | L,2026-09-06
金光酒造,賀茂金秀,賀茂金秀 純米しぼりたて生,収録,,1994年の自動化を経て、個性ある酒造りへ戻るため2003年に社員蔵人による手造りへ転換した際に立ち上げたブランド。考えを共有する酒販店との直取引から全国出荷を始め、現在の金光酒造の中心銘柄となった。,その酒造年度で最初に搾る純米新酒として位置づけられ、毎年11月下旬から販売されるしぼりたて生酒。賀茂金秀の新酒シーズンを告げる限定商品である。,個別沿革確認,https://www.kamokin.com/line_up/Limited/limited.html,,,株式会社金光酒造Line Up Limited Message About Us Company Access Sake Making Sake Making Process Sake Rice Recent Awards Line Up Regular Limited Liqueur Shop List 北海道・東北地方 関東地方 中部地方 近畿地方 中国地方 九州地方 Gallery Symbol Mark Link Home | LineUp | Limited | L,2026-09-06
金光酒造,賀茂金秀,賀茂金秀 純米吟醸 愛山,収録,,1994年の自動化を経て、個性ある酒造りへ戻るため2003年に社員蔵人による手造りへ転換した際に立ち上げたブランド。考えを共有する酒販店との直取引から全国出荷を始め、現在の金光酒造の中心銘柄となった。,酒米・愛山を使う限定純米吟醸として毎年10月中旬から販売される秋季商品。定番の雄町純米吟醸とは異なる酒米の個性を季節限定で表現するラインである。,個別沿革確認,https://www.kamokin.com/line_up/Limited/limited.html,,,株式会社金光酒造Line Up Limited Message About Us Company Access Sake Making Sake Making Process Sake Rice Recent Awards Line Up Regular Limited Liqueur Shop List 北海道・東北地方 関東地方 中部地方 近畿地方 中国地方 九州地方 Gallery Symbol Mark Link Home | LineUp | Limited | L,2026-09-06
金光酒造,賀茂金秀,賀茂金秀 純米吟醸 雄町,収録,,1994年の自動化を経て、個性ある酒造りへ戻るため2003年に社員蔵人による手造りへ転換した際に立ち上げたブランド。考えを共有する酒販店との直取引から全国出荷を始め、現在の金光酒造の中心銘柄となった。,2026-09-06時点で公式商品ページに現行品として掲載され、純米吟醸、使用米 麹米：赤磐雄町 / 掛米：雄町、精米歩合 50%の設計で展開されている。,現行商品位置づけ,https://www.kamokin.com/line_up/regular.html,,,純米大吟醸35 原材料名／米（国産） 米こうじ（国産米） 使用米／兵庫県東条産山田錦 精米歩合／35％ アルコール分／16度 高品質の酒米を使用したバランスの良いプレミアムなお酒。,2026-09-06
金光酒造,賀茂金秀,賀茂金秀 純米大吟醸35,収録,,1994年の自動化を経て、個性ある酒造りへ戻るため2003年に社員蔵人による手造りへ転換した際に立ち上げたブランド。考えを共有する酒販店との直取引から全国出荷を始め、現在の金光酒造の中心銘柄となった。,2026-09-06時点で公式商品ページに現行品として掲載され、純米大吟醸、使用米 東条産山田錦、精米歩合 35%の設計で展開されている。,現行商品位置づけ,https://www.kamokin.com/line_up/regular.html,,,純米大吟醸35 原材料名／米（国産） 米こうじ（国産米） 使用米／兵庫県東条産山田錦 精米歩合／35％ アルコール分／16度 高品質の酒米を使用したバランスの良いプレミアムなお酒。,2026-09-06
金光酒造,賀茂金秀,賀茂金秀 純米大吟醸40,収録,,1994年の自動化を経て、個性ある酒造りへ戻るため2003年に社員蔵人による手造りへ転換した際に立ち上げたブランド。考えを共有する酒販店との直取引から全国出荷を始め、現在の金光酒造の中心銘柄となった。,2026-09-06時点で公式商品ページに現行品として掲載され、純米大吟醸、使用米 千本錦、精米歩合 40%の設計で展開されている。,現行商品位置づけ,https://www.kamokin.com/line_up/regular.html,,,純米大吟醸35 原材料名／米（国産） 米こうじ（国産米） 使用米／兵庫県東条産山田錦 精米歩合／35％ アルコール分／16度 高品質の酒米を使用したバランスの良いプレミアムなお酒。,2026-09-06
金光酒造,賀茂金秀,賀茂金秀 辛口夏純,収録,,1994年の自動化を経て、個性ある酒造りへ戻るため2003年に社員蔵人による手造りへ転換した際に立ち上げたブランド。考えを共有する酒販店との直取引から全国出荷を始め、現在の金光酒造の中心銘柄となった。,夏向けの辛口純米として季節限定で展開される商品。賀茂金秀の定番辛口系を暑い時期の飲用に合わせた軽快な夏酒として現行ラインに組み込まれている。,個別沿革確認,https://www.kamokin.com/line_up/Limited/limited.html,,,株式会社金光酒造Line Up Limited Message About Us Company Access Sake Making Sake Making Process Sake Rice Recent Awards Line Up Regular Limited Liqueur Shop List 北海道・東北地方 関東地方 中部地方 近畿地方 中国地方 九州地方 Gallery Symbol Mark Link Home | LineUp | Limited | L,2026-09-06
金光酒造,賀茂金秀,賀茂金秀 辛口特別純米,収録,,1994年の自動化を経て、個性ある酒造りへ戻るため2003年に社員蔵人による手造りへ転換した際に立ち上げたブランド。考えを共有する酒販店との直取引から全国出荷を始め、現在の金光酒造の中心銘柄となった。,2026-09-06時点で公式商品ページに現行品として掲載され、特別純米、使用米 赤磐雄町 / 八反錦、精米歩合 50% / 60%の設計で展開されている。,現行商品位置づけ,https://www.kamokin.com/line_up/regular.html,,,純米大吟醸35 原材料名／米（国産） 米こうじ（国産米） 使用米／兵庫県東条産山田錦 精米歩合／35％ アルコール分／16度 高品質の酒米を使用したバランスの良いプレミアムなお酒。,2026-09-06
金光酒造,賀茂金秀,賀茂金秀 麗酸 雄町60,収録,,1994年の自動化を経て、個性ある酒造りへ戻るため2003年に社員蔵人による手造りへ転換した際に立ち上げたブランド。考えを共有する酒販店との直取引から全国出荷を始め、現在の金光酒造の中心銘柄となった。,雄町を60%まで磨き、リンゴ酸を多く生み出す酵母を使って酸を主役に設計した限定酒。毎年7月下旬から販売される夏後半の季節商品として展開されている。,個別沿革確認,https://www.kamokin.com/line_up/Limited/limited.html,,,株式会社金光酒造Line Up Limited Message About Us Company Access Sake Making Sake Making Process Sake Rice Recent Awards Line Up Regular Limited Liqueur Shop List 北海道・東北地方 関東地方 中部地方 近畿地方 中国地方 九州地方 Gallery Symbol Mark Link Home | LineUp | Limited | L,2026-09-06
